sigOBS,sigPRO,muS2S1,muEI1,muI1S2,muI2S2,betaOUT,rho,tau,bH,q0,b1,b2,b3,b4,b5,b6,delta,S1_0,E_0,I1_0,S2_0,I2_0,K_0,F_0,alpha,sample,loglik,loglik.se,flag
0.3128453403056947,0.15168635929577998,0.15097122656737144,11.17622978854514,22.370720530077108,5.565518034701879,3.119610552932156e-5,0.01041794324192038,0.13502196110161868,1.6933460860543772,0.9523173727168543,-4.186779,3.5754272826046485,1.1683526450650978,7.743269391635179,-5.315663185253469,1.062986299627118,0.02,0.24289299324955027,0.00245839531960006,0.14568152950571006,0.37414762287590825,0.2348194590492314,0.03651436103070366,0.9384165619596332,0.9939021291867608,1,-1300.2032013573205,0.7333037149023486,1
0.2857214139398253,0.13546994794637396,3.1865217138767785,33.169883415758456,18.877629829270784,4.315803739782638,1.3470677562806038e-4,0.01458473091663074,0.1798666429470333,0.9280958390902868,0.48117581772651263,-4.186779,2.1793030496436985,0.5994423494203455,6.232852122117201,-3.040206779973583,-1.9769511182484087,0.02,0.3774619871698477,0.0038799902284098,0.13873891411084552,0.4137144198458497,0.06620468864504714,0.05053623414152559,0.2147307656200411,0.7460340108777966,2,-1309.681085409798,0.5537786496362811,1
0.08278905240213061,0.06920378669621102,0.26994480830017,145.92442621077794,52.89972119262227,11.02193892909223,1.438195529840463e-4,0.01240972834460428,0.02172583039815123,0.6900944740415081,0.9747157454069106,0.7516994,1.0599269253024075,1.7175138908762393,3.2296520390955656,2.047477252435653,2.1872396304753834,0.02,0.11147865109278572,0.00214914399181681,0.05011922814017291,0.7038228471417334,0.13243012963349113,0.0291598137908062,0.5127967965714924,0.7974134115937499,9901,-1258.9707249288572,0.9987392130124092,1
0.12995490481208727,0.12600091189077495,0.08836762971994803,77.19866394452261,53.660064976416,7.393698743977077,2.8244822931114687e-5,0.02862584758185349,0.06865080216752915,0.723319045548157,0.61577151743061,0.7516994,0.7135618778857069,2.0334986871315466,4.137522408664823,2.312270785598183,1.234549258973643,0.02,0.10114427511315834,0.00198749140362839,0.10168095096221562,0.7231356937514635,0.07205158876953413,0.02846009761370652,0.35880921945821653,0.8657898047241785,9902,-1263.962988082097,0.3621050434404719,1
0.2730298998486629,0.1762216492594481,0.05011064565614018,25.975279941004384,13.041162004984052,5.185353877562776,5.325689038021384e-6,0.04477454456931137,0.17180050649397857,0.09330625992366708,0.739741409177627,-3.6879427979797974,1.0294917568218134,0.6889532000099697,6.899024094437025,-3.930225962447683,-0.629702130878774,0.02,0.21780654241672984,0.002012709336953,0.3123090833330912,0.3565059650776818,0.111365699835544,0.01422381325023639,0.2090904145716368,0.8249081123955568,1001,-1290.183958927271,0.30014800633582733,1
0.2969520616541062,0.15527751466788292,0.01416729167606494,50.218392723033595,38.38829441521745,14.577482792387402,1.3582991406915763e-5,0.02091815447083596,0.1886732657722729,-0.38923709450179034,0.8700835831540228,-3.6879427979797974,4.293259197070251,2.169014194762385,8.194593906816541,-2.4142927660179625,0.5462907867283969,0.02,0.4711734891226175,0.0014366327650129,0.03030215989390626,0.425164789854696,0.07192292836376737,0.04356180241255793,0.23372132124280048,0.9211421486322746,1002,-1296.9345913245916,0.2224142616422047,1
0.24976658695902385,0.23094449530360137,0.17312216514196227,21.55279288345668,9.421522885482537,2.5935303058818127,3.0611209836719285e-5,0.02414417931396123,0.16611609357561058,-0.5317410621361872,0.7827672963366481,-3.6879427979797974,0.7531966252250021,-1.4600123112448402,8.067680096584727,-4.58287977644489,-1.0963517148337816,0.02,0.23884175974021396,8.53996199932188e-4,0.17430536179096626,0.315756127147076,0.2702427551218116,0.08595574894092796,0.2822333881282177,0.8035473457038987,1003,-1289.9663510246353,0.2923427797001177,1
0.30298462590043135,0.15158824643800672,0.4932248579122454,67.2409046187773,62.9265647605983,6.256720563829118,4.317319550852639e-5,0.02122569806871609,0.1831563473490838,0.5501205733339309,0.7328324715799097,-3.6879427979797974,0.7246190483697996,-0.4619795114300481,5.899244414640582,-2.687894592167909,-2.6276838912605935,0.02,0.05531825145971097,0.00132136032397665,0.271562135731572,0.37210450981328885,0.2996937426714516,0.05712243611975409,1.2281809556579812,0.6252622985337156,1004,-1293.0878345524904,0.1987363705971769,1
0.2848915846202218,0.1416997660580794,0.7500581178047561,72.64449951084268,59.07684875442618,11.48823916643524,7.013769428576126e-6,0.02217210478254473,0.17540284219184055,0.7153938478217281,0.6508164600660724,-3.6879427979797974,3.957585373483304,1.6123021513897,6.308907089816729,-1.0858555403726335,-1.5902565872142918,0.02,0.20751957681663025,0.00227201724306306,0.21006938159979663,0.40536670755517346,0.17477231678533645,0.02845606328698479,0.40004445114011605,0.7806562146397135,1005,-1304.6342779801569,0.5501904529278715,1
0.291263702569021,0.13686955090973874,0.7906640587858795,42.3144970083196,46.472010423664166,183.92122826759697,5.196850328860525e-5,0.02918930794950443,0.189586938575049,-0.4848947028216522,0.9383070001857212,-3.6879427979797974,5.1672245227257285,3.8208058560152502,8.491702043060801,-1.0926676519387375,-1.438072079396421,0.02,0.0845717301662067,0.00131013048689017,0.2715025707446532,0.5375419706381908,0.10507359796405916,0.02228660480126518,0.6278552705300887,0.9440163385546944,1006,-1300.8822454901674,0.2731935751043409,1
0.25244428781517836,0.2202018478935082,0.0147569294058562,19.468741924699096,10.737656394592298,3.5137479478670817,6.411313948326266e-7,0.02703099817398387,0.15927472874544676,0.27469067021937643,0.9771857611463493,-3.6380591777777775,1.6296516660827352,0.15297282572051715,7.280091383071034,-2.9910882271323582,-0.18674552505820952,0.02,0.21837530675404349,0.00197841888369391,0.3671275201442873,0.24411387755484124,0.16840487666313403,0.01226275430148064,0.30563347113856926,0.98613027909872,1101,-1283.7886429951857,0.3072928196195526,1
0.1929606911048115,0.19670562712357692,0.11463815717858893,480.7429957180763,51.93212789851238,1.0647065889052143,2.0214004696392923e-4,0.01918854259415123,0.1123547214380613,1.6193933618877208,0.858713195899157,-3.538291937373737,-0.07777158418368259,-1.8856225830648383,3.2681710647710553,0.8403270749975772,1.1368428582228909,0.02,0.34678154390870414,0.00116244962353435,0.10496994773170792,0.2842837424514607,0.2628023162845929,0.02544224160536816,0.356141225891837,0.9594870593158368,1301,-1274.3978832781324,0.3749114506884565,1
0.24920763080089012,0.19544041964287068,0.00129871626625462,31.605944076784553,36.002383058746894,11.715887178596914,9.297388245375172e-7,0.0312426450039887,0.15553416758677113,-0.2503676963453831,0.9854407420035938,-3.538291937373737,2.804790216689701,0.8967794980639437,6.356172194925074,-1.829027535157284,0.3485472923653313,0.02,0.5029514074859793,9.45689678298784e-4,0.06083439579617453,0.29953647685451673,0.13573203018503052,0.0315943412999433,0.10059250069439116,0.7812101278974297,1302,-1294.057042375333,0.35014589886599484,1
0.17843949836875458,0.2140446549470321,2.4628619145174597,43.464465041124896,3.979431030066797,17.03062667381285,1.7803482742419805e-5,0.0298619993213367,0.11198274015354263,0.44819847764816334,0.9944737115497052,-3.538291937373737,0.39155936393051016,-0.3040399579833811,5.0467855573410025,-0.03203911951277435,0.7529410506261014,0.02,0.09004375933744113,4.1829637527162234e-4,0.06278134064365792,0.5797134721072139,0.2670431315364154,0.05822306591478149,0.3835841861350414,0.9506655281160914,1303,-1276.7041497629791,0.27831406202653547,1
0.2492219819585171,0.22466671527752527,0.01009245441283056,18.546638676504255,15.611764167232936,3.219883972155813,2.604041312340518e-4,0.02446886641545017,0.1680742184846094,0.18854121446285088,0.8789753528515062,-3.538291937373737,1.192836397443657,-0.5221262662392977,6.84725889907059,-3.904200169599667,-1.9699912080168471,0.02,0.15133998731068857,0.00288115841994913,0.3134916417805485,0.3037114396402441,0.22857577284856972,0.03740749123666134,0.48534640041626415,0.8719146096186522,1304,-1289.8926842273008,1.1716103874111927,1
0.2824309044870113,0.18155154467047652,0.00346102526885951,9.209097425415669,4.691365982480576,1.262399759093874,5.406111515489486e-5,0.03901173689556768,0.1248346511604952,0.01024504935174142,0.124313628784794,-3.538291937373737,2.392872060409487,-0.12895125336325777,8.27571983948776,-4.264219583650676,-3.693994911417562,0.02,0.14797350005325122,0.00224681162537624,0.22128485535429476,0.5028998860313781,0.12559494693569975,0.00728196625767451,0.3635462493909197,0.998225080685828,1305,-1292.8992542879064,0.2088487443064876,1
0.18549938928903537,0.20224127380553028,0.02103821634387784,55.13658452462671,2.970471827717317,2.0539540126373774,6.086346115739648e-5,0.02928983981224942,0.10327182134017474,1.3997153108218503,0.9019425544997864,-3.488408317171717,0.29533471113671805,-1.3708599205616403,3.594630316769885,0.6839933635736347,0.5151211579284026,0.02,0.2960760014307597,7.931507595632388e-4,0.1953720376188879,0.4073822328727588,0.10037657731803042,0.006788907152644,0.2186483886535259,0.9927854382273844,1401,-1280.0397410508592,0.2876931460562178,1
0.23961916454954743,0.18455620256098088,0.00253851241238789,46.9251496789194,38.505540078999005,8.44469972344592,3.497197600403877e-5,0.02335081227703391,0.14727655259091746,0.1797852117096209,0.9697043842063644,-3.488408317171717,1.7405382868923054,1.3843566704848154,6.181348660618496,-0.6389521622643788,0.8357672757115432,0.02,0.28616843986268287,0.00214413565503229,0.10870376152693206,0.5075645959694938,0.09541906698585896,0.065461717756031,0.4162494799071521,0.8565437551328337,1402,-1290.076560606695,0.3258311879261634,1
0.25676232725914283,0.21022808716326585,6.923725724775208e-4,15.69718606946289,3.38595007028159,2.789518100831912,5.5248493897273885e-5,0.02353763768936823,0.12446290682946018,-0.6042549864030611,0.9931669791914448,-3.488408317171717,0.03168704435898124,-0.26202181892422644,5.872175281018562,-1.2709190386328642,-0.5730536268361313,0.02,0.4326884912470802,0.00356012592563177,0.13136573419500625,0.35332194561298497,0.07906370301929672,0.03538619847298211,0.28199453184357454,0.9487386248318476,1403,-1286.701556286317,0.4679568208079509,1
0.26156304618776466,0.21414545725462544,0.26482197882088215,18.36824578121013,8.80995416277943,5.089253964384336,2.878310473920521e-4,0.01517399946152582,0.14647663281053885,0.1804140330610285,0.6808724116101563,-3.488408317171717,0.8752741921932572,1.8129149913973477,6.858475216058481,-2.6592029102751953,0.7548454412353944,0.02,0.4704666564671599,0.00221450219401258,0.10808000398747972,0.2082119288729355,0.2110269084784124,0.02288156622717797,0.2388672958469255,0.8911690694452133,1404,-1291.3017257887325,0.442141706033983,1
0.25938836689079975,0.24493912056147452,0.01744631517630835,19.831865591998547,1.7816447516745133,7.724597142831422,1.3633556390171569e-5,0.01521292075733123,0.1463995385937431,0.7524358053827075,0.5767336570973559,-3.4385246969696968,0.7182742148431279,1.0717292666084242,5.429532385064847,-0.10493391231607777,-0.5719606634703981,0.02,0.32916751970541874,0.00159434358702357,0.22666801134914097,0.2830126567015029,0.1595574686569139,0.02131292711683099,0.3855902927378805,0.9940772711087272,1501,-1290.1981475368775,0.3479274062851701,1
0.24154937213292915,0.1657728115349975,0.5491301672612058,74.37425300389367,193.76778879841183,9.702108278765422,2.241150268141833e-6,0.01814025102557531,0.1539526249525928,1.144309294988432,0.9814568992168408,-3.4385246969696968,1.5996735582142452,0.8534663200442593,5.298490339426604,-0.21923895286286263,0.5329129924091963,0.02,0.1595896660561894,0.00214981068358343,0.142092357123827,0.24879531099371116,0.447372855142689,0.03394497889012819,0.671036057274764,0.662896454461302,1502,-1281.8129458454855,0.7877663019215663,1
0.2569051405116665,0.16671795576567944,0.05756364035054511,24.681049421598157,24.54016102241941,5.701084636668304,3.1442630884113764e-5,0.02697278263364143,0.1516432625012546,0.08623351613770547,0.9825492139024614,-3.4385246969696968,1.5523439860417074,0.2949013149858053,6.42718482761474,-2.0083460862644,-0.95244446101257,0.02,0.2120284905032332,0.00119563863710021,0.38008602666371766,0.22377691280529455,0.1829129313906543,0.02390823160377325,0.2960238770052358,0.8060839398766588,1503,-1288.6410043593237,0.165265590730536,1
0.28593778737765724,0.2021535466528201,0.0030510746239068,46.05515945679293,12.362560958241469,13.099124778240618,1.8234639158921023e-5,0.01964139260675572,0.19971908788141263,-0.7811425779395876,0.9997857751797216,-3.4385246969696968,3.827291922245101,1.7187877328709291,9.823324461943864,-5.0158476750506695,-5.334273230557269,0.02,0.3240273420887406,0.0016487452760784,0.2464447336267268,0.25652347871796916,0.17135570029048502,0.02208548636628029,0.2601668273211968,0.9739200101905529,1504,-1299.9738443554836,0.1673688788157641,1
0.29158180672318507,0.12603664958765629,0.7670041055693592,190.84561390821912,35.78627959263372,13.546940047541192,2.7191420785956604e-4,0.01269638487070535,0.1658702413176081,-0.06155427023982003,0.9707759506065888,-3.4385246969696968,1.9201091634145055,2.78927336198906,4.704805729815034,1.332860031070434,-0.3196578422285535,0.02,0.2921517931425685,5.335608105382482e-4,0.15991485391015672,0.2730687903610163,0.27433100177572023,0.014235414516426,0.5892210675043201,0.7720758594361601,1505,-1301.2538969169095,0.3600853563526143,1
0.24715356491415097,0.17506941540143495,0.00488872687452664,64.79489614040513,1.7915999445578212,9.075600004825636,2.0380634975426553e-5,0.0139097212798291,0.1598735800670923,1.899905584066304,0.9634920447651768,-3.3886410767676765,0.8761012159788603,-0.385077358738482,4.619020694839916,0.6666074309253414,-1.3856768827498391,0.02,0.6095190126137402,0.00145410849497257,0.12314406857848718,0.2381194373278325,0.02776337298496753,0.01200816233147122,0.31079941941470396,0.974992290232721,1601,-1278.817837559854,0.1931078311211689,1
0.2768677832325859,0.12683590229839994,1.1514902481413298,28.1387669129348,313.3273974134897,12.049432965989466,7.581750747855448e-5,0.02141022764322151,0.16094137327318736,1.0782576796336578,0.9492473051557824,-3.3886410767676765,1.338823824687613,1.2683709348085153,4.641427538007949,-1.0113529522477194,-0.4387667208747042,0.02,0.16790103454550248,0.00130994601317803,0.32167408050220353,0.4072799788945789,0.10183496004453704,0.01376357255893443,0.39494993128226513,0.5787473461712638,1602,-1302.4256917211098,0.5319461571374028,1
0.34576443390902395,0.0995256854921398,0.00451874615667228,66.41565699899897,20.008718271329418,63.575624177884066,7.180194655495532e-5,0.01648541974024464,0.1844606250359287,1.0252373445677134,0.4993451286672312,-3.3886410767676765,5.369837500078186,3.096549262680355,7.235445252296723,0.4583682001855814,-2.6579010362457685,0.02,0.4599127810814389,7.885830311451663e-4,0.07997136216787973,0.15340872148393378,0.30591855223560244,0.02060467168244914,0.3826244034294713,0.8997697629004923,1603,-1302.5419389591189,0.3869022835595984,1
0.24852208702683096,0.19336091623483803,0.5143877458272669,37.2450144730057,82.95513649388295,2.52740206306594,1.779640912710327e-4,0.01078564676239923,0.1809733354365804,0.555031789802986,0.9075549908110028,-3.338757456565656,-0.2479533665288819,-0.5623252675885578,5.3783344975374465,-2.3550115249775803,-2.816913517416565,0.02,0.2569518984854579,0.00232612308186127,0.14818860244659757,0.2383597086290012,0.35417366735708206,0.02407927724933861,0.7891575822607702,0.6608317244831958,1701,-1284.5836509124083,0.19660068453716584,1
0.2855194597390079,0.2336662633535642,0.01002980824698844,344.7686314154426,13.033529786344747,12.206821300520208,2.5837083707131403e-6,0.01546110957855707,0.178487690217898,-1.1871144366884898,0.9032896895304916,-3.338757456565656,2.8732076529682855,1.3544441947896757,7.584388284353132,0.3453679956003908,-1.915798320118288,0.02,0.3706383935614666,0.00201339965550631,0.24676794000559027,0.08201584171839077,0.298564425059046,0.02051914094596218,0.5871165196305904,0.8723841105636482,1702,-1303.3568208856354,0.15585435923551266,1
0.17501011904980474,0.2164421259945112,5.598860331202911e-4,59.346665164139466,32.13519809312724,2.6874170160079087,1.032654264857822e-4,0.03796429021908762,0.12131508483281445,0.4311091247436249,0.7658273515091172,-3.288873836363636,0.0482579800402722,-0.5156992205499831,4.550154097820995,0.24261369013104447,0.8409588025470562,0.02,0.21122306772759436,0.00137684023230771,0.2376707694328089,0.39518784353897785,0.15454147906831123,0.09491553484859998,0.2366679917470172,0.8781765608301751,1801,-1276.3937981187553,0.4111432902112992,1
0.2609584538128917,0.12673029140369227,0.01942720518062201,110.60996206518293,13.193678181636423,17.185328604596833,8.947284384145041e-5,0.01986811126060264,0.17329768183551603,0.3696799976071142,0.8772895053360034,-3.288873836363636,3.949266008277225,1.57845719914835,7.673924900752479,-0.5855050789422692,-0.6673951469337606,0.02,0.202248682735631,0.00199228685143704,0.18703646159737455,0.2579911116898311,0.35073145712572634,0.02318038611886431,0.663865408379072,0.9454464141837742,1802,-1309.8328623146149,0.65574131292006,1
0.26211561147573853,0.18650301146262924,0.28427228514124514,39.889643824311925,38.56885688557102,3.67310215939395,2.5765197710762497e-5,0.02125499689356084,0.1764194659413277,0.6274142991432883,0.6508082422498879,-4.13689537979798,0.5129314849610275,-1.0541172568670747,5.777406899526946,-2.8949102121321535,-2.66415865910791,0.02,0.21353139138928093,0.00264927618989759,0.09757703809878476,0.33577969806710656,0.35046259625493015,0.07365487329804092,0.38062167095752497,0.6451341368090279,101,-1287.3268998199164,0.28587504036406963,1
0.3129180653496313,0.10597581240064684,0.2104146369054566,20.83701952010105,64.11191801035969,5.571226695256917,2.198316071223841e-5,0.04259511420749525,0.1743363424915585,1.9317734748864663,0.9171737781681822,-4.13689537979798,1.1542866894381114,-0.522879574301183,5.778459026974833,-5.582587282923737,-0.8396489872580902,0.02,0.09913685317515858,9.491684043701532e-4,0.16672929257960334,0.691326346468688,0.04185833937218006,0.05863784458628991,0.4084359824810369,0.67569394302956165,102,-1289.4079826856598,0.609415051021037,1
0.23466188547954264,0.19913108428704585,0.10386840260866964,39.74928918823535,9.067935870639513,2.531884941393633,2.9366051710309012e-6,0.01871993313563488,0.16594143047492424,0.6066113845805937,0.9090180920285852,-4.13689537979798,1.2652056367942357,-0.2811614768416257,6.086423736978505,-0.9527308216507404,-1.2997871598614834,0.02,0.15538167786198434,7.562714375519078e-4,0.0977284280368436,0.6398338633647426,0.1062997592988775,0.02904860461516319,0.9376309932565888,0.9648816975410548,103,-1282.7493403598553,0.2489564522368949,1
0.36384848057146657,0.04856185312599792,0.45996885960584927,370.7320609379683,14.205604748259418,19.593054672086595,5.284426241264295e-5,0.02461601752363318,0.18674789177445392,0.25658740676044073,0.9983528577573774,-4.13689537979798,2.9689302062650715,2.2549422582532803,7.147817668914049,-0.6782812870791178,-1.6143876153305181,0.02,0.15295999224523232,0.00104122507478791,0.12289756003965598,0.1927209594662365,0.5303802631740874,0.01223716003179936,0.6889425046535239,0.9494438263549514,104,-1320.876474206571,0.6099737539837241,1
0.17050569807707677,0.236365356775104,0.5325411995073064,14.009093400852825,15.044981661189318,0.6196562971112062,3.3311202240640946e-4,0.01429542567024818,0.07409558562927775,0.00961976259801685,0.9966008298118249,-3.238990216161616,-1.349733009263428,-1.7504266289460264,4.120979058103642,-0.7429827151062867,-0.59909899277716006,0.02,0.4008127872008547,8.896968401557147e-4,0.3279815843664016,0.11251819616592704,0.15779773542666087,0.01607616393227365,0.6701551770023729,0.767416006573099,1901,-1275.5965590900005,0.39593608134430736,1
0.26938278605632765,0.1888858491289497,0.1311751597302624,23.387543306380387,66.22482133849007,1.335384842580544,9.057420923964834e-5,0.01594766225104401,0.17446243670931166,0.8226158286424005,0.8658576089044376,-3.238990216161616,0.3019516322689683,-0.3385256924580681,5.357345735616838,-2.1147619732060368,-3.933544239855708,0.02,0.26111921337908506,0.00356515211187372,0.09483030466587172,0.4414308653480023,0.19905446449516703,0.01542532495400733,0.4527474703946403,0.9940872241863792,1902,-1283.297706529013,0.2184319973451316,1
0.25751804820961155,0.14847207961123304,0.15253481683269476,121.2524236695558,60.30948371442837,4.721105728211736,3.2553381385336945e-5,0.0300815284541349,0.17713909183686496,-0.9109817343956624,0.5785444311573519,-3.238990216161616,1.1194060523027836,0.22625026438481116,6.375279469823998,0.3851830232901308,-5.6258734848713,0.02,0.3051637268037371,0.0014655386428772,0.13284387543117415,0.41301440551496943,0.1475124536072422,0.02861814917267064,0.21042812485531112,0.7444480101373976,1903,-1294.5659311102008,0.5919732652381395,1
0.2805234142856964,0.25451660283270683,0.00991743240525637,10.53494754618626,3.873355998071056,154.25551347659308,1.0313609316812172e-4,0.02730434109202853,0.12994599775674562,-0.00611078189804684,0.05391691202072919,-3.238990216161616,-0.26404387445077626,0.04522671022545328,5.819085838180458,-2.820134512816928,-4.772614949176132,0.02,0.49034763938252474,0.00331449534720363,0.07677054623722271,0.25255895620444124,0.17700836282860777,0.03245263222246911,0.21260291371775955,0.7206701115930009,1904,-1298.77782252643,0.1794497834770402,1
0.26149265326205334,0.1995144113206059,0.5403886315531005,39.188875854080614,103.49416681759568,43.484594170749816,5.460681176409717e-6,0.03308163814548867,0.19732062560599944,-1.3058675708874514,0.904948172171792,-3.238990216161616,3.609587309754184,1.717846953661447,8.929886108381737,-4.165307160139629,-1.0006677916796158,0.02,0.07006592320314915,6.869610768378145e-4,0.12569948250821328,0.6519486891265285,0.1515989440852712,0.04069639800302385,0.35472531658753326,0.7366858262110506,1905,-1299.1933234957326,0.5947022657914716,1
0.3000766769070737,0.1836467021754589,1.0442321592093238,28.11212285930655,15.617660501068798,12.77034202761745,4.788167748221434e-5,0.01558770494711936,0.1809466965347256,0.4693003410987765,0.937982159578009,-3.238990216161616,1.030385304789813,-0.3152490438698682,5.941752732620504,-4.375483741060914,-3.497701296629776,0.02,0.29795152563913657,0.0011162504129967,0.18142524346331856,0.2589278974055237,0.26057908307902455,0.02118407554529194,0.41254047964524915,0.6475111857981257,1906,-1304.3671090212897,0.8387312907071222,1
0.2049449901494728,0.174326463451946,0.01965499646352797,33.86422591389067,3.166405992725609,406.41980136578206,0.00177102413050236,0.01401376014259373,0.1238280164661913,2.2121702025612393,0.12009295562543934,-3.1891065959595957,1.1445572852562833,-0.4028118726861339,5.296731748181426,0.3494620983516503,1.3147360056622683,0.02,0.6850599679637791,0.00121753139004096,0.07453239524514163,0.11217586080685732,0.12701424459418087,0.02146480992599268,0.2723420359106352,0.93683552944504,2001,-1273.7593622907605,0.32625079538704643,1
0.22590617500050733,0.13739974757115192,0.3324661179556953,126.45759519996793,151.36685248487473,13.789616052092205,1.513715681133516e-5,0.03040686821786342,0.1438941651077844,0.19298054833001368,0.9986711472244708,-3.1891065959595957,1.5470975490112815,0.33476842001132723,4.640317784017729,-0.1292556729457481,0.40246146752372375,0.02,0.13599716554991767,0.00138036198498769,0.08639438024598924,0.5574732005270965,0.21875489169200893,0.01444098830633037,0.4571208145145711,0.6266155304696468,2002,-1280.0264028249435,0.25225943137020307,1
0.27663798825345737,0.21378285593984983,0.00236164026363806,35.97528929023536,9.20050274466497,15.141433001399417,2.2824448820186823e-4,0.02081548653077945,0.16554460009615643,-1.0645993253006076,0.9961764468179742,-3.1891065959595957,2.0033211278756875,1.6326670315552845,6.9948248295620905,-1.6305826335680982,-0.12339696689648566,0.02,0.22489321340305896,0.00220624338114877,0.21294139563309983,0.355714858974908,0.20424428860778432,0.02987688678718699,0.4861124002124774,0.7959830741774512,2003,-1301.3026903708412,0.18971827599883584,1
0.27543600282692693,0.15973542621174433,0.3138667723114251,35.40005820013569,115.60738364314246,4.367011145475837,1.9796071514480135e-4,0.02563905311289429,0.15970621026944531,0.6243806023018671,0.7966813463318931,-3.1891065959595957,-0.2918744876277823,0.00978507782187071,4.029132592808732,-0.45761160586589833,-2.6036934275772694,0.02,0.19163600225900573,0.00129986844010293,0.13432661733662413,0.559432373969473,0.1133051379947942,0.01141095590764711,0.3252456432540171,0.6102576797012048,2004,-1283.064249880492,0.4923796531658699,1
0.31479274110758304,0.11407032953452031,0.12380723127858494,276.5431822421189,19.59357034349403,10.546344708093164,5.532345140711544e-6,0.01497182349074552,0.18991626738062364,-0.17737357811892884,0.6371984577210317,-3.1891065959595957,3.0809843372674868,2.779471914993153,7.284509331676137,0.675102574864353,-6.008670263522652,0.02,0.39219493990924753,0.00174063864100181,0.10976080384610255,0.3721371615436376,0.12416645606001052,0.05542598779287423,0.3541498940114881,0.9516788790394044,2005,-1294.8198257983715,0.14391042491679895,1
0.26467530256964067,0.20399780045326704,2.3642446494809097,59.71752860660859,15.197319361245697,103.25679700117524,1.804749189116329e-4,0.00677322062766559,0.18398886051673816,0.2547034700909658,0.9987190533360883,-3.1891065959595957,2.834903400249236,1.739241407412808,6.906451365109143,-0.6067547368624375,-2.9372670840111517,0.02,0.1628484271187112,0.00106485592696416,0.30885782279991963,0.2308616407946579,0.2963672533597471,0.01652775752473765,0.8519233470888635,0.866996373017214,2006,-1295.1340365421036,0.30377571102567147,1
0.31921534644971816,0.1041060823752696,5.981215047889962,62.3600846342156,11.855378450465992,85.058272657998,2.372807039225617e-5,0.00484869537037818,0.17887099049607458,0.01655401647455454,0.9956187784908428,-3.1891065959595957,1.0485273806293594,1.3393829468306435,6.025111546652322,-0.8059435338777998,-4.429221216230156,0.02,0.1875811377599548,0.00334383094131774,0.24716616857614424,0.36160106135515013,0.20030780136743304,0.0866542408678594,1.252505916101761,0.7588186648597753,2007,-1312.0635515595277,0.5839463778561171,1
0.20682406486661473,0.18383084034803576,0.6066761858005862,60.21137124710076,41.20303305617235,3.091489441328146,2.1867348526446092e-4,0.01517015762978734,0.12294750409660904,1.3879771346911902,0.9948067295199232,-3.1392229757575754,-0.13629181618616912,-0.8261040139681607,3.931615873123566,0.00725009889388535,-0.08781638804499751,0.02,0.20798372078225635,0.00155533077237599,0.06453979948080346,0.5099082833946239,0.2160128655699403,0.01336925270620006,0.722401954033493,0.6680678601173486,2101,-1277.5937046620177,0.23343328439593972,1
0.18332374020981507,0.2134979998383143,3.872880436414848,19.972572698576116,15.314196435274551,76.77999691198619,5.501600528291997e-4,0.01533744247173026,0.09635403777124796,0.00346659599026357,0.6902882183035971,-3.1392229757575754,1.3691680495425471,0.8001780528393319,4.8432808479103,-0.2962314422455202,0.7747930446563789,0.02,0.09753019372286058,0.00323927585502223,0.18156747029621317,0.6453786467437755,0.07228441338212842,0.02443805255836064,0.5944981665223934,0.7229695018013974,2102,-1283.2498541165194,0.37500131110399826,1
0.1828096628577783,0.16636462189580228,0.07312714584396814,12.503243534291718,29.110618728811477,0.42388374613843793,6.591181394046733e-5,0.05573525032697817,0.02191417834134813,1.572260460773114,0.12630365532760815,-3.0893393555555555,1.3499310152933073,-1.4761476570870384,4.404469233842524,0.7057433172218076,2.5419308086496324,0.02,0.40914531426242545,0.00178428322166524,0.32347333668254846,0.09618693523677072,0.16941013059659027,0.03984506519007544,0.3092075365029837,0.9584239672115856,2201,-1278.71691033743,0.3447990570251859,1
0.27210544946765935,0.1877878096937974,0.7297352697848437,19.54765634286025,8.882494388175967,7.323564753132957,1.593601785195989e-4,0.01307972616816612,0.16717126193122542,0.6941455676692672,0.9602143691181432,-3.0893393555555555,1.3624524759280336,2.1556778097151477,6.879442016990131,-3.631933423709204,-0.6181211432759839,0.02,0.508131371155632,5.645214729758633e-4,0.03233919503503384,0.4288677451448212,0.0300971671915372,0.01448840292684727,0.5477934504194428,0.9337176075570442,2202,-1300.7739546919777,0.959466594290688,1
0.2951525889329906,0.15521500981009034,22.71259003876846,24.17156251520665,6.835978897871871,33.116321570712245,2.4464469548586245e-4,0.00837796644067015,0.17348753696068564,-0.3450728837958397,0.6653497830081623,-3.0893393555555555,0.9272689464468172,1.636906207825192,7.023843183011181,-1.5413221975791769,-6.616161796456118,0.02,0.1467729660166592,0.00124780521428549,0.13962787728131423,0.6667699124403129,0.04558143904742815,0.0396211339583097,0.5345536133658758,0.918428352439168,2203,-1295.85962749773,0.3091301981502927,1
0.27029426734995715,0.19181254651426383,3.1460553647353735,207.41477159961843,44.18511819588404,6.166134901391097,1.8767126485004585e-4,0.00604790679969112,0.15953676935486785,-0.8263346791870483,0.9896605929581496,-3.0893393555555555,0.41086307441390335,0.43022446958107485,5.321499427943536,0.23866790550884023,-0.6908840318104966,0.02,0.2949646706740232,0.0018916686243149899,0.22822158297163905,0.2554003970950802,0.21952168063494248,0.01020084285364675,0.7114837764062897,0.5904021389550101,2204,-1295.4646358225184,0.2581719171174812,1
0.19580645567170277,0.19310052312354148,0.2114176301359087,20.36913610674429,1.79469341475832,0.905919229302226,3.356074414850359e-6,0.03666847497188488,0.09258590302651554,0.43320660892794866,0.9108115924700776,-3.039455735353535,-1.484751367020252,-1.7883217885476528,3.910581097462719,-0.5770018490642626,-0.5240748207665133,0.02,0.25941928202073583,8.687159839261775e-4,0.1799558687497831,0.4057456773637879,0.15401045588176693,0.02094848128173623,0.23445016823849665,0.9810292341989184,2301,-1269.8283343220824,0.22173016409047672,1
0.2700021465239293,0.19748369917142392,0.02199807587800398,39.3275565870519,12.062664790563986,5.050898887217294,2.417758469984057e-5,0.02434921400097385,0.17218440196199933,1.0048245661971844,0.9971177304644606,-3.039455735353535,1.4572770969544426,1.116828764265662,6.22214244752587,0.07239313338654771,-3.784067033930433,0.02,0.18595431141982505,0.00203753257617329,0.22294564965676164,0.4843513409706113,0.10471116537662864,0.04037203933967604,0.38230166850343666,0.9866362872434622,2302,-1289.1808372482035,0.23428272356690355,1
0.27025426404072944,0.12748229363184668,1.16556108875056,159.98171911749822,37.32636233378808,8.57098456785596,2.5787735147769925e-5,0.00544006182847016,0.15705004273115855,-0.34799102020172207,0.9044827409583984,-3.039455735353535,2.68143712079241,0.5616431813657174,6.954721065105884,-0.4224784526375518,0.5437423231934813,0.02,0.3936077536570582,0.00246161132286723,0.07401724257403144,0.41142148479249424,0.1184919076535488,0.01662032954010223,1.3350864482807772,0.7612150925307033,2303,-1292.812693103082,0.20430291255061253,1
0.28713459141573305,0.20903049459633816,0.01243536602267825,44.4318727056869,46.57405995985102,8.521463836066237,6.149299954778985e-5,0.0147578956041505,0.1858178700199219,0.9500057287886748,0.999931169238955,-3.039455735353535,2.8928532423891435,1.2428028320167543,8.348151050869484,-2.1233124623793116,-2.8312949287328872,0.02,0.17954890309497917,0.00137200361415255,0.2153400350363912,0.44164603663013946,0.1620930216243377,0.04679036031280403,0.8727570232992268,0.9861370416078464,2304,-1304.4879594081317,0.2748776198938317,1
0.2725783182663338,0.13993951538791216,0.01128842680688049,93.69447016822592,34.48617404586025,14.302088452631262,1.583902244820641e-6,0.0396416434538255,0.1837731015432504,-0.31436867316695616,0.704990605105492,-3.039455735353535,3.5423371296298813,3.283368815347077,7.192669666814245,0.00730616396700577,-1.368803116018799,0.02,0.10811748536111362,0.00296874246561221,0.07417245338393745,0.7017922220381877,0.11294909675114898,0.0792424564687684,0.5962280068663656,0.932367781764427,2305,-1293.510355511722,0.34457110210794994,1
0.470379455230045,0.00546312080748688,0.24176202988351603,25.168436277727785,229.56630623749027,26.990333349354035,8.558757934020583e-7,0.04859903936773074,0.18953489824980913,0.6064531366646684,0.7227167950834893,-3.039455735353535,2.8260484140777336,0.6988699035814941,7.525353455966603,-6.746924437584224,-0.9990899620637448,0.02,0.12426323226896308,9.89768177915737e-4,0.18778628126644303,0.3521241654612528,0.33483655282542546,0.02611874578463061,0.18862341327999088,0.6540655981860608,2306,-1361.0608036238416,0.04158526154644094,1
0.2844267564910595,0.14675801834117427,0.00497012076445221,10.533992353756512,12.363199742969115,3.217115357818624,1.2948021433894076e-4,0.04135419350470201,0.09228869445529322,1.2638731182208818,0.8158490166842306,-2.989572115151515,1.1704552092575564,0.22553103214889164,5.456216088179618,-1.1670518665165237,-1.2752570316183331,0.02,0.09176656780308524,0.00223205745317903,0.22174532548677653,0.5179748459161221,0.1662812033408371,0.01768256961762689,0.3581464836858396,0.9617129217018412,2401,-1289.565530966815,0.2110530625668978,1
0.24980615867408687,0.20599764655983635,0.12310693372383774,49.83167449223271,12.194571071589005,2.656036231061691,4.221839700989307e-5,0.01532232746522553,0.15894538059931912,0.46439072947147425,0.9257169887123534,-2.989572115151515,0.4100545556545361,-0.7673239303666117,5.89002487264598,-0.5677827785014151,-1.4884982660585406,0.02,0.17296731668442236,0.00274533779103972,0.20345190026703175,0.5197075053611331,0.10112793989637311,0.02386553445718867,0.8025780765391892,0.8853827854016032,2402,-1285.3527343329731,0.1983261804052867,1
0.24907538781896668,0.20005646739993593,0.16814508675810622,37.35315794953241,53.642557140769426,4.239322128841844,6.016337706405046e-7,0.01016720672749695,0.16511775535603795,0.02734558710878202,0.9857505903071638,-2.9396884949494946,1.1511924553243018,0.19312448984480604,6.308115299041617,-0.5366955658925436,-1.6112466390640534,0.02,0.31314564906892717,0.00141759371243894,0.26316210677094215,0.1999934627113734,0.22228118773631836,0.05406029686128583,0.6225119662499393,0.8692974977567217,2501,-1282.646471752944,0.2617756079306162,1
0.2696179563718134,0.23470610535377395,1.5465496411617363,17.279358428420082,30.16606730423705,15.205968007527082,1.1201591392671814e-4,0.00610898865774546,0.1798952794851753,-0.10664056762724562,0.7483223780208582,-2.9396884949494946,2.7210575808255686,1.6943484505055368,7.803009319740401,-5.645602403072863,-1.0473104096467751,0.02,0.23434759222536075,0.00611345588786156,0.06660652959979665,0.38061895787890665,0.31231346440807445,0.06094058076668914,1.0330671773264606,0.7307740812969975,2502,-1293.905773925183,0.4313666499136407,1
0.23400132950107624,0.16315877932028183,6.35145887889459,128.54732569074145,6.12850157644519,26.078463152056173,1.143263580000952e-5,0.00644762125281032,0.17849752016510056,-0.7391447987847811,0.9911293993777236,-2.9396884949494946,1.071596767179398,0.9455196210132476,7.391272371691359,-0.3978254322501764,-2.7749081486718654,0.02,0.5112245695765588,0.00309817188996342,0.07971003896528744,0.24839401957738505,0.15757319999080516,0.04924228436830222,0.4616333478218101,0.9672687910210954,2503,-1292.4185037658235,0.3589179071401635,1
0.04313368987176413,0.1576212340323796,0.14427242475518462,35.47998484967533,14.629554293769338,5.771098516175901,5.85325455152313e-4,0.03281959602187698,0.03828234924581574,-0.2569351820015811,0.992884396019022,-2.9396884949494946,-0.2714857025834637,-1.5206097432652914,3.227997741657292,0.29060815653596167,0.4671441614190292,0.02,0.15441931618605953,9.907420410525834e-4,0.48854902311863135,0.20980194985562095,0.14623896879863554,0.01509094169748717,0.681040942086093,0.6463005642398586,2504,-1308.3990858381558,0.3704806164897416,1
0.3038709060448881,0.14279317802629896,0.07657308706124417,32.06733430868567,14.578742232766828,12.89132617462821,4.427907453160609e-5,0.01186342489132113,0.16784478438004763,0.3199647148230153,0.9426501434328136,-2.9396884949494946,3.73682682556562,1.020829699276055,7.215856063321016,-1.696967387324649,-1.103759308485576,0.02,0.3910315511643398,0.00161601353787527,0.09219917707431194,0.29329439294748905,0.221858865275984,0.01848106707235827,0.7088273600018129,0.8750854210422437,2505,-1305.7936764791682,0.2928647410837882,1
0.2787094218291239,0.14479252007625182,2.5551857814353127,20.91232928888292,11.80326996451779,7.30396669647963,1.9507795678242005e-4,0.00795997877372224,0.15817963568506505,-0.1343363651787635,0.9646506910698374,-2.8898048747474743,1.705466183685887,1.8097808715628123,7.163789605102609,-2.60757429320601,-0.6751912298857002,0.02,0.3836134522360681,0.00203412611479247,0.04470934766986059,0.4595455595577869,0.11009751442149206,0.06922357666258186,0.5167770246515611,0.8467062259443802,2601,-1296.035637353486,0.22504428381189767,1
0.31139933677716486,0.1463945465916618,0.00210886261498457,45.27976205545396,11.952570861964048,7.967875788054604,7.477779363858828e-6,0.0218923665388728,0.16913332832896466,-0.18501776943392215,0.9877285727664844,-2.8898048747474743,1.364962622531205,2.5334688659362197,6.163439941509784,0.6624545737894598,-3.723848157799284,0.02,0.2632856959688267,0.00251376747609069,0.15728082688949552,0.4982186000619314,0.07870110960365555,0.02123550637541863,0.3842834183059248,0.9431445090430642,2602,-1299.6767324948337,0.2288787171223716,1
0.23425553862805049,0.19431156374517056,1.1279898055898685,16.80641208845656,366.80527864638896,19.426522343030157,3.1398031583823577e-4,0.01949250142794748,0.12137041568292256,0.17443679894791397,0.898608409927541,-2.8898048747474743,2.719143291973382,1.24240923802843,5.945828889821458,-1.2702053538886835,1.5252098676197643,0.02,0.360328017677165,0.00334435974515255,0.11978843189527584,0.2640276668764461,0.25251152380596065,0.01933858218332157,0.27152828037052784,0.5963824617541703,2603,-1289.0848419957292,0.488071179204294,1
0.3023424947743675,0.13006780894701267,0.00759397958529663,37.768539163467786,25.43224140360939,5.898937024847669,4.4350692165243496e-4,0.02186428386835565,0.17557685945040347,-0.6368381476572363,0.9887632326725811,-2.8898048747474743,1.4331305659464098,1.074554132877228,7.875914595578125,-2.1591376190783818,-1.73080715194836,0.02,0.2123345564598649,9.961562160124891e-4,0.10513840155254388,0.5015253177984782,0.18000556797310038,0.01614311326159833,0.4700497876560665,0.951448823330962,2604,-1298.1579829655211,0.18065022279198611,1
0.23472885335811064,0.24581713010906575,0.3714104621213017,23.58588931772446,50.03326882763524,2.496478269028544,5.157545341056348e-5,0.02133286340339042,0.16795843425311255,-0.282709507187851,0.8481030515308096,-2.8399212545454544,0.534945014840008,0.0735019468238275,6.417571015302878,-1.694969522197954,-3.244686676812465,0.02,0.12562597531959172,0.00305301491836063,0.2848259458967972,0.4201170305044139,0.1663780333608365,0.06206850563968454,0.45658585346296365,0.7571358650251367,2701,-1285.8816015258922,0.4872512997451167,1
0.24426280458992727,0.20961208554915428,0.03157111275681781,108.80418693389808,242.97309343527735,6.333644512227611,7.709716313922029e-4,0.01465659311106881,0.14795388428266829,-1.1804198518506388,0.262201750693973,-2.8399212545454544,1.6136858364082485,0.8842882681758675,7.785107782776442,0.5084553764811214,1.6275244453740143,0.02,0.34604444546180874,0.00176922670266534,0.10700244415894694,0.15394178420175728,0.3912420994748217,0.02799254425938251,0.4632765546632667,0.7673520463641242,2702,-1299.500923574083,0.23307286510169745,1
0.26294851150068166,0.1775995995617498,0.00687931008810626,33.357828938680655,11.767433090832968,5.375314276205218,5.0888072828321334e-5,0.04544329805330319,0.15740319252428825,0.17361962107490356,0.933531317186716,-2.8399212545454544,0.5558358900325397,1.6569745363845505,5.976356624436237,-0.6255805782406647,-1.324431608336838,0.02,0.10580837284073766,7.413978922933671e-4,0.17005608858142646,0.27449757074317743,0.44889656994236504,0.04772562906783076,0.35025327868600425,0.9231223960576772,2703,-1287.889705401857,0.40083961760253073,1
0.25211525126437356,0.15130961494402054,0.09244621359677824,40.35031509183478,19.040186645000027,11.01399439195456,3.6222499421442375e-4,0.0127989475298317,0.17241560138808185,-0.6138320201379323,0.9950899040169316,-2.8399212545454544,3.258886280876379,2.651309905769145,7.253474252867458,0.01930049476035618,-1.7186708819280776,0.02,0.2312700122768492,0.00301337525621869,0.2473896985161132,0.26253881149559094,0.25578810245522793,0.02086277532836145,0.6064855698582079,0.9678720562603176,2704,-1292.2091896379434,0.47506667219570897,1
0.29377796115606825,0.14122530088946922,0.06677310636685017,250.04694905477024,19.65050689421583,13.805516338924692,6.403223893339122e-6,0.02188238531141392,0.1863406178532772,-0.04068934930745484,0.9621393972804636,-2.8399212545454544,3.068151847911047,2.463658623684941,7.00991424416031,0.06772712525839913,-4.86293516706718,0.02,0.24324414581265713,3.828357070304338e-4,0.15786696862962965,0.4458449311951362,0.1526611186555466,0.01346447321461408,0.3835206144726146,0.9220499367744626,2705,-1290.0546848496297,0.2386656912462068,1
0.2546666570318471,0.16814927991740738,0.00145688293882608,47.94405624910891,2.306715670033324,17.58887749467293,1.19752807771878e-6,0.01548594013902523,0.1822525591153466,2.4562689632745567,0.9894879018318968,-2.8399212545454544,1.3235629137021223,0.5502417424948299,5.434277616076483,-0.30636628560622725,-2.5493393362819377,0.02,0.447569587151214,8.076153001343272e-4,0.13215634700196677,0.2470716697810659,0.17239478076561904,0.01252257623591953,0.27914675976879894,0.9951752780245348,2706,-1285.209745794227,0.6976592393014843,1
0.3080137372028722,0.12883128453227216,17.036423597140477,9.323310363928758,29.158925613361404,74.52656634633266,4.992730731280276e-5,0.05688986424002265,0.03306040544961478,0.3886755185524397,0.9942987857321844,-2.8399212545454544,0.5975300374069746,0.16863983888336964,3.6570665015120944,0.960615387222282,-2.353734673244353,0.02,0.13965031149162693,0.00162996162748571,0.18965917359984483,0.343072321311584,0.32598823196945853,0.01764826018803687,0.3826102582712024,0.6711201206831581,2707,-1320.3608135539064,0.31047969233912714,1
0.22614370109808068,0.2317046050643498,0.02697595285752025,71.25279094749001,24.686545219022047,1.3699984678304762,2.1606000184630336e-5,0.02720264134584473,0.15409152250903133,0.6695035607123544,0.813217247044682,-2.790037634343434,-0.40952406413819137,-0.7903217565822777,4.2818940904384934,0.40744297452072264,-1.6517746036701588,0.02,0.2825676548318115,0.00309006485390274,0.0731615346909816,0.3757482920574924,0.26543245356581163,0.02652716738854623,0.3018924442444352,0.9524090939116168,2801,-1283.9808424366877,0.24269828597128315,1
0.2637582929258875,0.1486864951114012,0.10975896115377466,25.367846277077255,45.35751594821476,13.143578894725568,1.0990723884047273e-4,0.03223325231787816,0.16953322039093496,-0.3610111879152989,0.9719566794434676,-2.790037634343434,1.9369316803937169,1.670903477528276,6.481898840651222,-2.1809747701782376,-1.6421882018652227,0.02,0.18445214442405905,0.00157785620014207,0.10205299966381638,0.5836072887885428,0.12830971092343968,0.02150700187219691,0.32452750248617507,0.7524117445171247,2802,-1290.498325129991,0.4285321453583865,1
0.27247200856256437,0.14388130305646685,0.10582052668327876,22.17174980566281,190.43111820299245,8.44031926700274,4.58330539037493e-7,0.0089767614261207,0.12808744304069877,0.4903079970011464,0.8813575794296945,-2.790037634343434,2.218973297891574,1.6609015503477351,5.829421574334404,0.2867123902598275,0.7938927007197804,0.02,0.31247130634335996,9.54042784063524e-4,0.1421730847344616,0.3510631745502845,0.1933383915878303,0.02208599395929626,0.9955640303163996,0.8377749003908571,2803,-1292.7182374353756,1.148772296825688,1
0.2757288705467891,0.14835407877170906,0.7782009566854642,24.471248853601555,83.90235123428901,6.847275948930062,1.7394037339282524e-5,0.00659393614645204,0.16641808840572506,0.00270366523883605,0.89048085958794,-2.790037634343434,2.220706085775268,1.6295705897300068,7.042552958951614,-0.7534791440903221,-0.6569167187412347,0.02,0.5001648570021631,0.00336407030144579,0.13196676174676167,0.18415251580551617,0.18035179514411348,0.01399509012753174,0.550363766320661,0.774657814278572,2804,-1288.0550661916316,0.2020423232157799,1
0.3085283483552657,0.17721280362816372,3.5841313064948683,55.12477910410962,13.777161885963286,34.26474057455062,7.976670458241344e-5,0.02326808975396373,0.1936902638432328,0.4945968729417389,0.9530818479114324,-2.790037634343434,4.0962680808602885,1.8243776466931136,8.672800008468524,-2.189598756417447,-5.23555035580085,0.02,0.09658057825457383,0.00187555115299906,0.1319136120736904,0.6591672903827647,0.11046296813597202,0.02766798859691541,0.1470343633776315,0.9970398790905616,2805,-1297.4100683206827,0.1813574457306683,1
0.32562300671617606,0.08250199342391377,0.8196770796382944,34.42276662069576,207.10204519452657,18.701032632436423,2.2626308841976658e-5,0.04060992456595426,0.16553722316246983,0.03810096748208311,0.6304505888796383,-2.790037634343434,1.7559038155096782,1.14783398010121,4.621488780374241,-0.04792847589977377,-2.828324307055299,0.02,0.17788137584421243,9.736350296959758e-4,0.06822818324045424,0.5116715735477357,0.24124523233790152,0.0491382673720171,0.2323674772798708,0.5958506369998987,2806,-1339.4716803407632,0.5366359565467161,1
0.2829235647659404,0.17565158957228466,0.01623331025005701,28.341668789499828,7.621670568082857,2.201955394157946,1.1608069813745232e-4,0.03515871540853452,0.16862368135178463,0.904626705579328,0.7910010762402495,-4.087011759595959,0.48152533140720966,-0.17598515041351329,6.0189140029405275,-1.9598081361555864,-1.780225509057179,0.02,0.13792785253001805,0.00266999204004789,0.2991414679674556,0.41488648410357487,0.14537420335890358,0.02791684722376294,0.4739991114785425,0.9896744889825424,201,-1287.3243594092048,0.4012645616859892,1
0.2746969884197422,0.15288875291905332,2.066950682782863,86.79186137995592,16.576756942817163,0.2062263752048888,2.3832604360167245e-4,0.01755260843806803,0.17202462680657124,1.273099446707587,0.1631298490508658,-4.087011759595959,0.3831679468430552,-0.2742613300659423,3.58639417440031,0.8079259310051483,-5.267825345704141,0.02,0.04801414050828444,0.00130245722001824,0.09452356494877497,0.8049110947382404,0.05124874258468195,0.0559118360322413,0.9193533613165824,0.775061426291886,202,-1288.1342420447286,0.16532457159872055,1
0.2290648480208864,0.2742039225024092,3.1389308808734717,58.42217781551182,6.7204998372550095,9.796952507314614,1.9194542737841665e-4,0.00653123341186831,0.1677934371799834,-0.6990202816482597,0.6441590710569333,-4.087011759595959,1.9177393411136576,0.09078228854567395,6.939074093221307,-1.6405730259547628,-1.2831182267608867,0.02,0.40038983743944534,4.7343661192677394e-4,0.20698462232804363,0.3122233285403075,0.07992877508027676,0.01229123898421564,0.6155336309937129,0.8322144637605189,203,-1301.3916485714026,0.1267893935610145,1
0.3066039537102187,0.20198328918874137,0.01651384464872624,51.13563313450094,98.93416865605724,10.395670838297615,2.97052300246884e-4,0.01447720782870634,0.18093730424766588,1.7642768480269129,0.9661766942724728,-4.087011759595959,3.178532465547139,1.0927958942952,6.812369635458678,-1.420350829979541,-1.8029665216925268,0.02,0.35391811990124117,0.0041660794295057,0.0796270100499247,0.20926931857024297,0.35301947204908535,0.03501096826311545,0.5828589609502344,0.8621229821926588,204,-1309.6372066443462,0.3380795260844469,1
0.19048869157365989,0.18790511610126415,0.1951948040248707,16.799356813152215,28.966339211713624,3.900112212997825,3.918998528421597e-4,0.01361939469194997,0.06668063688190752,0.8417316780088823,0.9161881473348276,-2.740154014141414,0.40114028441089905,-0.2136604308088246,4.3605506769921965,0.11326520278986787,0.903526945276593,0.02,0.1782235814863634,0.00230636857748688,0.15141211689565917,0.24543081419033988,0.4226271188501507,0.0685966272472014,1.038622227026023,0.7799014657826885,2901,-1271.7958674754398,0.3086536421163854,1
0.16714895794116671,0.1914227361524207,0.0124484063793694,15.38025975972801,323.26246501049644,1.7494596584982456,2.463418775333592e-4,0.05766282782351042,0.06967059113172953,1.303377777620573,0.9235534035141284,-2.740154014141414,-0.3817632291858719,-1.2617961572118708,3.3047741714697305,1.2041236455621769,-0.42149882752443746,0.02,0.25442457096733645,8.307421572270185e-4,0.26109005000236635,0.3809472418361659,0.10270739503690432,0.0419472669731737,0.21385695265127636,0.9030701223556946,2902,-1273.2146559144887,0.35734367712888515,1
0.20755106034029455,0.24057443416067537,0.4279556128994611,29.897067245339283,16.026187152631916,0.6936174824015454,5.912087228080194e-4,0.01400731871188907,0.13482630419338887,1.4254181597055946,0.9567837511950732,-2.740154014141414,-2.405943201551841,-0.21595494313118785,2.128522150211948,0.7219479346446303,-2.1350374728907777,0.02,0.24867307068477856,9.929497607286874e-4,0.1872378437528978,0.25861368301788906,0.30448245278370595,0.01549103954671179,0.49381921380506655,0.834796842632136,2903,-1279.9670023112974,0.48237918621571535,1
0.32041872251257436,0.1108379913489716,0.38495607617539385,16.576873661923333,46.742164630838694,9.814041678678818,4.178159036469236e-5,0.01003292910856658,0.17464781562783102,0.11840706304699976,0.9211681888634732,-2.740154014141414,2.219341815833292,2.293774273606701,6.1314051481030205,-2.983877834813999,-2.9715002698686948,0.02,0.415310512754122,0.00614123365404141,0.28191265825258943,0.15624476927964262,0.14039082605960457,0.02973047347914826,0.2642845749536346,0.7435104132706265,2904,-1294.9559567271356,0.4607532080444903,1
0.20120187886455643,0.15971224896204775,3.027174696198751,285.2128266563211,13.18043166483772,17.152396986228663,1.148586482133528e-4,0.00369195332581538,0.15040591385469285,0.6672127051000469,0.8564869917438663,-2.740154014141414,3.5367391508328585,2.008523923664472,6.800343980737893,0.9740365209183732,1.0037695517262202,0.02,0.7020306906560794,0.00183342244204943,0.07639699956005733,0.09747101442196184,0.12226787291985208,0.06341757447576116,0.7205980466691728,0.9973340869392676,2905,-1292.095298897886,0.4582046744800866,1
0.3227448316332875,0.09064039225292372,0.5620822857070863,21.602516177771335,109.72312605300138,8.922977383151151,1.070884193646703e-5,0.01030825854511458,0.17021437408322726,0.4713779523032732,0.3608871756103591,-2.740154014141414,3.0057433792893575,1.260734897042452,7.041747367311982,-2.5970851237329993,-0.6554724060940049,0.02,0.15546013935754455,0.00197923403416033,0.07594261356202167,0.6177893729489706,0.14882864009730282,0.04351835696132707,1.0258066347561028,0.6926467483852946,2906,-1297.0751621737652,0.42406790155485735,1
0.26555624550111495,0.12649661048661112,0.03929473123432953,19.130533437773693,10.013568430844916,11.14295557301002,1.5685210049955198e-4,0.0108406410667546,0.17800148003347452,0.9031604043928196,0.9795356207412824,-2.740154014141414,2.768913395769563,3.27653259529188,6.859429159278071,-1.448549152202376,-2.719181483661448,0.02,0.27408416273644076,0.00351493843275193,0.16778927543483443,0.2261043522678357,0.3285072711281371,0.03573828206516614,0.6231156432864604,0.997222737489351,2907,-1318.1980717026695,0.40489669903016584,1
0.1629625454383984,0.2067772957368224,1.1127008850662403,226.6592510260076,311.95892400961486,1.8569911022436991,2.1938587120868e-4,0.01195290878557683,0.11910825382787356,0.7071379094244403,0.6184215993902915,-2.6403867737373736,-0.7817649050918112,-1.5257325060981377,3.92861826837957,0.7054047244621517,0.24430867399456296,0.02,0.377471187535716,9.116377844235182e-4,0.12097763280742138,0.1967508146607619,0.3038887272116772,0.0201290269588067,0.45760273382758265,0.571607003653601,3101,-1277.563926229026,0.3838481477321736,1
0.20023939191506104,0.20683333668953283,0.5378549423509702,17.187598042656603,88.40439672156954,0.9584473033377052,8.837427560450125e-5,0.02422471520894084,0.08136746947379044,1.4848315069208518,0.11933038087016352,-2.6403867737373736,0.2055469737379332,-0.3565505824272054,3.734314886730952,-0.24523550361857033,1.139542884419539,0.02,0.2612108752957472,0.00119390148635752,0.3106519098142242,0.2536121401408347,0.17333117326283637,0.01057380278638779,0.5979531216675306,0.6490503770393836,3102,-1276.262488457252,0.2871076166746338,1
0.22701279685260392,0.1981371087677027,0.00147465406031579,37.74132386706595,45.90085628033555,10.831776925923624,7.829314058580658e-5,0.05504602223578555,0.15177295247058678,0.10630019502873211,0.6285340820723173,-2.6403867737373736,1.9105228246100143,2.196989872569749,5.2500354042012765,0.1363751902807379,-0.13533180734819886,0.02,0.17234816692285482,0.00140925799936184,0.1836204017593615,0.3137271464984466,0.3288950268199753,0.03325681676379655,0.1954775278989397,0.8002597657165869,3103,-1289.587357774097,0.2802554996734691,1
0.11849917541648013,0.17875270865546716,0.37031184732691536,149.8705450743277,25.427348138601236,3.9430481541704783,6.541377925455412e-4,0.02029192449932685,0.07582338280466566,0.2640199263287413,0.8406072247452764,-2.6403867737373736,-0.03023337708231656,-1.6486682353776214,2.7391572296201314,0.6023299805819077,0.18724520612348203,0.02,0.2350507015018812,7.261364939191697e-4,0.14025311984234354,0.12049066658497688,0.5034793755768792,0.03206489686854005,0.37016082641788073,0.6177165974599372,3104,-1292.5209996431354,0.3114726993862661,1
0.26782543527016733,0.12236704176794524,0.2649908882240303,183.29798968226447,173.53767521053393,28.803387504178662,5.261478738928694e-5,0.01548906596174692,0.15833295013241389,0.5995910327692993,0.9321948486317088,-2.6403867737373736,3.347952823702049,1.42340427041757,5.614133654501639,0.9671633740773264,0.3361059640606221,0.02,0.13394346140405725,7.807547264925779e-4,0.09081141485683984,0.5194835650083229,0.25498080400428746,0.06166241514845685,0.8578935865824073,0.7076350693301968,3105,-1286.0919324821386,0.22858492150909585,1
0.29057495711523074,0.18331329530340248,0.06096075263247369,52.62816296395029,56.90778159418481,3.071639411068592,5.3143849889420485e-6,0.01914473234116502,0.17791546542100223,0.9403142780210432,0.13702105552009872,-2.6403867737373736,1.721183568390107,1.2440416018069709,6.13374150502084,0.10421852906669332,-1.1440627048644596,0.02,0.31701430165140165,0.00117390847834617,0.06394371836507488,0.4058720528363594,0.21199601866881793,0.05774724915996791,0.27862809834799074,0.8163521948507398,3106,-1294.5340894225155,0.49733391664299886,1
0.2901448636183006,0.16175669688504765,0.8877889899028493,22.759243167589744,37.78292817061649,36.896048855979934,9.689429692399196e-5,0.01311994626950495,0.1784187050334842,-0.6230961503613136,0.9178276677924112,-2.6403867737373736,3.4360001501586983,2.2889274206747143,7.648459041902978,-2.5045017393602533,-1.8872442364800168,0.02,0.1468372590558663,0.00238830497244761,0.13215195425085466,0.47913034173718944,0.239492139983642,0.01448206395524103,1.256046492463389,0.7875038850878314,3107,-1298.0750216946208,0.23408520812499925,1
0.17602330341759426,0.17349487698852445,0.00936810485172643,15.7435072325085,539.6806193439977,2.233436261080162,9.263286315767318e-6,0.04167013699035601,0.05300086830180817,0.4292238086476575,0.9353318095355244,-2.540619533333333,-0.14042801471533797,-0.38924990868468223,3.798905633470559,1.158139183031509,0.7138826877442099,0.02,0.20095986465051163,6.156825429165144e-4,0.05586925213694583,0.650316491305508,0.09223870936411806,0.047239261661002,0.5102096619064029,0.944560143435044,3301,-1267.7462364827584,0.27449047813283056,1
0.24204443230505185,0.19384123821425864,0.1428295117265704,23.55341076065088,22.342162328545378,4.309045839856802,8.01024447360065e-6,0.01581260088666304,0.15921094622140802,0.15556956382646664,0.7537782157463994,-2.540619533333333,0.6879365768772727,1.253251197285461,6.413867479144354,-1.863839992491915,-0.7324407952887275,0.02,0.26736078913138034,0.00295011643131708,0.12783100659978142,0.4266879400741064,0.17517014776341483,0.04722494821156794,0.39838616268371874,0.8553681774795214,3302,-1281.3630704809557,0.4817120284541088,1
0.2777157956358385,0.16475609982462935,0.1524974407661517,18.253865847793993,70.41391816871769,21.01476819268816,8.604388806316299e-7,0.0228752714553114,0.16336239867566343,0.45141690169230575,0.997876790190329,-2.540619533333333,4.681368985986068,2.902088904562164,7.495266129553364,-2.4393446191765924,1.4873994495152565,0.02,0.3643685092672755,0.00246477305560463,0.42250097808933346,0.09418683569022754,0.1164789038975589,0.0200475834304038,0.19547269399412057,0.872905097353432,3303,-1288.1695098005116,0.4228535244909243,1
0.2686247854195398,0.1318495468758535,0.3931288627978707,63.24600376792787,179.66256229280322,16.512181400234795,7.824213303402022e-5,0.01224335062539208,0.17940787718975842,-0.08214379649958765,0.9714386767196364,-2.540619533333333,1.8345495288056568,2.4186026555382996,6.017320689638302,-0.41322440334310456,-1.0520448424616946,0.02,0.36925420926868513,0.00101092404414109,0.2191915925084436,0.24291330319761956,0.16762997098111068,0.01901467147125562,0.5883443955278098,0.6966206141825498,3304,-1286.7602290725597,0.4226065686732469,1
0.31411587751816267,0.09509691026985538,0.1908572275153234,11.843324548883691,50.036820506015594,2.359147451170432,3.814475957222171e-5,0.03468156984408571,0.12708268737253106,0.03316650180250366,0.9430164241129296,-2.540619533333333,-1.356719286367167,-0.7725312683542193,4.3027847416873986,-2.5956167868615463,-4.502681579149328,0.02,0.15309775845431373,0.00116394410203006,0.35585045757395317,0.4087570945204668,0.08113074534923626,0.01107734251134459,0.3945063499799609,0.6231621437998425,3305,-1290.1370015787636,0.19334499583412537,1
0.2832884920696782,0.16153041815930522,6.02292478298386,24.69133058613466,7.484738686366269,7.744768022599699,3.270015634102551e-5,0.01715940965504389,0.1540885216766042,0.5902424323234724,0.5940077598299592,-2.540619533333333,-0.7696234891803684,0.8404390690449836,4.467053042045999,-0.4044824866266367,-3.766345788190912,0.02,0.5191554486437235,9.30840604118856e-4,0.05804004918738261,0.29028503465322303,0.13158862691155193,0.02697280129516665,0.230927682227892,0.7405965674232187,3306,-1299.1794029908835,0.3827935042513942,1
0.29588541347457387,0.09856733854764582,2.6380203030881173,272.1855446892553,26.859951044429817,57.48642470136488,1.8519257894902228e-5,0.00712611235418566,0.1722030908625302,-0.1706892420103596,0.9901878040559786,-2.540619533333333,3.4379258444912573,1.8346120635642904,7.057207326734786,-0.12609814792505453,-0.4791397966471849,0.02,0.1894177915718752,8.994304795680913e-4,0.35553522186767067,0.3675066126470312,0.08664094343385483,0.04563902763130118,1.0629783712998797,0.8430938540412809,3307,-1302.2328013716462,0.2813428998159065,1
0.22003413114269835,0.19617253777060917,0.06575563872763784,13.69213861383287,9.453807958623322,1.2563278537795903,4.655486070711392e-5,0.03890931014119497,0.09991224446001476,0.05463156285923996,0.9773676212577972,-2.4907359131313127,-0.95668061636082,-0.8049991103635827,4.712768608289832,-0.29482377078315497,-1.7475699513869478,0.02,0.24336856053055037,9.97335204536358e-4,0.27098940308061126,0.4120782026668485,0.07256649851745342,0.01372884473222474,0.36165881562052343,0.9335641941850856,3401,-1271.0311870130818,0.14662785058675307,1
0.22419299981117183,0.22998435299659076,0.6549872378465453,20.305082702205087,103.84985996159632,1.9209824209573656,7.558799977828515e-5,0.00906605267002186,0.1500997285351333,0.9409063751781792,0.6789807788001806,-2.4907359131313127,-0.4608290439979938,-0.6570905898657552,4.008683869989165,-0.8459974487910304,-2.6878519886862424,0.02,0.2550325630494977,0.00233387827688096,0.1557059110041007,0.4021654477201307,0.18476219994938992,0.01926259757736927,0.9901660896281664,0.5963783821134732,3402,-1281.032080076144,0.4447545492657836,1
0.2400667949557446,0.1482155239043307,0.2809023443717162,129.30168044265358,123.72129090647095,6.904430491222388,2.679568426065981e-4,0.01334500566793016,0.12416343363003514,0.7465449614590887,0.9731214882171074,-2.4907359131313127,0.22983599487796344,0.08837730851282134,4.724628404821714,0.06751865829091346,0.4605573519607898,0.02,0.1595888737844524,0.00280848522494655,0.15207138565153078,0.2102756359678331,0.475255619371237,0.05368323340240664,0.8364941084236647,0.6751016377395939,3403,-1275.4580619790984,0.26836368770019847,1
0.2701732455871675,0.166810101598538,0.4286026087305833,154.82019902001133,58.02508140985535,64.54407724958904,2.4617024523944654e-5,0.01980337452014587,0.19875379382421468,-0.5817084322242337,0.8736938387465737,-2.4907359131313127,6.0025998280521256,4.037266440563172,9.638464732049249,-1.292779449519531,-0.39671770614459007,0.02,0.2532511693741414,0.00142728292324803,0.1973830380206732,0.3331342013018195,0.21480430838011808,0.05504753361728895,0.3799894431377083,0.9925930995599128,3404,-1299.4033595536987,0.3624527552878256,1
0.29614409545825576,0.12602192092848968,2.462447781440864,40.79047911594572,34.87359791984776,8.040680312276445,2.8269832595215933e-6,0.00566937317812824,0.17111878898377464,0.3328281133241368,0.9967414027600738,-2.4907359131313127,1.95865202536119,1.1458335568784366,6.158376192197155,-0.8833644974362908,-2.9714697907034853,0.02,0.34468589829002466,0.00198765578833624,0.16092118334334107,0.24302774747581452,0.24937751510248357,0.02751443762729689,1.04388644839981,0.7087058197799003,3405,-1297.5016773263592,1.3171480808440232,1
0.2663441907255275,0.19361496286327692,0.01731323952642863,20.06951155068696,24.20029689573055,3.0515462605483696,1.0174062589097425e-4,0.0406030984985875,0.17275253682780337,0.09816231994637548,0.8889433056201722,-2.440852292929293,0.7879482058537004,1.2336260136521746,6.182468192741337,-1.2661704527283324,-6.479256620990059,0.02,0.13030205236418832,0.00152275744407962,0.5308042146642298,0.27734957184539205,0.06002140368211011,0.05198929047691404,0.2962034498982961,0.9931539079375908,3501,-1285.016824268279,0.1896057323428728,1
0.24986354014245735,0.15150054075415406,0.00254751790404468,37.61987471264105,9.796425054603649,32.08255115116176,2.8541376604615e-4,0.019190064786734,0.18162182443020689,0.2052092570144392,0.46412421240813695,-2.440852292929293,2.923128240186694,2.262422598609448,7.027641837049998,0.35832638259639216,-4.6990395761314,0.02,0.32197042019751987,0.00147348604637845,0.04521626029094948,0.19215915755519383,0.4391806759099583,0.03124947747355566,0.3467609061634364,0.8450584980125572,3502,-1300.3812304762027,1.0613824081380137,1
0.24050877820221553,0.1939468822756936,0.2241302010050147,192.7025927014809,26.377950204025293,19.744235666928606,1.0753361489633628e-4,0.00728393724562907,0.1645033743570764,0.9077900967331034,0.6662797059400086,-2.440852292929293,4.739013538898283,1.3985610613954371,7.020153157265869,1.0233781219914309,-0.34505368173555045,0.02,0.4844761604718893,0.00239478701244339,0.1704584649636239,0.1781300734544088,0.16454051409763462,0.01624948356737313,0.5728210729475934,0.8845183009708402,3503,-1302.6274462920358,0.2714887454927043,1
0.32071774128862074,0.14455714996532762,0.02097090079458224,26.46370815839978,172.9863325017349,18.816614354319697,1.3666977741185384e-5,0.01481695655121882,0.1822303686536597,0.6843187925588282,0.4752099220563017,-2.440852292929293,4.325733907955332,2.9339202610727444,7.584374495210224,-1.552894264424356,-0.8078541327244954,0.02,0.3270229049899475,0.00437601378160073,0.03808442798219971,0.39116507793054256,0.2393515753157094,0.01126145562902954,0.428180567983276,0.8665075718587287,3504,-1310.172082900579,2.939848081217463,1
0.24020608196025175,0.17439567924773963,0.07752582113943784,14.211563411098664,4.0218464394023545,0.2901839611015748,1.2139113106600022e-5,0.05912377709687066,0.0988009206235736,1.613365971263568,0.9972526819449528,-2.3909686727272725,-3.6255532871081546,-1.099050629561432,1.288753068301403,-0.22732888379694932,-3.7122141743641177,0.02,0.2745584373460361,0.00120367320945692,0.1581118486589716,0.413440917461063,0.15268512332447237,0.02951056887298894,0.235075014645693,0.9975742009569836,3601,-1273.2147175869857,0.21705384064954664,1
0.25735044259359974,0.2058376036099247,3.016393474464106,17.44655427588927,8.210314558049683,3.461563809759879,2.830819863340852e-4,0.00433147430415004,0.1513038691979797,0.08723563593473016,0.6024261297399789,-2.3909686727272725,0.7803747348782963,1.4302604526328544,7.367541841322409,-2.4761303026043446,-1.233171991918476,0.02,0.3151519711034779,0.01223243953018652,0.13118846520837202,0.2803298930171235,0.26109723114084005,0.08439998628897455,1.1981597550367848,0.8689280294748717,3602,-1288.258258586198,0.2478393083977704,1
0.00806417222584718,0.1590655885893456,0.2092773328846037,21.228043677058597,83.179868628649,4.544480439691185,2.7668110968923076e-5,0.0707013112291444,0.02875467452864992,2.0343366822398368,0.9839792285857244,-2.341085052525252,-1.4793696419563358,-1.606954865954118,1.0211839909184992,0.17494988760141508,-0.1636201641680826,0.02,0.18296317083893904,7.090573495264477e-4,0.38407045098863,0.2534291012553168,0.17882821956758752,0.01915276630308181,0.1868060387288102,0.568902477601068,3701,-1268.6104581793145,0.5858226062122665,1
0.25163138279128117,0.1968089254451977,2.594388510299512,51.91563064982361,51.72631449957913,0.8567426811795801,4.437915411586487e-4,0.00609752695587615,0.165223859469088,1.0852505045729732,0.999902129949568,-2.341085052525252,-1.3110227569622273,-1.4851002969125051,3.810713340384007,-0.4084367236705032,-3.6411480613509166,0.02,0.0990010355865744,0.00240808034364101,0.13046402858975725,0.591521343115337,0.1766055123646904,0.01301491972937975,1.6590628695606326,0.5897672603234829,3702,-1283.6105940556822,0.2401701468429446,1
0.28258442815505297,0.1450889246895546,0.17477221530123876,84.20584142611791,25.5355691310694,11.24236623443669,2.873724693325867e-6,0.00995081565445137,0.1600004743229488,0.7750107909349085,0.9864477500954704,-2.341085052525252,2.723404908717434,2.2481716427460534,6.145118910771073,0.2257847866752184,0.01384786735955415,0.02,0.3107359920440766,0.00171362529076204,0.11566267837221315,0.2663521802212753,0.30553552407167295,0.0687157152179378,0.628593992489101,0.9113873213783528,3703,-1285.2822496573513,0.5325357694205889,1
0.29089442005861055,0.12887774018513595,0.09201508054897954,19.738996060956108,15.543077424206922,7.958467591859041,2.0508932605110136e-5,0.01451502746792665,0.17337594313508423,0.4850487493577708,0.9616656390535844,-2.341085052525252,2.896448119918097,2.226593627242495,7.577356761598471,-2.8599700795808705,-2.370615547208694,0.02,0.247385992767261,0.00370422090585843,0.25307991573291966,0.3215775507309165,0.1742523198630445,0.0188927619447763,0.5636135963200624,0.9824126099472552,3704,-1292.327801672069,0.15025564177166026,1
0.16695472969431926,0.17145604159878944,0.0062999657087029,18.860222086133405,18.302085672217142,1.2673046290686194,3.5227968529741743e-6,0.04872338212547045,0.05780215116441881,0.8009385947467487,0.6847091796962426,-2.2912014323232324,0.1643796001839184,-1.5016163932117357,4.400444750517387,0.1948453340006059,1.1184448685271289,0.02,0.2781850175646354,0.00115171081938431,0.10965525642744443,0.506350892426013,0.10465712276252284,0.04206527216960316,0.11708392546125752,0.9899194822016212,3801,-1271.3644564505375,0.21615216199452425,1
0.2846403128596801,0.14286203642759332,0.01093967170949838,98.7708063345118,38.82138104561467,10.767090531167309,2.137476482483736e-6,0.03693804097911032,0.16201329423195007,0.4727717181059694,0.7794581001291253,-2.2912014323232324,2.249364009067553,2.321527276563489,6.281019239794617,-0.04820396283527777,0.12311191186318612,0.02,0.22150862603917068,9.782178042115912e-4,0.2814260811202738,0.36212916018744373,0.13395791484890013,0.02509531874373503,0.13348465638899568,0.8790241138727996,3802,-1286.65451072002,0.3145401314016903,1
0.2626289218970434,0.1803535983633247,1.1386593534964724,29.865304541665605,27.054410733488226,4.055989054856278,3.0199961255192705e-4,0.00828575638251293,0.1760922246698501,-0.05676851072183581,0.9971754777701936,-2.2912014323232324,-0.741740143229924,0.4524878513168192,5.315503301230957,-2.258057480028171,-3.5458497956514834,0.02,0.13486368890618272,0.00371823251708391,0.12064169266902774,0.4587775492657361,0.28199883664196956,0.03095598262088582,1.2058963035999704,0.6007072629654089,3803,-1290.4920952250257,0.29305517910730894,1
0.271106666240795,0.16149387292164216,0.3805486071174981,42.82208632495251,5.703131101496906,2.4633795150090263,1.658628592096385e-6,0.01292715479908466,0.16571173649263274,1.623878850566575,0.8741687038963254,-4.037128139393939,1.0208708066751673,-0.07931135887179266,5.698881994485059,-0.8447804009201267,-1.0540469541600763,0.02,0.619587066418314,0.00112556729928587,0.06691851755522522,0.16909048844573915,0.14327836028143587,0.02559502580031326,0.27634733415409657,0.9719741626453212,301,-1289.830191151052,0.3651011464470409,1
0.2484070511632042,0.20438164752374025,0.23426402087028064,14.315204582324318,223.87852617046707,1.1398874790385227,7.491868481408964e-7,0.01724531382736665,0.16256588550936008,0.5528071335711628,0.9767221829960796,-4.037128139393939,0.4970821793205285,-1.4630637260337789,6.818748194703166,-6.290439727726508,-1.7751404966948998,0.02,0.28033227700448415,0.00249205439745382,0.06191471538375417,0.5470317361803871,0.10822921703392072,0.05348721836728035,0.358909121015741,0.8620234579364449,302,-1280.1681006784836,0.20661047268441796,1
0.3005629133220061,0.1354216206921016,0.08723071149058248,112.9624270590008,15.557592346031392,6.041731688226046,3.360468362211051e-5,0.02990920719864771,0.18445201982731527,0.324217562907665,0.5969806890509299,-4.037128139393939,2.401468893055361,0.7670373438389572,6.564536946234167,-0.3717677927413511,-5.5399131814325955,0.02,0.16419481129823327,0.00138229795242704,0.06228704764983723,0.6660952617366178,0.1060405813628847,0.02592962487388266,0.4305729844334567,0.8572160923420403,303,-1290.918485006467,0.2128226167679833,1
0.26001135401343695,0.16143025134261857,0.07987386203029205,92.01830851291548,31.967162358533667,4.961009434263049,1.3368114672584748e-4,0.01977944882766698,0.1661732625532152,0.4629532192618967,0.9977437835433391,-4.037128139393939,1.704068626520282,0.10548547295193786,6.387889653685616,-0.4439577422830146,-0.9106168007889218,0.02,0.2719765552059974,3.880419489544188e-4,0.09458767438681771,0.47692188510709627,0.15612584335113414,0.02882317078526652,0.5027407170479781,0.8878923298149892,304,-1285.657731034123,0.2375143943173753,1
0.3517223499706922,0.11577273484058365,0.06671249597325452,37.03814939980009,12.86744098721208,9.530603458469372,2.820726564022417e-4,0.01224552387486645,0.19096358169736377,0.6443279121689344,0.9931373664054622,-4.037128139393939,2.6507614965826822,2.2636683692885016,7.399162631679108,-3.315556953789991,-0.4495944113769802,0.02,0.24599430443020548,8.779201677587737e-4,0.09436548374227129,0.4591033425855745,0.19965894907418985,0.06357017323511084,0.9244629065691934,0.9622551220803084,305,-1305.1626810409157,0.4372041485105351,1
0.09628419774945528,0.16457298969477366,0.02009326757672636,125.85940683219772,21.30162555128343,1.856648194095642,1.7510230874699e-5,0.03002808315509498,0.07770071233994356,1.7043907405545342,0.985418284631043,-2.241317812121212,-1.0379014962537032,-0.5700311203389373,2.1651362305713815,1.2896823281198937,0.7568669729898356,0.02,0.15232168919177125,8.406480094950365e-4,0.08675625690501497,0.4285268943170282,0.3315545115766906,0.09307628593268252,0.17593251431588647,0.9491186967683328,3901,-1270.8404257916677,0.36454749099479405,1
0.15842237441856055,0.16950641126948016,0.3658929364661109,259.5835196365882,26.887964943425043,4.030155515290001,4.516744719364167e-4,0.01010499359640921,0.09880500931454876,0.894998672006038,0.9994838753656426,-2.241317812121212,0.1561931977453406,0.2508704256689885,4.05963253320594,1.0224571859335858,1.2607875831127284,0.02,0.365558328286464,0.00251836975755342,0.15055552363757088,0.2542437340962108,0.2271240442222009,0.03354053753717017,0.534637760963571,0.7895605247568093,3902,-1269.4336254544962,0.20321603848322176,1
0.25049203359242495,0.1969444598771128,0.20788399542533037,16.015102656623156,3.727968064654064,1.9363309190083768,8.583231421141403e-6,0.01590408281651104,0.13552488386549594,0.5001208701052556,0.9922376299117592,-2.241317812121212,-0.5691612509297166,0.44610069110951706,4.999807554985453,-0.9600307756264987,-2.3033032733122982,0.02,0.2139905309088243,0.00224480407074463,0.23179354918295716,0.3600234058665102,0.19194770997096375,0.05532087539032369,0.6113766561027633,0.9832022481624796,3903,-1276.1456034153105,0.15365810213718142,1
0.23418173162726336,0.2058131242963264,0.2795023287645995,25.98938893080857,6.496571467254565,1.258056719565891,6.272064878458206e-5,0.02624373055878683,0.148749320316169,1.2727151119266058,0.4957062208449992,-2.241317812121212,-1.6064758412553788,0.837197460618113,3.4622460446989507,-0.19258781468426495,-1.897341152456424,0.02,0.16177770326755203,5.092213027750527e-4,0.16196142965368632,0.4310040756076023,0.24474757016838436,0.06775702995625638,0.370629566247098,0.8370427323538039,3904,-1279.4767943399395,0.2640707234008767,1
0.2696402164692675,0.14745158735781438,0.805063269680181,251.49931278101255,318.2842433369193,9.391456358805142,1.897558850878365e-5,0.0093815546717643,0.19205707329082877,0.5529463591879565,0.9919095192389512,-2.241317812121212,1.1549239721222668,1.819770319810377,5.7014136002116,1.0660861248508993,-7.932685173403936,0.02,0.39719454155102835,5.777394862500418e-4,0.2794017872515578,0.1585123366704993,0.1643135950406645,0.06030075251196609,0.4189586313652707,0.6731387899889891,3905,-1285.088464305382,0.3165690479974688,1
0.26826274479606904,0.23989592749089908,0.01622329883357224,59.00935331253601,32.87270190861789,66.18438230914214,2.8033341204656424e-6,0.01402083467448365,0.19073842149661616,0.6054202929783783,0.9805966163354284,-2.241317812121212,2.761506780001483,0.5891757762097145,7.154062526870027,-2.557357405258021,-2.7526822010839047,0.02,0.5348198635012772,0.00173649629125613,0.07038753258071975,0.32832291610876835,0.0647331915179787,0.03039552446538875,0.33144283022728444,0.6481478169190231,3906,-1303.9309828977864,0.3944729342663174,1
0.3010749512493111,0.11474604214750549,0.6925024757951939,253.8435302698432,114.96165766696392,19.523863096046934,1.033134847793704e-4,0.0092381111913743,0.18016924258177208,-0.1605917132158197,0.7503306338689928,-2.241317812121212,2.5590266870164604,1.7997021470436518,5.984685727466588,0.8356081767320716,-2.907964292871385,0.02,0.2664990102055919,0.00318531036889454,0.14083997308715734,0.3806478503243377,0.2088278560140185,0.05343007325185882,0.6687090699797835,0.6920959021024076,3907,-1294.0303274340986,0.3597114668745943,1
0.15353997936559982,0.1970917287954256,0.09999814244307458,18.860950588574212,62.259329817470075,2.3730612605086954,2.831110991164901e-5,0.01169228458799994,0.06593141429718918,0.7069490643212197,0.9966742914148552,-2.141550571717171,-0.7610790674724884,0.03346519211478539,3.889131457155413,1.1522863088436188,0.6762366601007818,0.02,0.27214462065439676,0.0023957585013568,0.15188655286009484,0.4047986461778216,0.16877442180633,0.01205270384668695,1.2357759076632968,0.9310392846661056,4101,-1274.5738995269444,0.3837918828421425,1
0.28748316219047,0.10446405023830202,0.5304663217638059,39.920019644041005,158.1741764383413,10.055375521777442,1.954917869005743e-6,0.02074720348032994,0.14829905630582663,1.3012220695148542,0.508347783637795,-2.141550571717171,1.963758852806387,1.1496688253133664,4.998780392892392,-0.33583205616891676,-0.12952607644440897,0.02,0.2979385634665952,0.00188139727697462,0.30570173797906897,0.32491470902904945,0.06956359224831178,0.01744671016217726,0.3032628107247353,0.6583508106533168,4102,-1297.5096284592216,0.7434864095324222,1
0.15731636309652686,0.18792485747813908,75.13002894788842,12.854912160538476,14.221420478559008,10.48011476046547,1.7330560889433638e-4,0.0181764277109522,0.06089794386303315,-0.26844605262563015,0.26425159889088495,-2.141550571717171,0.07608916625165234,0.9675828762930656,3.53824940297412,1.0820556204545884,-1.128310090908844,0.02,0.5080570110359671,9.359180051839314e-4,0.10458171703482484,0.2530287196332256,0.13339663429079843,0.02720793140273959,0.43329620280101977,0.6862057093355259,4103,-1295.4109100546857,0.9294035409766058,1
0.2597217365469149,0.17219918040568105,0.08335012704590837,19.27854591261105,39.57159458065755,7.220956765620951,3.733744026635324e-4,0.02969411864981127,0.15697609463610368,0.4197163301438535,0.9126717643923604,-2.091666951515151,0.4179299176867024,2.3028136784577597,5.639707696633533,-2.5493758431220344,-0.3466194464835717,0.02,0.21771107848900972,0.00219368501970658,0.3129623916250048,0.3356812299579405,0.1314516149083386,0.02196693294661504,0.2559761152249249,0.7940599002400136,4201,-1287.6749302546712,0.4256756784108473,1
0.2596884297943857,0.18985441341776385,0.01660120722988431,38.39035621481733,193.63163141076924,3.0522774880544863,8.339428614809222e-5,0.03020716516711896,0.1749438128968251,0.8410252270904255,0.9434418729122144,-2.091666951515151,-0.5116683979855606,0.28805090276568607,5.843679115386857,-1.2827807246117704,-3.304596477622523,0.02,0.14787231946130022,9.7216235914516e-4,0.09389054023057444,0.5211642856705945,0.2361006922783855,0.2167289888534399,0.26070236965876725,0.9398034266861294,4202,-1282.5480487517668,0.17471664514110885,1
0.29914098154834357,0.21917023366370136,1.0831244799867523,32.160337801477276,41.04918483154724,80.3526456614675,2.517138998327986e-6,0.01112857030126135,0.17975831033661405,-0.5290915483376316,0.14660117629707983,-2.091666951515151,3.77619698043924,0.16514048958539915,8.076356433163728,-2.510261010198734,-2.6194300226318994,0.02,0.4095711743598439,0.00255924141988958,0.11843905033427816,0.3153766851116956,0.15405384877429268,0.00979426101974563,0.645630924121161,0.7095857409768943,4203,-1307.3684302832355,0.17483010329446497,1
0.25894689375430613,0.17875288048605867,2.926653537836995e-5,37.468490962323045,7.403995221621292,8.6969968867795,7.948430774130396e-5,0.0218097584610979,0.1347977004938914,-0.13994010347924357,0.9826810676207052,-2.091666951515151,0.12400428378315308,1.5771777426878484,5.82319206528679,-0.1486829070166947,-0.2236443319846967,0.02,0.27763254951701655,0.0022277897375203,0.13483468691515105,0.4138619163675502,0.17144305746276198,0.01078070469730385,0.3285338396020227,0.8343339308563216,4204,-1293.0691407847082,0.9593886214466196,1
0.2487585287195826,0.20383889976545488,0.06627570296805041,20.676682099991815,351.94271960759846,1.8574057655260097,4.2072702393499903e-4,0.01894700822851993,0.15164577361320752,0.8228609947249023,0.9151335696917682,-2.0417833313131313,-0.5455324061838287,-0.02113615575160548,4.544237440206003,-0.28527804553893565,-3.3659323629523255,0.02,0.3332728112112385,0.00552865996229796,0.07184702107299938,0.3893376760734384,0.20001383168002576,0.04077560613647398,0.3584302564391183,0.933650868036623,4301,-1283.9851343413616,0.28299532105117814,1
0.1403850179018917,0.13909667218663205,0.08226935924046662,21.552006900874048,311.74188305600046,4.237300498582043,9.333939023065634e-6,0.05361177435012394,0.04431697243966044,1.3958662476369557,0.993204650397826,-1.991899711111111,-0.7674860259847477,-0.40258014200854664,2.797221442594904,0.8794756385021906,0.28417681537873474,0.02,0.10908874338112848,0.00119430468796047,0.4329882601501608,0.34222355216196604,0.11450513961878418,0.01943970239057908,0.40384427860447486,0.7292997374989629,4401,-1259.9752171575133,0.5011996947305163,1
0.17513470017621346,0.1844208044452749,0.3640990336831948,26.639718327763564,56.22235780006625,3.801074499886422,3.5959973080338325e-6,0.01177550765847155,0.08635133296445242,-0.00466731922001753,0.9971869584430832,-1.991899711111111,-1.075325414165471,-0.4199356881423894,3.9598972158489856,0.10148094683956636,0.23402615561606288,0.02,0.5163930426170504,0.00543844878371115,0.0802784106536043,0.22567002641965628,0.17222007152597785,0.02074329903672996,0.1886973409559497,0.6336803516007802,4402,-1274.1195554048388,0.27064367611698203,1
0.138781986851385,0.18231199553938865,7.428013854089698,31.98925999581321,4.270747058979707,8.939937586503996,4.524766430684688e-6,0.01146893291744306,0.06760112333879874,0.6164085053329587,0.9989534021782224,-1.9420160909090909,-0.2646973312245796,-0.11594668057587076,4.493364389557477,0.7010486473082981,1.2552050272435809,0.02,0.4860046691399673,0.00278218758414199,0.06670621340545368,0.28380091232407983,0.16070601754635716,0.03778674393792858,0.24608304684673885,0.9666369095941432,4501,-1275.6460907885505,0.6895875430257461,1
0.14836598685631294,0.173608913703553,0.06050361263026763,22.918324978683906,26.46664310341118,2.531242371240894,5.737580905429831e-5,0.01468360272238351,0.05419104827481193,0.28771884136228265,0.7646687289338411,-1.9420160909090909,0.2661958774355844,-0.37423180481368806,4.069317594972567,1.5330704426842328,1.1252947579824908,0.02,0.2922173332922773,0.0017828019324768,0.21843573081452297,0.34933032867213337,0.1382338052885893,0.01212615836337245,0.8905139695210185,0.9346765563547664,4502,-1275.1535840146564,0.26348606066710734,1
0.1738374325300321,0.20436136753341844,0.01913261955145993,20.338255906702337,16.055034005068016,21.025967387342593,2.725306687459399e-4,0.02633517635164858,0.07017212977353414,-0.9051378261334624,0.9807305575550894,-1.9420160909090909,0.7670715064885494,-0.02293970418891542,4.789932025046111,-0.3153019811367108,0.40586807906585715,0.02,0.40212247898963105,0.00106066787864649,0.12134547157785322,0.348081011243068,0.12739037031080128,0.02979303936178055,0.22612985131579608,0.6382175659581505,4503,-1296.9368714971597,0.26817215330165356,1
0.2866640409915259,0.12016760729531883,0.11178863898279084,388.0451565673238,13.694755357339533,8.725657885307227,2.0277979075222426e-7,0.03135187150562376,0.16824229811176475,-0.3312851319184241,0.9990481852315568,-1.9420160909090909,0.9789869254570666,1.66481602784186,6.195243639498289,0.7513897425006095,-3.32191826107612,0.02,0.10383433664662706,0.00192499915159674,0.34703382360565604,0.20914199988617152,0.3380648407099485,0.0148876214533432,0.49511743061725544,0.8803488469127275,4504,-1293.6013612904944,0.20875784778436077,1
0.2773886736442147,0.12900004941693427,0.07326235303570042,20.6278665090419,17.714938616874065,11.922665468778137,3.88589281325596e-5,0.01416491659429542,0.17243711867514003,-0.30206379637013464,0.9529147298201474,-1.9420160909090909,2.8753292228606293,1.9020736523043824,7.8124424568029855,-3.2395968789577316,-2.2929396228270233,0.02,0.4131881548925512,0.00545727045213526,0.14869790538781444,0.28602897769593927,0.14662769157155997,0.01203834970212959,0.25364902055366084,0.8779527245412533,4505,-1294.6777923772831,1.348475277371534,1
0.16790597866478077,0.1426889277566696,0.1633020947649774,347.15355450787536,322.41992905031543,5.958913573166131,4.81015373773204e-5,0.01928350880370842,0.07976751474479817,0.5585861968242715,0.9963387618695496,-1.8921324707070708,-0.3487090627266634,-0.484656373008535,3.7188314290471465,0.9525031594305996,0.8023048739487783,0.02,0.1955095542169224,0.00206072352362814,0.16909033187808947,0.1789840529466105,0.4543553374347494,0.02329170562547971,0.2273551656155324,0.6738634132690989,4601,-1263.955139579686,0.22973560483349376,1
0.10840458920916328,0.16980376452537604,0.04798357471324848,54.56167902049357,16.218732919801745,3.0683460302126524,1.4217556509582346e-4,0.03032652176524255,0.105968535360165,1.1112239345118746,0.998516494103492,-1.8921324707070708,0.2658861315267237,0.6610199808613798,4.120959985881927,1.2348755908879754,0.47840645861489234,0.02,0.1268834038917698,0.00122871747068741,0.4357075411498503,0.24829072428789117,0.1878896131998014,0.08127337405197409,0.3301731057871292,0.9924004519218916,4602,-1274.4647152542263,0.5338897945759388,1
0.27055329713857307,0.1487410006988214,0.35316764859102007,10.996172410470413,19.62899019992815,6.185977856487946,2.1548549957482125e-4,0.01414400411658426,0.10423947671969112,-0.4687020575885571,0.989454902688105,-1.8921324707070708,0.8953437224690739,1.587067714885701,5.406340471953372,-0.39293513864071294,-2.563836820967789,0.02,0.19947733330935224,0.00490645819003388,0.12511890257808095,0.42513599239471567,0.2453613135278173,0.01166181526686885,0.9198081110623956,0.7693505579579832,4603,-1289.867398739921,0.35197224854536674,1
0.30343369087226435,0.12289691805607456,1.0680025739491277,174.9513776933427,49.43033270540839,15.20129507766245,4.2519585353641794e-6,0.00854045975562899,0.18204819606254663,0.9697595635217182,0.8417585775823607,-1.8921324707070708,2.6521166402651897,1.750421231942768,6.306312454250442,-0.3096328438290928,-2.62908598314888,0.02,0.3180101811758013,0.00173014109483475,0.235097127737642,0.24094402716472416,0.20421852282699787,0.01172842958842582,0.6182001093914677,0.7846337061398814,4604,-1305.15649743331,3.3431101076682297,1
0.1195357370778897,0.13320079099582616,0.8539254329335411,26.406324497787654,204.26915324556,8.241603494052407,3.508014118894584e-6,0.04198269837584816,0.02084836038338442,0.4089773657015101,0.6420880136891243,-1.8921324707070708,0.06815541596820648,-1.4735917070338944,2.4058692360878804,0.2130033945223052,0.7939100388682976,0.02,0.09452439311572322,0.00171112623204083,0.08960734378536743,0.5596972487722811,0.25445988809458747,0.03856666920616083,0.380695380045482,0.492620362442972,4605,-1303.3273622123413,0.4987678197037677,1
0.13427908253252446,0.1926559786327049,0.10711607678463377,19.166350933209767,31.423969375573986,1.4455903621867308,9.044512541693136e-5,0.02678174253166181,0.05559348813475689,0.4999262998560806,0.6926140180188314,-1.8422488505050505,-1.0754838174232249,-1.0602474485225168,3.568952214603754,0.3443481706770717,0.6110031442258391,0.02,0.16678552839498545,0.00155007900894024,0.16610382571301732,0.29611042016632255,0.3694501467167344,0.01795302778523925,0.35862548751088413,0.846832984114141,4701,-1268.3472616644242,0.5370990841612054,1
0.1738812137619621,0.17594134561715252,0.00159464010963814,36.86681610480408,41.52595452969604,1.9602364566818324,9.462697848681842e-5,0.03942629060760904,0.08086836266453962,0.1733314659616497,0.9106048321281308,-1.8422488505050505,-1.568562825313426,-0.8044176898849352,3.40679846584555,0.8606518426803573,-0.00337037208219105,0.02,0.26380826078393244,0.00181388293733924,0.05863295065915584,0.5278407194242128,0.14790418619535964,0.01911853493194972,0.13486844662811404,0.8731292443892753,4702,-1272.7683695605476,0.36420756195625376,1
0.20197189630749035,0.13176897545413446,0.07861789840623351,41.59539451314689,94.30874643536896,9.547547040348386,2.6540010845162814e-5,0.03417754662071565,0.10296343748592196,0.11822736288212356,0.9357735618483016,-1.8422488505050505,0.5494833649509542,1.370941592110567,4.053339510859655,0.7162468251699545,0.39622746967618167,0.02,0.15817575332109374,0.00100972373488164,0.3086407787078012,0.28290980067014615,0.24926394356607717,0.02013124121939725,0.4604707956747293,0.7180846255479981,4703,-1270.17086583737,0.23346893369839827,1
0.1772803082813432,0.17506394436628148,0.1412584582260675,21.99438890896292,67.63266504173647,4.480995413290257,2.28203390343029e-4,0.01124015720761511,0.08599395701031586,0.3708112105245662,0.9870578641108232,-1.8422488505050505,1.1652248909007443,1.1420828244122636,5.197905692933947,1.2015535441646863,1.235174418187257,0.02,0.4367136257341787,0.00196424920313752,0.15826933147002,0.2543753000291032,0.1486774935635606,0.01796085747496383,0.6633026520079058,0.9426330905515734,4704,-1270.9043908746391,0.22157271764622827,1
0.1562875256355447,0.1489512533255926,2.089351876705539e-4,55.57722323784673,190.91550609436425,10.256071880635025,3.223716042288761e-5,0.05699678658539852,0.08138452153994982,0.4323233419683369,0.9887198503899012,-1.8422488505050505,0.8415651054995102,0.4649565744398912,3.895048249381281,0.9320215711855906,0.7281453936377985,0.02,0.0967740176959761,4.6166028886660573e-4,0.03097013515216263,0.46774875738020744,0.4040454294827872,0.01837534403077698,0.31887618563701575,0.7482084555534961,4705,-1273.8995342540686,0.4490560620872958,1
0.16692802811763796,0.21772424156508716,0.00219443218543356,29.07133800753879,2.984433730334087,4.250933193851804,1.7574086198034324e-4,0.0167626305190977,0.1058016201299686,0.46128301650893455,0.99752931496894,-1.8422488505050505,-0.26657087656352474,0.6695725852537825,4.798089619258913,1.136461146602932,0.39070822437740665,0.02,0.21725723511024125,0.00200825496726794,0.4147057445781828,0.16810035735758777,0.1979284079867203,0.04841623636597255,0.5163934946720391,0.9983220009206852,4706,-1277.565141217519,0.32588929800220984,1
0.04045550690972593,0.14409612876958786,0.00119672644317166,19.597180496520387,282.4549451125355,1.9359179355377856,1.7660261398630633e-5,0.03583305515857645,0.02514673962185507,1.9688927854389036,0.9100742796870148,-1.8422488505050505,-0.38679527584774465,-0.8386091835343059,2.6847098603758024,1.1766650377098815,1.2772023794765015,0.02,0.23419643609955057,0.0016843048155,0.04105895599819986,0.5155372967112924,0.207523006375457,0.06888553118901329,0.2158182445044809,0.9922159049734935,4707,-1279.363664829194,0.5678631257579655,1
0.23119167012089537,0.18585099679528225,1.1039675544428784,92.9752553860082,6.8301708491070885,0.13181860202290824,7.325121170974569e-5,0.01874263574021676,0.1533291729194363,0.4411562642424234,0.1904518146019196,-1.8422488505050505,-1.166889965035243,0.742010452738895,3.998282283107662,0.9206912857477804,-1.7100104231408164,0.02,0.34352290180348477,0.00124086960751066,0.3613054990715939,0.22760408054630404,0.06632664897110656,0.018467811377831,0.27615174463988296,0.9670537466622464,4708,-1279.6745286830198,0.32086689565505916,1
0.13955771678881906,0.17693593623850862,0.32057089305737824,370.5248503086406,5.003318893067475,1.7219004271701377,2.926472172499423e-4,0.01715691420818322,0.09947122962772868,1.9057799625356893,0.9316369181186606,-1.7923652303030302,-0.8222659506236377,-0.08214721206624406,3.246972915976159,1.7448676148926172,0.14085136562867392,0.02,0.21198147470149548,0.00112687007586824,0.14716939490148312,0.3649023394728569,0.2748199208482963,0.02180405906587817,0.41087787117096897,0.9987037409419828,4801,-1271.10433784548,0.32567224658919464,1
0.19807986650502185,0.144211100068497,0.4389398976873573,13.82258259499303,11.94775950740152,87.17579538422112,2.4822848356515315e-6,0.03110986239388648,0.02409247078524709,0.143685211255327,0.981248688848392,-1.7923652303030302,1.3219965970404006,0.9952506180336692,4.893936515933588,1.0384166661421657,0.9257036623967236,0.02,0.6802838602631066,0.00107851897898571,0.11401042474942824,0.16765144104762125,0.03697575496085817,0.08690528816515584,0.4237355794188871,0.8445775236949592,4802,-1290.480470537354,0.3024129587623922,1
0.243516320449736,0.18118939135134376,0.09688544507781358,13.58789491758463,32.05688327529541,4.243829326042648,3.091610735494653e-6,0.03306417579847739,0.13762566634527784,0.3236160050019194,0.9900024385847708,-3.987244519191919,0.9830845376380516,-0.1048766914188982,6.148507080791567,-3.6467426621465298,-0.36918212230248687,0.02,0.07786640958936424,0.0014981385347846,0.2340986896047627,0.5027488547571647,0.18378790751392385,0.02099676897642637,0.9622051405640404,0.7725357743940495,401,-1278.6588989036325,0.1640696348832381,1
0.3118731511246945,0.12163362961789571,12.29158665809056,26.58120183482707,16.455102314820632,21.415491607877147,3.284448699011872e-4,0.00348007286036624,0.17552535748622558,-0.5166873742928484,0.944724178274006,-3.987244519191919,3.9560728646517167,2.818893361366256,7.607334299718835,-1.0684167942442249,-2.8571064085568643,0.02,0.15435604162615718,0.00307571906771712,0.07677036081984259,0.6134118732906103,0.15238600519567275,0.00862965509300823,1.1396326068082103,0.928235115603468,402,-1295.2529342886244,0.2848571246600572,1
0.07454605902415593,0.16714061956911205,4.101364183689774,19.19130375006229,6.557882178838116,0.1404779972817056,7.452457921686453e-4,0.00954638991633814,0.02605703177875097,1.8250192297906929,0.592603780038082,-1.74248161010101,-1.5438897402044005,-1.3580715844666018,1.7621231647095512,1.1628805576266166,-0.33631483640554916,0.02,0.4353348554071633,0.00246301108319778,0.2479159658583047,0.15901717117711317,0.1552689964742212,0.03742039011007233,0.513685101759437,0.8558201271605274,4901,-1279.4939084614666,0.43904816235745736,1
0.1269404525929737,0.1609602035255409,0.1249542060346349,23.183247572438933,27.78434250029783,1.9566781278202363,2.9582155019990984e-5,0.01911547928433208,0.0573126431439312,0.71056610246924,0.9910522069839188,-1.6925979898989896,-0.652469243939297,-0.6431160405993758,3.9794999904577666,1.002231128733568,0.6369438227125497,0.02,0.226084700799496,0.00334215375137538,0.12724719187094602,0.3182766215153929,0.3250493320627896,0.03336870856897855,0.7602026504183712,0.9189721194502072,5001,-1266.817962060149,0.2324879249292753,1
0.17974828438084164,0.1910706903926341,15.03586612133378,12.196044549488017,15.13793972577144,13.593328327500092,8.85491984678054e-5,0.03277537809444791,0.05346068227686596,0.8090785597743307,0.16529084541201772,-1.6925979898989896,1.601735448564281,2.510314587005766,4.6440708679789235,1.2416476448402864,0.538012791116028,0.02,0.2675678018372354,0.00175676975227481,0.02451876040139242,0.6048098018072195,0.10134686620187788,0.04477900031780641,0.31913468876917267,0.8732601413258935,5002,-1281.8515802202212,0.26628242081392484,1
0.1517760302806568,0.12597966697462734,0.02243284264935921,44.00471391445836,59.74641216954474,3.6044343743242817,2.3294473785049797e-4,0.02745358086216754,0.04700596740357165,1.6257129672358808,0.9733960463569394,-1.6925979898989896,-0.1941725271620981,-0.6973193637147929,3.3793837830200673,0.8431020864302774,1.9127119491324336,0.02,0.16774070365950147,0.00166335793394926,0.07143282676925956,0.14609361192477846,0.6130694997125112,0.02582440503604171,0.16900327281957248,0.8935698782682183,5003,-1287.9464622955609,0.6373011871858894,1
0.248976779263238,0.16435032801720256,0.38092970499216494,12.239878923102763,34.23492168530239,12.199923430476485,5.056352079866008e-5,0.02659034825319383,0.14261378663290927,1.5640934837688782,0.9786359554263636,-1.6925979898989896,2.090119899162461,0.9666682080531952,5.472721010436387,-3.1196523003532746,-5.845815345661074,0.02,0.11315285768331504,0.00188451388098658,0.3968643126904269,0.3423678380247807,0.1457304777204909,0.00970888422128691,0.5800450963960694,0.7070943395088772,5004,-1293.6189132268692,0.34252501070223984,1
0.3032864673691731,0.07727412336130186,0.0031504423771727,58.078585306510554,14.019108238040598,90.02164495711436,5.890924938085507e-5,0.01754675338815581,0.1825300685694073,0.40631036235495355,0.9989169588176042,-1.6925979898989896,3.1584265846360986,2.2334554180635973,7.340891457534682,-0.69740697749622,-1.7544050630399903,0.02,0.41570070778901613,0.00311541122781406,0.0743544547413075,0.2075045254471247,0.29932490079473756,0.0099090211920134,0.29326945862779363,0.8317010450847812,5005,-1315.0637876878452,0.27595326771306067,1
0.2370691869656845,0.16583128983591133,0.03532559606500968,15.458790677321518,76.19895654995445,1.8674451337641216,7.193305268969579e-6,0.02703058807205988,0.11308122673613431,0.8829562490042169,0.715617030994266,-1.6427143696969695,-0.8814645480293332,0.4604907019358534,4.301983767319005,0.23234451308136853,-1.3811884144274442,0.02,0.15340882659567778,0.00155746184436455,0.3676879210768327,0.25791449728742744,0.21943129319569757,0.02483427461079782,0.6576687708944708,0.9383322644684684,5101,-1270.342301481524,0.17566326000457205,1
0.1586524050531075,0.12950049424233148,0.23881174555725493,34.78066371508582,85.4726210392682,3.792088094975965,1.4367655385819326e-5,0.02039130482990922,0.037552484635332783,0.6055000220124661,0.7819021781865548,-1.6427143696969695,-0.1424730986798633,-1.0894911454941398,3.5665682411610984,0.937113615381867,1.5678621686359238,0.02,0.3431772557159339,0.00152597540719284,0.06452476422734449,0.4673830591241846,0.12338894552534412,0.05090774159978138,0.3775786625177418,0.6971437738661904,5102,-1273.1088617134503,0.35453138612351953,1
0.2776257318001903,0.1452201955774689,0.261253209881233,77.34614453921938,22.149083175901247,17.82688607120369,1.5346346371464424e-4,0.01143296691987166,0.1646139621611866,0.25337850436873904,0.9944462737894696,-1.6427143696969695,4.056255380317166,3.204057612684943,6.867198814157632,0.8823098264765006,-0.4527739928082993,0.02,0.560320387835148,0.0032906225397611,0.09619542306961217,0.14601761598433957,0.19417595057113904,0.00831579058153769,0.3434070002216992,0.9809065264885274,5103,-1289.588730784374,0.25365655840422174,1
0.1683793119252419,0.22646996856397025,0.21637866693196867,22.92178948370258,28.565654372756207,2.33231667208418,8.878003357111637e-5,0.01163476826200577,0.10045696615996112,0.3615594164951428,0.9974953427399804,-1.5928307494949494,0.1667545752608474,0.4344062927440359,5.2027266065387,1.264319431373357,-0.05992097105822792,0.02,0.1878402800511282,0.0018880850951493,0.1552726682953873,0.3997612080363358,0.25523775852199937,0.02206829424610435,1.0370398691196678,0.9949128126519292,5201,-1269.9538250642,0.42423862742194673,1
0.2503223491344019,0.21603617395471017,0.00117551960154745,11.892475481893191,1.5288797568351065,7.629000695155217,1.351520135901807e-4,0.01533579893833264,0.13187182016942775,0.9368245896355446,0.6739549525787826,-1.5928307494949494,0.9113963836958068,-0.7792969306687989,7.440841971503009,-3.840975864975283,-1.5436768690148928,0.02,0.4040510123697221,0.00332393149828548,0.09213630800481652,0.3827263609779186,0.1177623871492574,0.01818629844260661,0.3444366546775912,0.973478611014958,5202,-1284.4692848513896,0.23097303531298188,1
0.21970501978912657,0.10309786774184795,0.33017282221377514,175.19477870254175,73.60661556900833,7.0334383641592515,8.948973528114334e-5,0.0175884492489562,0.08230249980718587,0.8677872339902042,0.872469867829938,-1.542947129292929,0.3691660044158675,0.5016536477106139,3.662586608160951,1.075934227220389,1.2821189869942962,0.02,0.31166839639154287,0.00301159931209103,0.15614345191057172,0.44468624443346705,0.0844903079523272,0.02586863051051355,0.31914549699100686,0.6946516385895536,5301,-1269.630965275669,0.24378499203458875,1
0.12003127004485012,0.14173025677326315,1.2797595874169157e-4,88.74913330292279,208.27156584593521,4.6043857851534336,7.605686238667075e-5,0.03469578764099403,0.06372207192761532,0.5221565435225816,0.9977025979193744,-1.542947129292929,0.409987761544222,-0.3126694664114749,5.167445935208173,0.9422892195415838,1.7250538788246403,0.02,0.1222820110542405,0.00145458972287496,0.1424823026332337,0.5916654543999043,0.14211564218974676,0.05155656687137237,0.5568920193599007,0.9300580241009572,5302,-1275.5304146912006,0.5395730647032705,1
0.20098156896806657,0.2265622797268562,0.04804437394635282,18.136103454285703,26.176189027742744,1.3008802729232438,2.476131695422048e-4,0.04293348776856794,0.11291693623291232,0.4583864026720697,0.4981861944319399,-1.542947129292929,-1.6683086638924534,-0.06598130557355623,3.18284788819277,0.5289200247495978,-2.0927649839596976,0.02,0.1013426106478716,0.00194503313266729,0.18252215939871527,0.18495523945570097,0.529234957365045,0.01847066664820488,0.34893536614534765,0.8336698539132562,5303,-1272.074801423883,0.3316741034503524,1
0.23026371285121777,0.1697367353520386,0.6194058136434197,87.77913798238554,124.25002569405868,8.751486785947236,0.0011718043824223,0.00538497720975927,0.14711357792105537,1.1078410165733048,0.9812143842863192,-1.542947129292929,1.2026107915322664,1.6064936141113342,5.320535204057648,1.418461533440167,-0.6431738097372358,0.02,0.4431058086986956,8.604259626417014e-4,0.08363142144473329,0.30083573076534326,0.17156661312858631,0.02156556108203006,0.8088416831450945,0.7493431444230214,5304,-1279.376949476086,0.3052368523641272,1
0.2794425906059818,0.1675661316617162,0.00386578220763007,8.396209463227118,6.929168524398465,143.09383580389976,1.3356844779628018e-5,0.01565510159829556,0.06505048372534311,1.6982363875242086,0.993473464139866,-1.542947129292929,0.5539021763316401,2.66036765014068,3.5957534399404154,2.5998710399192615,-4.781429769481016,0.02,0.5493022281132661,0.00250577087528408,0.06408459524763206,0.12753076731500895,0.25657663844880885,0.02561979505862933,0.5184332232963692,0.7881281523898866,5305,-1288.1367149435723,0.3836896538085974,1
0.2964346399450687,0.12996905770683534,0.9182867536400172,68.71477904426358,20.317352933162457,66.37002116350381,5.81251139506628e-6,0.01423315011164544,0.1712076898945161,0.6388636763472892,0.4719371490639349,-1.542947129292929,4.557932738670953,2.6752731684179,7.578753917530697,-0.00766483567258141,-1.7222862204862042,0.02,0.33500530324743183,0.00166543362214666,0.09796788933470978,0.23035322714344453,0.33500814665226725,0.01836518763778395,0.42996478738238786,0.9810450876631724,5306,-1297.8281997131298,0.5457237140483854,1
0.2913890884810035,0.11210653967131884,7.535358951202352e-4,70.84814183078146,39.054777324664514,47.156631532151835,4.131727805702293e-5,0.02149361793430118,0.16875925305316716,-0.517137703165836,0.943213633653007,-1.542947129292929,3.601768170082791,2.54447257860121,7.088934117155389,-0.05604006310039144,1.041408886719606,0.02,0.34254586675002613,0.00195671892754499,0.0725203146047404,0.25537172062857627,0.3276053790891122,0.02403594808871289,0.3821489381865548,0.8266543683079701,5307,-1305.5158225134116,0.26156673159903954,1
0.04260576567490457,0.17196309211636848,0.01626763740971688,24.104828880388855,45.33759771987951,5.184269311115255,6.971084928533634e-6,0.04731546533807591,0.04908128020940178,-0.26041121698534947,0.963219285910929,-1.4930635090909092,0.7231782498030495,0.29356281139315515,5.486989761794198,0.9306929082124336,1.7027261838818677,0.02,0.12345251995160912,0.0014647594790667,0.04546653855924929,0.7616517182652857,0.06796446374478923,0.03738934639949168,0.33473307312224354,0.9000693531297167,5401,-1274.5418969361106,0.4361448396347328,1
0.2978037687610372,0.13842462841269215,0.02600588214847006,31.733461867080244,5.76476380876819,7.600013701731835,6.486448103150858e-6,0.01673099261306614,0.16235040756034813,2.0310435824043296,0.8155418973305762,-1.4930635090909092,1.0746935370094977,2.1236496500473976,5.53849845996983,0.23184120371940584,-3.1371377721045226,0.02,0.2453093770163945,0.00117891493441765,0.05561046857558364,0.48508176561491145,0.21281947385869265,0.02674081996911032,0.6200590939736947,0.9973182731791296,5402,-1312.732152855202,2.384679611849571,1
0.2219798439118977,0.15644435310415306,0.07315692575892235,177.24827189877692,40.83153439789785,7.058017847076027,4.3166790468445e-5,0.01638715676521313,0.13390085224770815,-0.4839050952650173,0.9612394969178888,-1.443179888888889,0.18623243256070407,1.3461525306335531,5.426302991185057,0.8199586540848461,-0.12367573884067552,0.02,0.21377190315437083,0.00177704571175316,0.1795881904499707,0.3976376183051736,0.20722524237873177,0.02956388478149754,0.47588131710980136,0.820818527767907,5501,-1278.997122521626,0.36457825813616335,1
0.2280952091421427,0.1823432472223307,0.08038708576433998,32.473200782556276,19.035934753147483,3.896669806973064,2.16205045922164e-5,0.01879768312362126,0.16028840343173864,0.5240695270679283,0.5644755139683858,-1.443179888888889,-0.49894955576882594,1.5525468064627832,4.904289209288724,-0.31706909284758145,-2.2128098232770275,0.02,0.32857962876080204,0.00127914628886012,0.1923818887118925,0.33202712001930224,0.1457322162191432,0.0155454512002913,0.33578209854465285,0.8137812456559248,5502,-1287.6063013850226,0.48474353797322334,1
0.32922436985674275,0.04540527029189918,1.851505799208449e-5,9.115462072886851,77.1369797788544,27.1297925999276,1.3469055780669198e-4,0.04267121895211553,0.00619542306303496,0.6070043460476355,0.8554046328604125,-1.443179888888889,3.130822662668538,2.527715852321877,3.9659525996962777,2.5640905087868138,2.0339323379625327,0.02,0.5086032732970236,0.00130162659994443,0.09019063528656228,0.2487903187988311,0.1511141460176385,0.05661900890813004,1.1233656498044189,0.860701705146655,5503,-1346.511127101551,0.7861908701084573,1
0.16223136200976654,0.11307458363825484,0.17560730260405202,63.5263766157121,147.18017934227564,6.565512267528709,4.7009718306227226e-5,0.02354026652869222,0.04216222323373634,0.8853015049891273,0.9944233864244778,-1.3932962686868686,-0.12807885698263893,-0.5362813097846324,3.173315223792403,0.7365971735656504,1.5039427689454918,0.02,0.07092697777729721,0.00286236835330171,0.10708909864969902,0.4519741730003494,0.36714738221935256,0.05275460634905837,0.4565033558442779,0.673584131091448,5601,-1268.5940081877716,0.2721278180776272,1
0.13829176447989003,0.1951228253517291,1.5891866884558912,19.139267503443246,7.150081566098592,9.467702380600372,4.886317942149093e-6,0.01318277818573219,0.07407323493313525,0.6870828936168513,0.928561578893013,-1.3932962686868686,0.9341029077639572,1.9023039662372192,5.364427610498565,1.1825136558988207,0.8142451648791105,0.02,0.26181831593084104,0.00224455210239637,0.20653357474103265,0.14483001724087738,0.3845735399848526,0.04587697618570961,0.7791435795353874,0.9905009062261132,5602,-1275.0054927624765,0.34018951434231004,1
0.2471011479845506,0.2130344008168862,0.09981006442301812,26.336296520546053,35.557284919988355,7.866209264565577,1.0038252230698548e-4,0.01789400285886143,0.14663673901980023,0.3348177350201612,0.9942421862692024,-1.3932962686868686,1.295366894485385,1.3695369205971857,6.303118323020196,-1.089650655528023,-0.948386919780359,0.02,0.2536842459226762,0.00305299617798972,0.05319665041283562,0.6241266300516783,0.06593947743482009,0.01814295022731535,0.5588295537994604,0.8265603116224829,5603,-1284.376063265871,0.1984509791017539,1
0.2795492793439871,0.1200302734900718,0.17969131381868114,71.18350299198534,25.431411023101003,14.911410437648811,1.473091208989698e-4,0.0069091493212511,0.17022146850476036,0.7013652253342013,0.9911293476092042,-1.3932962686868686,2.706024479847754,2.8110800937392293,5.609872369007921,2.371959298043608,-3.3574277532560197,0.02,0.31696903116447817,0.00146989799629843,0.17482724131736735,0.2195806343057204,0.28715319521613575,0.01966924752705482,0.7769364652884799,0.922371770160024,5604,-1300.9439528794644,0.6160377624057527,1
0.20286420054267976,0.17194389325399148,2.371904949685191e-4,67.99850992843238,4.888040951398719,245.0674235491717,7.932308859898751e-4,0.01564748693518766,0.1253192708674058,2.288722835422939,0.6083940390200593,-1.3434126484848483,0.3251155808480515,1.3466949864842268,3.8964587661992023,1.9216714003011863,0.1308695747975083,0.02,0.5955152961262669,9.585326876554972e-4,0.07543662088132701,0.24460121255979836,0.0834883377449522,0.04884571180926112,0.259203431762603,0.8332544246445871,5701,-1271.332851046124,0.2542676731636153,1
0.1926078329317809,0.14892606289909366,0.03205917950566842,41.79034804081374,96.62245759271678,5.974856942311129,2.528911977653795e-4,0.03927135775905824,0.08801802016900291,0.49970981283975147,0.7488053514467428,-1.3434126484848483,-0.1943717317396128,1.125293968618087,4.134692147466574,1.2595399259435691,0.6608684343660993,0.02,0.17976372071666602,8.165346347842165e-4,0.1962838729625025,0.31842956845278264,0.3047063032332646,0.02185706526240357,0.20381569327752172,0.8025135892492683,5702,-1270.718716544009,0.1970860426298341,1
0.19191802516598316,0.15089787209955674,1.5599271185023855,76.00523451749014,10.40297633902207,3.7035569510894017,5.252301162437636e-5,0.00618844524064681,0.07753731675693196,-0.11212815334958529,0.8583937026715526,-1.3434126484848483,-0.02012452182281989,0.6838922993020754,4.078504781648579,1.400479794817265,0.5469159290220681,0.02,0.5551519671656543,0.00129732166288015,0.1625548145151893,0.1423062852125543,0.13868961144372202,0.02122692034127306,0.6006020554694655,0.789845095867875,5703,-1276.8735964725956,0.18623597300599132,1
0.20773299562106884,0.19784809546239737,0.05074062017275734,56.138237467126885,119.53257980403498,8.187461497717791,8.827128223317727e-5,0.02526120808782021,0.1360377175782885,-0.8512607622873868,0.9860469420034844,-1.3434126484848483,1.1270188196897706,2.081911534458486,6.114771794276094,1.661292900539308,-1.154142439133348,0.02,0.12472706304192516,0.00315317336065098,0.22407902455050424,0.21006721399504968,0.43797352505187,0.01882672383629284,0.493910618051546,0.8737410411743102,5704,-1286.8941243652678,0.10614538737338414,1
0.24596946347585985,0.2424676365338209,0.00278162281248166,15.780784137288528,17.716293184165185,1.838870401807143,1.823265259178777e-6,0.02409120177283459,0.15000119482798574,0.04962683429550952,0.2585368683744551,-1.3434126484848483,1.0203039614277565,0.41816300520050886,7.139976022364557,-1.8237020415976923,-2.024257633850277,0.02,0.27076193262768167,0.00146898442607028,0.2601140172377486,0.261499920983421,0.20615514472507857,0.01993871067569852,0.26410814981103936,0.9371889099451978,5705,-1288.1842250407533,0.1846077560068715,1
0.19509559097889032,0.11345619842314944,0.12504209193476884,15.304987627994873,283.88599545506304,9.902876262318085,7.44957209503634e-5,0.03360202540333835,0.04607382298039807,0.6748100371964163,0.7672632443501003,-1.293529028282828,0.7383892315926517,1.0521076902564428,3.710665709978987,0.7232459948308455,1.1615251634712185,0.02,0.1221558686572333,0.00325476517562901,0.15892243351400925,0.5853874039728517,0.13027952868027676,0.02920761154096422,0.4337720284898088,0.689542358816846,5801,-1262.2746293287553,0.37102405328785354,1
0.08337748281944105,0.1265333956163863,0.07368885315607883,25.97762140748539,53.82387167674069,2.861894712410225,7.226242260099193e-5,0.02534565251261569,0.01336767759223369,0.3295707270223141,0.9382151002511616,-1.293529028282828,-0.3522062767634823,-0.809248402792907,3.067456760498615,1.6341444097022466,0.8777571876846595,0.02,0.24647100283986523,0.0025127867152927,0.17281678198760633,0.38821994955906886,0.18997947889816677,0.03809561245196651,0.3270793005578157,0.8402883331180538,5802,-1271.990341234031,0.4966939875778598,1
0.3018106737962074,0.1811428692875633,0.00354973397723573,32.423777403593185,94.6695119995206,3.922194197177622,2.9340304271236804e-5,0.0231969315024365,0.19173657599728777,0.6572290185774388,0.9331912948837836,-3.9373608989898985,0.6908177021700518,-0.3881581324510104,6.655530120062562,-4.564880842947572,-3.0378893636306,0.02,0.20423595060456404,0.00165663809203435,0.18973429555969068,0.32828516154690485,0.2760879541968061,0.03068225123959643,0.35499109372465926,0.7971252674892743,501,-1299.44620105695,0.4010864627926682,1
0.24997845792505569,0.2510136457969597,0.0296130166899438,22.14168574108707,5.038101337079792,5.225574478764666,0.00259311960828105,0.01154046369531399,0.16019805716180965,1.943292535142904,0.5377833840948826,-3.9373608989898985,2.6762452710031073,0.5565766927525946,6.884399810396145,-0.6736361867486561,-1.6633085901867992,0.02,0.49009387289483175,0.00476836635911525,0.1291048579649208,0.2106417323679591,0.16539117041317306,0.02209258411121777,0.3419999576661265,0.972157025134294,502,-1299.980924258754,0.31107978550262894,1
0.2059097332971672,0.1961477420872048,0.02173936332739574,51.208798019088405,35.70950166739777,11.197558872617591,4.1945197379552733e-4,0.01436627472377835,0.11439961019283794,1.6272550203208116,0.9989656426240168,-1.243645408080808,2.4081561659202686,2.180726921719444,5.230252906418798,1.0560706142605396,1.296452803657829,0.02,0.17673687974927904,0.00479855189846872,0.11061594233695958,0.3349889828326602,0.37285964318263254,0.01977960362326388,0.8476441447862287,0.9313562380506608,5901,-1282.839076450683,0.13910587218448384,1
0.21986140351945016,0.20593350186896403,0.38300087888134976,52.569574859784424,16.271120405967384,4.68189858663358,7.63772383222292e-6,0.01621109828454659,0.15530855170732566,1.092969289264358,0.94983507308405,-1.243645408080808,1.4517991080673769,2.23048226582349,5.796361444452941,0.6688639509497333,-1.094662073937305,0.02,0.15586352994921174,0.00103473344007849,0.15740124649578294,0.46858390077316425,0.2171165893417624,0.01590485772773082,0.6215397651071911,0.962866770664162,5902,-1285.6383267033048,0.24811306478511824,1
0.14425697445028676,0.15367324764092527,0.14630098519775847,73.18388710794288,34.1245930883089,5.2679754293860706,1.6050885877141047e-4,0.02473254274108648,0.07507010018896666,1.2742783420419994,0.9651306712217008,-1.1937617878787878,0.6590160590339541,0.5815164258311701,4.266516280803285,1.3532232185824526,1.5601442372344785,0.02,0.09299573689620558,0.00112973850566014,0.5411735041430394,0.20259581168268312,0.1621052087724117,0.05184467569905378,0.6137351723497275,0.8697617730225872,6001,-1262.3440009041108,0.3502458812907568,1
0.13832091356472245,0.12120741237705795,0.21640025249834083,22.322590413513577,14.245437730796688,2.353473067247999,2.6113744200271104e-7,0.029650084347539,0.00886158086007797,-0.30740402532392364,0.9808401418883904,-1.1937617878787878,-0.839017811255564,-0.7799596174795934,3.2737110796743605,1.1045418500754955,0.7087940107870745,0.02,0.334124999040399,0.00237553041379131,0.05391082105786338,0.5559402320137589,0.05364841747418748,0.0345676806457641,0.5597681235337008,0.7970244175900623,6002,-1270.883579486363,0.16591619300108051,1
0.24659135103526125,0.13437123788424254,0.00400128422695547,12.098110006003406,132.40176329164353,9.52466833998968,8.83845782139932e-6,0.01911742966831346,0.05842162279908145,0.18772567892475456,0.913810048703278,-1.1937617878787878,2.017852299472966,2.0310321489817205,5.138329182591562,0.6034579411766762,1.0920426066454656,0.02,0.2234019127503953,0.00613231511868109,0.23606027686523717,0.4370318325446796,0.09737366272100692,0.02062915937919516,0.6268089009706211,0.873806202211201,6003,-1286.0510461042088,0.1991871391384387,1
0.227234422420864,0.2602731587152434,0.04732766064034397,32.20703767855513,13.480068444693924,7.4579321176228355,1.8144232416223883e-4,0.01726548769811259,0.16518362163536213,0.30348254569575317,0.604697659301265,-1.1937617878787878,0.21561632761182556,2.1539829676156748,5.65548668187483,0.08063636891371012,-2.522039582541317,0.02,0.3051049044229849,0.00319671202714021,0.14809858328131686,0.33773005585209936,0.20586974441645864,0.02246918214604726,0.34307793392431324,0.7949331001428749,6004,-1295.8641791699877,0.43624154114445857,1
0.18974375411002933,0.1683678148359492,0.05752333388628088,94.355401000262475,54.65533333789941,3.625439856245998,4.036333262228845e-5,0.02082056813364724,0.10716600698923284,0.742410331028053,0.5911533158009664,-1.1438781676767675,0.8597040846257581,0.9563802007279052,5.636268605623408,1.5842082847723926,1.552210354308614,0.02,0.1833721018310156,0.00200834315234918,0.11633213817871732,0.3910401075784664,0.3072473092594515,0.04309157047932013,0.2596078492416121,0.9909744229772868,6101,-1267.2752754349876,0.35756916971676894,1
0.10418033359635598,0.13669877405628514,0.05603808183647512,18.14258311222556,22.198996264758684,0.6002967549707274,8.550290774208277e-7,0.05367837654555971,0.0280273299235357,1.4920053419247756,0.08591999850119905,-1.1438781676767675,0.7008319117672912,-0.5078974255606109,3.7370604163680303,1.4250746249002066,1.970644467924231,0.02,0.18041829514559865,0.00199116799988215,0.06604787362140198,0.46961137424628063,0.28193128898683667,0.04907000218573159,0.27492088275269355,0.9142992074173674,6102,-1266.003164319138,1.1005848777812357,1
0.10488989252495998,0.17000924229630837,0.01788303568571629,189.58056208482913,119.26782294882544,4.502892600733699,1.0362907901702112e-4,0.01937229389894257,0.07937885708421216,0.5879837324182872,0.8823956535621079,-1.1438781676767675,0.23311456980850664,0.7036180462035807,4.914286651800908,1.8068400106470377,1.5536300618472725,0.02,0.24968902187790673,0.00222658713975787,0.1632744767533662,0.4015620667846612,0.183247847444308,0.02118264106758487,0.17012796227811225,0.9889585455333378,6103,-1270.2249861276553,0.2115386360082664,1
0.1781676991908324,0.15374873849413315,0.09784903445104808,29.87446729276164,42.21357161392623,2.9358933561672473,3.795748785057575e-5,0.01931652821596135,0.0825169111042344,0.11370654303212124,0.8893930513859096,-1.1438781676767675,-1.3590567080493507,0.3853376326957185,3.5217113885354427,1.6990789172308447,-0.4097503235306384,0.02,0.1806511478402916,0.00517412422547647,0.12746137820012465,0.34331383972240176,0.34339951001170543,0.01886762481487542,0.1967828074536335,0.822909976780518,6104,-1268.4775874796578,0.28284226789935996,1
0.25178154075882725,0.17448754238288366,0.02633012278283084,159.26145470101864,85.56427650097582,6.340611281875121,2.531676564122384e-5,0.03852662472313085,0.15880114800772135,0.7176121026290592,0.9828076631049636,-1.1438781676767675,0.509546961556209,1.6632136118048726,5.528737139922573,0.9901312592256126,-1.6825528460399974,0.02,0.07194931228641319,0.00138933404358568,0.07750413953785926,0.6523289385841129,0.1968282755480288,0.05016632565133889,0.5182813741069612,0.9175934208585198,6105,-1278.1125281085506,0.18791452302537437,1
0.14300461854841448,0.1473870443970966,0.3420412446763621,18.2816294977354,148.7985669311818,7.516361729639757,1.365547363378897e-5,0.02469031819125472,0.04644138756000424,1.2148965655059611,0.9758409367859064,-1.0939945474747477,-0.4532343139416828,0.825117037025109,2.494688262027682,1.0055709851507586,0.5723015772279049,0.02,0.20342483156774369,0.0023158851741208,0.2936972283177326,0.34032843451225014,0.16023362042815287,0.0410100248676824,0.24622534386111347,0.6272375797538561,6201,-1265.6418807141567,0.33347767668830763,1
0.15221998782579496,0.1867888157339068,0.02360334880497604,19.997504904162025,189.74101196785784,1.3117754773333328,1.281382773605955e-6,0.07966930597472954,0.07424267188784349,0.8569548915256223,0.5818211406061229,-1.0939945474747477,-1.3798514825243295,0.21893521633334367,3.1229228415697157,1.949370978614708,-0.28356182822326786,0.02,0.18547114718511423,7.481243136493732e-4,0.09705021415694456,0.6526525650821257,0.06407794926216613,0.01624146130249553,0.180628419248391,0.9388258205861107,6202,-1264.3125759363277,0.3877789847897647,1
0.18640513215849025,0.13536978009613584,1.0978463646433687,214.20186375268668,7.254116522629997,7.879277648956134,1.7239903854570242e-5,0.01234759187426758,0.07784224408582843,0.9121703029619586,0.9975136298245209,-1.0939945474747477,0.5961343589650405,1.280422943301601,4.431835508585901,1.5983135966105138,1.199721207800074,0.02,0.3743694135099648,0.00148426359884509,0.1714348003622549,0.3887466173839081,0.06396490514502708,0.00501344674542101,0.505629477233727,0.9615745761915948,6203,-1274.119140840126,0.25515603781848045,1
0.1957538542924753,0.1870649141730759,0.01146015514810273,19.49874353438919,9.205621632234072,8.42839786711148,2.1409310343399675e-5,0.02998791083510674,0.08292973542131458,-0.1470002725577526,0.9565393188154784,-1.0939945474747477,1.323970831541159,1.9918518338734943,5.968384456673041,0.7449267994845523,0.8366965688741034,0.02,0.32433830671163305,0.00302989578180541,0.14710779222939563,0.4092785762181231,0.11624542905904296,0.03140978240352658,0.1804001903374325,0.9641065710895476,6204,-1282.0138649715914,0.1682831092429447,1
0.32547907807021825,0.10302190367444274,0.5526007829163877,17.96010591773309,31.426167869963333,19.60479703699238,6.711873144373778e-5,0.01452823161526059,0.14354445794535847,0.23714523678863625,0.8455724200652575,-1.0939945474747477,2.967546494237503,3.089192103925995,6.6839277402964115,-0.5590637691516933,0.121123318191485,0.02,0.3697802371361658,0.00195897372980473,0.18351422702103767,0.24513433040264831,0.1996122317103434,0.01869139059305684,0.47202563500580874,0.8718808865327684,6205,-1302.9699558911675,0.2661323330017311,1
0.1631013484480559,0.17039985385850573,0.00281085770129673,32.415102392489075,10.53642704109961,3.926950358793361,3.315210065297066e-7,0.02474430952685873,0.06980422135321779,0.9829927361924828,0.9714566233480038,-1.0441109272727274,-0.17195541267012374,0.6670387478896725,4.1109737128282,1.1596322751620076,1.1216355803906024,0.02,0.12686562787881656,0.00193216826215562,0.09232142300211356,0.5494001674215557,0.2294806134353586,0.03417984016531571,0.5070604324297481,0.9957422678454384,6301,-1270.0213787089183,0.3019072646854947,1
0.17586642321665524,0.17760152112955083,163.7552693033419,33.27177990290531,12.081071381634692,0.18146205403188417,5.372664114104674e-6,0.00449687672419093,0.10636936591628413,2.1300143905958633,0.9955513143462832,-1.0441109272727274,1.5461729024119062,0.915430305897834,4.738824088991769,1.033633753566903,0.6661820874693395,0.02,0.3900622913450543,8.610623143660688e-4,0.1314342641737175,0.4542259672531936,0.02341641491366858,0.0117439194003078,0.8139640091888093,0.9719931812687146,6302,-1266.3317179190894,0.6341045569068171,1
0.2463563317053055,0.22314731632855264,6.671280317414649e-4,20.440643613109845,26.359849377620503,2.57394356068668,8.7350943686941e-6,0.03847111206032701,0.1425645262211599,0.6365389246418383,0.9703446466975962,-1.0441109272727274,-0.8408065887509109,0.9876090219935736,4.93816648812368,0.25387945327794753,-2.7060397713836,0.02,0.11870304943140753,0.00126607915247028,0.07781807101629254,0.6327202586829178,0.16949254171691172,0.01791020611974685,0.35278048541555956,0.9933246962112732,6303,-1274.7586522706297,0.1507710018863203,1
0.062234646585866193,0.1872380356293985,0.10222884374961728,80.3877768512949,3.6404564647681648,4.1078860647722815,4.084634555305528e-6,0.01046280218458396,0.07289762035985381,0.3149565761718212,0.43772655761794416,-1.0441109272727274,0.4877249959603259,-0.2030417226313371,4.678127884022238,2.1251612835188363,1.0100273622046565,0.02,0.5151318367803007,0.00114755566283821,0.1029075275617954,0.3077026135100005,0.07311046648506499,0.08225705773725271,0.3717581864510916,0.9983750380498946,6304,-1281.3628906793576,0.7077942881065122,1
0.20142269182550412,0.19437731368768232,12.328541324714257,191.52548480163497,117.97336167507936,3.6245454221654474,1.1143871397197696e-4,0.00367375534680429,0.12974146209906506,-0.578447059833586,0.771205186149621,-1.0441109272727274,-0.36805524479510465,0.7221385471877909,4.86654223698094,1.6726984908591906,-0.7431203145862996,0.02,0.3132970641453808,0.00462017748462093,0.2047070683347365,0.37986803197792135,0.0975076580573404,0.01179536901235998,0.6390015032607241,0.544585920608285,6305,-1289.4198227862912,0.24025136946172995,1
0.2477649261089959,0.14167333782458785,0.6359102893998659,37.24034509878264,39.217865726680145,17.46337869724739,1.8474873941919185e-4,0.01466958210573111,0.15144610243018325,0.8040966297761073,0.7414041429907432,-1.0441109272727274,3.839526219425585,3.0854876921111867,6.573830090898866,0.17907658825372955,1.325044956612368,0.02,0.1851195134333594,0.00194544629556541,0.17570879787834873,0.44805526831515974,0.1891709740775667,0.05094938290567237,0.5649359798910625,0.9121049508503316,6306,-1285.618075323369,0.31709498259249547,1
0.07873177319052302,0.12327184284162028,0.473277041270865,37.15275741113344,169.87966872598264,11.105023895993536,8.668378809956908e-5,0.02567782131965853,0.04099848023741433,0.10614416662955392,0.9924037274705096,-1.0441109272727274,0.03710238764459028,-0.15925128525161322,2.585145367771504,1.032383855696892,0.6984292004942173,0.02,0.08252148466964632,0.00139157540770295,0.25958443731991804,0.4196252430086424,0.23687725959409023,0.02121374714790553,0.6097654402220591,0.5591134837466818,6307,-1273.3217003802936,0.35848556290241795,1
0.1101777100924956,0.1491725114495578,0.15644034934732215,115.5112524152282,15.416162782855476,1.419426962394914,2.1124777374795077e-4,0.01837690789476065,0.0718323067871234,0.186911327269398,0.6089889231062121,-0.9942273070707072,0.01109266775257377,-0.757530410309508,4.136630452818284,1.8182142525457192,1.12412420200255,0.02,0.2033497009146433,0.00120347986350437,0.1930192767944536,0.4547613577516106,0.14766618467578818,0.01688069564864426,0.45385793084537635,0.996604382790958,6401,-1267.8076760767883,0.3949897550285366,1
0.07174478642066345,0.1352226350674088,0.00528026636426705,81.92938519518516,49.44646643649523,10.374208742191948,5.555534185317933e-5,0.0403710098549388,0.05559991205131828,0.4276704549318662,0.9935721514374564,-0.9942273070707072,1.0042313328063008,0.9009496669446744,4.161787620182538,1.100199267524427,1.6264524587908076,0.02,0.04921466472830649,0.0014263536848806999,0.2788253298043991,0.24666705042502451,0.42386660135738935,0.02706016438992925,0.6901639555814719,0.8069988582646153,6402,-1268.600435632124,0.490029886880719,1
0.1518538896245029,0.10767771962489012,0.17958564199865917,23.11008984987209,42.52940288536215,5.6517060895829605,1.8001498396824434e-5,0.03691732804930435,0.00896452643107862,-0.20766697374382623,0.961474801064311,-0.9942273070707072,-0.9900226776221668,-0.4889345365880299,2.44457746219838,1.1540435936471898,0.2711487895909395,0.02,0.1358241955104996,0.00177132557712362,0.18007430823413656,0.5464129996291842,0.13591717104905593,0.01654182576007312,0.29695627835176286,0.6535856170501442,6403,-1270.9495171400106,0.22931605502216929,1
0.2633848217566137,0.17685534414962564,0.01277701468381836,76.15553749145411,5.418370933909463,0.8702571807192936,1.050250892886968e-5,0.01585828566511495,0.17393121373796214,0.8931265835141968,0.00941593951122319,-0.9942273070707072,0.888549661607952,1.6887007674935084,5.8312666126219375,1.54739047031355,-2.5778272281656265,0.02,0.4703630875724345,0.00117204111210027,0.2088669612690672,0.19389452958586623,0.12570338046053178,0.01400400990798405,0.2414875874036174,0.8961685855723688,6404,-1289.8062596604102,0.22921870319480211,1
0.19606189907871405,0.11619693619654252,0.19445779151647127,105.25077684694796,37.75905406081145,9.677275510375614,2.6616271958659312e-6,0.01437470551269816,0.08784960993433688,0.1385336570395766,0.9903435184104898,-0.9443436868686867,1.6057137416811194,1.7286171240912511,5.0922457154030125,1.054034198475812,1.736009471885927,0.02,0.20319705581835107,5.358664029567839e-4,0.15458172151012867,0.5405627403535538,0.1011226159150097,0.02289952322463113,1.0107642281300275,0.8443877818593113,6501,-1263.8573359440352,0.2026823226875884,1
0.1088656752252431,0.13537243605626956,0.03755709288686056,21.07407191115323,16.42627514289325,1.5740263194537516,7.515272742063206e-5,0.02591101519458988,0.02074200332506876,1.019113693810415,0.24169700720479553,-0.8944600666666664,1.0015161798198624,-0.1624359155177941,4.040917840281617,2.152018492184011,2.018997452968306,0.02,0.15397368620421492,0.0012762930525977,0.22104390017866077,0.28270521448812913,0.3410009060763973,0.01204182055845176,1.117824538438033,0.9721305342914114,6601,-1270.1989451845016,0.2592195176569173,1
0.1916761809543328,0.16330596935927008,0.11512331305197042,45.406813865432056,32.490058393660895,7.299620177008288,1.6197365682408364e-4,0.02518874193504839,0.10146751572774104,0.5451742113303705,0.9990937476862244,-0.8944600666666664,-0.2702823231938176,1.3027678979581243,4.428891777503202,0.8056694906928044,0.00526673532776626,0.02,0.13993864642588802,7.534229695260231e-4,0.20105942854072575,0.3242008804214111,0.3340476216424493,0.01326842902309789,0.42127320846221383,0.7880072652932254,6602,-1269.0219647683332,0.22054820761544208,1
0.20047006847883925,0.17724799210988493,0.7411540550820835,29.507620208379112,12.44840443071534,4.111492081953422,5.57712843065643e-6,0.01089843618158067,0.10868774788115088,0.4078118924089474,0.25741875008388737,-0.8944600666666664,1.5988651157727474,2.719180191126313,6.105365771905762,0.8073880252863233,1.141862614449903,0.02,0.491614945298068,0.0017103875140491,0.2347482080083692,0.14393520882336008,0.1279912503561537,0.01905569168097046,0.4141259385404174,0.9599348867779248,6603,-1275.0192600614448,0.6891826555875441,1
0.26978338348078723,0.18755528910333613,10.89882384895557,38.72875354523404,15.513388105509694,20.45718587124077,1.7318305292982828e-4,0.00584320535759828,0.17207823389229512,0.05211466562698232,0.9765985003303312,-0.8944600666666664,2.26700000955529,1.6374910117234809,7.307785689479866,-1.090334188552555,-2.3330132030645303,0.02,0.37846086522920497,0.00321385017405808,0.14595603933269996,0.2763534040299292,0.19601584123410784,0.02515521348504576,0.566335011488036,0.8577804556822134,6604,-1290.6485890297306,0.2128232802065505,1
0.09499975363354664,0.10656389775966046,0.14027059085655022,32.2590968170055,81.10267041283095,6.1766787455762575,3.092450394856496e-5,0.04257836322382073,0.0219407217723363,0.7092800844936733,0.9807795338901352,-0.8445764464646466,-1.2033754111144492,-0.08242016889897666,1.9200495631255503,1.2284837925955645,0.3037657166950139,0.02,0.0977255387594008,6.739496425801115e-4,0.22645951458879776,0.43044017351602903,0.24470082349319233,0.03260750772087839,0.15384424757611545,0.6525581145209867,6701,-1262.5544593895695,0.39755986808577937,1
0.24714323735222837,0.17908602477345956,0.510481959960298,73.2862842326046,29.56459375426062,1.5116269584274495,4.132193612244549e-4,0.00812688026805661,0.13484844722503062,0.1231573717028726,0.42872781359059314,-0.8445764464646466,-0.5305653437404475,0.5774830509152213,4.70229890117617,1.8565228955267397,-1.2449688036531847,0.02,0.2696699278325483,0.00363865260080457,0.05668569195722737,0.3561273194363487,0.31387840817307106,0.00870776047300474,0.7417562760724269,0.8527645278670578,6702,-1279.2596229824935,0.18796889211485737,1
0.2510280499726589,0.18331717485153057,5.8291340131409255,31.09917067469501,16.92211833220822,36.42690360631318,5.079244177295845e-6,0.00496171585712948,0.134516203282423,0.9678706958531276,0.945501281150356,-0.8445764464646466,1.409725439270616,2.6878760276813027,5.362026087057079,0.14559300574505124,-0.20646710125108664,0.02,0.3012703664945898,0.00541842758598629,0.35705158069333043,0.18235049185334565,0.15390913337274786,0.02780385781750716,0.8937053878986037,0.8173010094152409,6703,-1284.1450837079665,0.43114943186255617,1
0.1948498424197092,0.15267380449509385,8.460605828860171e-5,54.910600038326976,225.977664449135,2.7383180381828645,3.218925175104258e-5,0.02877679982706732,0.0767834655665339,0.8671476205543408,0.7445642482575313,-0.7946928262626263,-0.3846775951352163,-0.14023992004308009,3.9748448868837056,2.288515137773828,0.47703477085427104,0.02,0.1392248673423571,0.00200520107653305,0.05117741075685805,0.520584957670381,0.28700756315387066,0.01833047965308969,0.1603508113098377,0.9817122174253564,6801,-1272.97376299084,0.23323176930150155,1
0.24356303089592987,0.18943862687113533,0.1504678621511119,16.45187125514486,57.94607628596896,2.2980880852504004,4.2434032969199806e-5,0.0209235866146214,0.1466293124571833,-0.20262397234274857,0.23354359173867875,-0.744809206060606,0.2039126619975541,1.4039639723636392,6.253964223185149,-0.5782707628463362,-1.896673330338556,0.02,0.17772148651388814,0.00257915268875315,0.3102349493309292,0.3628290268947227,0.14663538457170672,0.05551480210882031,0.4156965903616169,0.8124984506834458,6901,-1275.0190038530586,0.2744594487076989,1
0.17539024374870796,0.13095952229391106,0.5042221685586067,132.70814495243673,27.301405741314493,9.667805566838863,3.0896688939037435e-5,0.0122503273901411,0.07300054162571776,0.8376053386486138,0.9354254403735512,-0.744809206060606,1.1598698818881594,0.8032060490063685,3.6663168659104377,1.338031687442886,1.1315433898092166,0.02,0.2424623560106871,0.00424520674333379,0.17732888514189313,0.3646109278102136,0.21135262429387236,0.04238817099675982,0.4221475015968215,0.7453947484346599,6902,-1270.423245858527,0.16711568054580497,1
0.17727820591396273,0.1550345007432169,0.00808545142407711,27.141635083785488,70.95220747750834,1.7740227742924497,1.8736597082455155e-5,0.03692481242962542,0.08231255749080404,1.2863102113004767,0.3536206475671194,-0.6949255858585861,-0.02641288288446012,0.4876419188404784,4.3195265451567,2.026608888867736,1.0379329283285763,0.02,0.1467274238463633,0.00193276205443973,0.41206837389117906,0.23340727462762104,0.205864165580397,0.00909876123665614,0.3256353312354692,0.9956388391599006,7001,-1263.890935622386,0.22653074120108904,1
0.16231453633459958,0.15401089116970906,0.3973501682037636,77.19632942340901,241.4245577170347,9.651706007362664,1.642207742108576e-5,0.01431391698541315,0.08395331096526357,0.2867834838390611,0.9846003115383662,-0.6949255858585861,0.3915189926696555,0.3614161973500107,3.8195901544095263,1.5127337981785989,0.29032849683542405,0.02,0.2971392853522145,0.00133923266163802,0.11668118999152688,0.49472888229670586,0.09011140969791458,0.00805309022450785,0.4838716571361859,0.6226828301898567,7002,-1269.7174684073475,0.3370959165242639,1
0.1598059973505489,0.12877359197853422,0.08526356169068876,55.98381387474118,316.1888015120676,9.974634345781414,6.031359131347307e-7,0.02815379162701669,0.07161325005027906,-0.1851265090702638,0.2783625926109036,-0.6949255858585861,1.3317596141696502,1.3236973292489114,5.076766205175645,1.12342551199923,2.2219764875017693,0.02,0.19636722439469065,0.00177079556813807,0.2868166860386578,0.2386523296633956,0.276392964335118,0.02294512394103774,0.36543639166399106,0.6952229182409326,7003,-1270.070002782904,0.3676071434245937,1
0.16214515783959033,0.11263094512769845,0.5819271226721999,21.53299178281944,114.2154727506525,7.61744448424287,3.895042401567012e-5,0.00894009207618765,0.03859307138317224,0.706679177071129,0.9166591851022194,-0.6949255858585861,0.6163747931489887,1.017139604972594,3.5080871794860093,1.554050081019307,1.270052227789103,0.02,0.3965271548661088,0.00145398923170155,0.19023346092446083,0.2906886802545185,0.12109671472321028,0.02039058030050453,0.3290111560057114,0.6771121270004891,7004,-1267.0677847268362,0.1874976248875554,1
0.1289260833531095,0.15732911452059378,0.00275287001375112,41.1091127465666,62.66396643071816,6.147932354254839,6.095572298191534e-4,0.02266788101756958,0.06868497646549251,0.747948660121891,0.8426993701605966,-0.6949255858585861,0.3388727503238547,1.7280548834804983,4.655953568603628,1.6464123527449952,1.46657466600499,0.02,0.19081897189311436,0.00327963737040166,0.06128246725841871,0.48608043225233816,0.25853849122572714,0.00756549606222531,0.21973344871435116,0.9437119656538114,7005,-1272.5558585758292,0.5026278420992689,1
0.16082751209178445,0.09563744251003944,0.1133503279959622,113.26211000573149,152.2109158320328,9.0450496222175,1.4086377370576555e-5,0.02983181308761111,0.04986360615141835,1.0608832919235645,0.9596898667569788,-0.6949255858585861,0.15342588916444697,0.4791627227540046,2.9367036202672665,1.404114951770308,0.9202428706277548,0.02,0.1552066237837612,0.00151966902353606,0.2116811920452723,0.47226053008351504,0.1593319850639155,0.02561148412256726,0.4454171008763469,0.7052189798947643,7006,-1260.837065722598,0.2268605095920269,1
0.1785034851738462,0.15718286563594708,0.10974598923618864,174.4364435461249,20.213031877873284,0.6993111736519004,1.378041778579411e-6,0.02587657266926063,0.08370053270395643,0.7837362696499696,0.11397727665793864,-0.6949255858585861,0.5159519713153162,0.11228077552070435,4.552538872298108,1.5048603471230602,2.098973435593003,0.02,0.41650007369920333,0.00128125532959252,0.21925234602964788,0.20640736406454516,0.15655896087701107,0.01798299173951403,0.16597951735521682,0.9442517096557366,7007,-1269.4766938143257,0.14418536723480938,1
0.12135706094536527,0.09003235166558675,0.12735750268290344,30.671880987134077,94.9418449667904,9.713704721155397,7.423020721260944e-5,0.03472581647312713,0.01602305958920105,0.7348072835701969,0.9942562909794636,-0.6450419656565658,0.7265516078235968,0.5736257458342293,3.0646955570046437,1.262157111641501,1.7830768446639245,0.02,0.1656438530411414,6.309602281521925e-4,0.09997362718528724,0.5797577284242132,0.15399383112120588,0.02159749782899191,0.5665466744497812,0.7310397939358975,7101,-1257.621012898768,0.401772611372556,1
0.0925776002148722,0.166612984591591,0.1914363184234709,90.27620222309156,18.34088801420483,4.5280477193653335,6.84413783049784e-5,0.0118593881134809,0.07718952271248437,1.588638705274718,0.8792599613737654,-0.6450419656565658,0.8414971166036698,0.5974097671986359,4.458769446059699,1.4735932364970876,1.5955003608339309,0.02,0.17447605846795708,0.00150337660412131,0.16958293374753716,0.48727980073287,0.1671578304475144,0.02193324386410684,0.782877982163202,0.9587761637240184,7102,-1265.5050559924798,0.544483284238067,1
0.14756550959127052,0.16103555287887797,0.03895535498767044,36.58420520837702,10.74399534576446,3.8509168456786944,1.352165917064497e-5,0.02711307649444691,0.07667974949712217,0.4407539138604464,0.9920364367308404,-0.6450419656565658,-0.20064455088690095,1.0651976082076706,4.536203896601723,1.817329407137213,0.26021826247145813,0.02,0.13726486471816696,8.494511956176582e-4,0.06691372048021724,0.5891939273952227,0.20577803621077545,0.02568811570596203,0.5162094226414727,0.9899578290804568,7103,-1266.5474989145414,0.18843045109929285,1
0.10358151362146088,0.14658985462151777,0.01818129203186007,20.422466288212068,17.92457039748384,2.867742835870429,4.8134154906269265e-4,0.02414484527785049,0.01878686722285544,0.4172338659723337,0.8414999239278635,-0.6450419656565658,-0.6935350507669027,0.5434516833031953,3.3328104794407927,2.4953587647163342,0.8345853966670514,0.02,0.2506387829688752,0.00283208504073546,0.09886840091122978,0.49295521987475144,0.15470551120440815,0.01556829160609564,0.6031935111953272,0.9983016135631744,7104,-1277.7595549604164,0.3405350285126926,1
0.2672993552509878,0.12581477383663095,8.453700998736732,46.706886302572634,73.37803097716882,36.0998172616608,1.3004791294576664e-4,0.00619528957350519,0.14914955774319677,0.4860268123042245,0.7094110169373251,-0.6450419656565658,1.5406671377449626,2.1594016468639023,4.349160622691323,1.613439779444183,-2.0368909306116336,0.02,0.2999147457149857,0.00563255207410534,0.19913691078625945,0.4382536976293556,0.05706209379529391,0.0116377963506024,0.5774822294393498,0.6406109440170802,7105,-1317.7020287164055,0.6347330515894202,1
0.3499024567272982,0.03057678576321915,0.00954562035803374,30.297154002587178,98.12245701937223,11.73911926550433,1.2330870457630998e-6,0.02068639697278333,0.1588103299887795,-0.4136862528710857,0.9954883435934704,-0.6450419656565658,1.6970840350242815,2.086863597644965,6.766823318389998,-1.088794435742017,-1.261417714590417,0.02,0.1733123355541578,0.00127593965175081,0.02692586561638477,0.6028402074372553,0.19564565174045123,0.02534558525280763,0.4811789489905688,0.8553613885920184,7106,-1348.155344490415,0.49818050513994305,1
0.12286351433369332,0.17441304410819625,0.18037093217988703,52.573366871696734,85.26348610551429,3.6544023429530146,5.945715607510916e-4,0.01029553312351816,0.08790859135951934,0.27842239102136623,0.7679050475207085,-0.5951583454545455,-0.5172596687876967,1.19020222170114,4.913485196371473,2.4784738092368173,0.6626930400801366,0.02,0.3585889385949115,5.476160842013824e-4,0.2020921910829862,0.2785484032017321,0.16022285103616887,0.01619086328929933,0.6153815432541309,0.9319475199118537,7201,-1272.0831897159471,0.363575293021771,1
0.25302917969509725,0.23317205815661768,0.1180773511509718,15.614439207486145,21.600557094870464,5.612589116657088,8.14326674111e-4,0.01272574784194758,0.1626634292642157,-0.31904686263808346,0.19510397045808,-0.5951583454545455,2.5867883674346164,2.9618900596498885,8.140415606402271,-1.6887781266809454,-4.999044235622934,0.02,0.3725248930916507,0.00200105023486055,0.16464593583249265,0.2106450844509483,0.25018303639004785,0.01417626105846268,0.5203964795222825,0.885736874886918,7202,-1296.9910419581067,0.2627546455151701,1
0.1126437474536471,0.13712245102751117,0.3703909683848341,99.90330077918873,15.630382249376938,5.572221682231718,3.0206029005998455e-5,0.00878129070302308,0.05967494369155969,0.01734740689665206,0.8105392243384232,-0.5452747252525252,0.5081933848817825,0.9444549944654558,4.1021350424644725,1.3339755632147376,1.587921663259873,0.02,0.4847909156126726,0.00464858340323452,0.06147670438935778,0.2191794136927927,0.2299043829019423,0.023068616146149402,0.24288781383469657,0.8312411210414087,7301,-1268.512055087686,0.4112045386909921,1
0.18441854322044163,0.15893616660315266,0.3183144033805572,28.21331019457106,68.40622530670102,7.1297524065139175,3.553478677983891e-6,0.01786409648480629,0.07741054940957713,1.9821402772131564,0.6427573276951238,-0.5452747252525252,0.7496863955285672,1.6612984932042272,3.697825740997271,1.0875488752645013,1.254434429571301,0.02,0.2807956125615146,0.00108878482445499,0.3376648551144869,0.274682788068403,0.10576795943114056,0.01652491460882335,0.3849670116707624,0.7489397742214454,7302,-1266.9954722739624,0.1830421793431616,1
0.26961971315871,0.12563566410896368,0.31783002762189505,16.744938684121976,135.91281759363855,17.764642008388456,2.313321551250126e-5,0.01445248048896659,0.14856108753142389,0.5302143656165759,0.976986603849289,-0.5452747252525252,1.8063540779087397,2.0705595677919657,5.9575493172597564,-1.8863958209502656,-0.7199823331976064,0.02,0.2075044934261251,0.00588002464930879,0.08325312747125713,0.3561539208080016,0.34720843364530735,0.0430226113452526,0.35979713160865745,0.7012882904485639,7303,-1282.759651550294,0.19592839210568253,1
0.09255921329317723,0.1117964948838894,0.03402261394316635,289.4034300526879,83.87288514729178,10.082832950307138,3.870123539767861e-5,0.02599218812705343,0.05174933786747933,0.5309400724916375,0.965077566634448,-0.4953911050505049,1.135996739357391,1.0921369575129205,4.058202570629558,1.4243210671347963,1.9458068546824163,0.02,0.18324354236445164,0.00108141800287219,0.06620056621895187,0.5824568765252722,0.16701759688845194,0.04423255214737422,0.5053602218329479,0.8221679775576022,7401,-1261.323062422741,0.2955045868556106,1
0.2671671590691622,0.19786200382913335,0.00177834193753853,11.044526181532952,43.79255683683666,1.8134233506931872,1.8838328058264452e-4,0.01810930091919487,0.11717357764473292,0.6855102143910924,0.07163895042789449,-0.4953911050505049,1.7422431248025674,2.35853707626016,6.43798411392832,1.5310378972930816,-0.9724559757272124,0.02,0.4779606242524875,0.00178209124158604,0.09371175102213736,0.24173508706965643,0.18481044641413277,0.01289242022456822,0.35917104558809543,0.9357884897822626,7402,-1295.7106868077074,1.7983119207003393,1
0.20966605901684857,0.11522194344014368,0.5258520414584337,64.67418831751777,253.86072154540412,17.731536144439236,1.5109490690863809e-4,0.02455461078130209,0.09742416515297152,1.0420882125424835,0.990504536958894,-0.4953911050505049,0.19736779465641316,1.631491501987852,3.1438564796495183,1.4369914547336176,0.299886321442903,0.02,0.1457260147003076,0.00235013532130172,0.30938683277494217,0.46169610544114664,0.08084091176230186,0.01485786717641764,0.672420938653733,0.6064984896694178,7403,-1277.8984582678468,0.1860138397571403,1
0.17410062260229778,0.11953547016103734,0.28701148322414616,40.604681027088105,63.42816521907125,9.849161096274916,2.2974864235554847e-4,0.01315807934110086,0.06230374169656249,0.7310531683238746,0.9982349665335865,-0.445507484848485,0.374938087966073,1.5482025707058729,3.393330813872932,1.458769941849772,1.176663300263659,0.02,0.25013545065467135,0.00204482387908394,0.2150613729445071,0.28075750631389584,0.25200084620784174,0.01309417200396835,0.683391090378789,0.7232182012866587,7501,-1261.1513179104725,0.2656181721571155,1
0.19094225930021036,0.17422910434284414,0.10963163919902516,30.511734326949345,27.200785328295495,1.9340755169606492,1.5679284441614116e-5,0.01908073616380626,0.10186943645546093,0.2594042765234202,0.355003855913607,-0.445507484848485,-0.520279388617281,1.168499658583052,4.818067575536081,1.7499927003171385,0.24864231826106636,0.02,0.21335739601971143,0.00174682695889411,0.0812356949629578,0.5052763821426742,0.1983836999157624,0.01730908903211048,0.3931451848762379,0.932744146016206,7502,-1266.3648380292657,0.19669885344627863,1
0.24081286550233216,0.20952965949892555,0.17407958654431355,170.5433906848159,22.754818467072624,3.68208203843548,2.3194637698873985e-6,0.01509477825948396,0.16944252077715055,0.4625496422192583,0.8133986044934652,-0.445507484848485,0.367103146697654,1.3559693924464962,6.184462037170791,1.1659725855358296,-3.0264955857970395,0.02,0.19673026676162184,0.0023825285424634,0.08273830935492377,0.6226001909365008,0.0955487044044903,0.02321830294965848,0.714087574494632,0.9802041812128908,7503,-1283.0793571974962,0.11522276397663016,1
0.11710119075958454,0.10396116659126982,0.01743108903103554,24.91194000379043,302.34761934396556,9.259908388323728,2.658340983670419e-4,0.03232017472110045,0.00602931841974902,0.6061962811993155,0.992110051514052,-0.3956238646464647,1.2289538493515868,0.7733907085293126,3.4336798007545166,1.723780195810542,1.7641042768980038,0.02,0.15130268992685442,0.00177991902314922,0.1121738420708082,0.553261592916192,0.18148195606299627,0.02289126799722041,0.2021663920221534,0.8228018892598236,7601,-1272.555085243302,0.3938376949184033,1
0.09565254009871148,0.14324347250179265,7.618303823046434e-5,18.702676770382087,50.15362290035047,5.079746593281313,1.1003129869023063e-5,0.02764913798831703,0.00762146833917926,-0.05696214569003891,0.9802418618077368,-0.3956238646464647,-0.1265489582495269,1.148789347888296,3.876367803562424,1.6696385590318297,1.2498343280289277,0.02,0.12386535556081722,0.00219641982781724,0.12751762245966894,0.4405513841890279,0.30586921796266864,0.05215128044665968,0.11886212394239158,0.9367708147481014,7602,-1276.8870692527098,0.4901197556647761,1
0.23648584170958065,0.16992338246379163,0.03836444968385323,15.28456880057842,17.1896299057789,2.6995124483153776,1.5643698630439217e-4,0.03437394538776623,0.15116161021226074,-0.3665782734704672,0.4267607509531712,-0.3956238646464647,0.4076565530478792,1.5667717474396474,7.153896414385469,-1.744340936057264,-3.534492853105344,0.02,0.1392440974675355,7.130576186452556e-4,0.35641958701959275,0.2961612370593649,0.20746202083486157,0.01376342982129666,0.3779313600202312,0.9621708493661286,7603,-1281.5554328165383,1.5026508557391036,1
0.259872806667194,0.1643315194165982,0.32021285365969676,22.013193141390605,68.53032021862388,16.151459870106578,7.16648605312404e-8,0.00853668267655878,0.15424381601278497,0.02946110557606402,0.9692229469998904,-0.3956238646464647,2.453164618928335,2.498901983651302,6.035369507722206,-0.06911127157689917,-2.210108270811594,0.02,0.25496374178041675,0.00829617465728343,0.12596736411248471,0.4357949122949686,0.1749778071548465,0.0362470148617826,0.6984933966286733,0.7580661760095104,7604,-1282.0214726907354,0.2311592939086808,1
0.28056089001033696,0.15735901169949093,0.06336547687080395,30.506277958415534,87.57756641385542,25.91522302423474,0.00233106802878511,0.01090854365252422,0.15901194420604503,0.3416465754866312,0.7372493006762332,-0.3956238646464647,4.615961565619387,4.206236092537035,7.169720029327763,1.5060092573549724,0.2082655620405333,0.02,0.24299476910562276,0.00275131592262713,0.09059844037123212,0.3494668709277268,0.3141886036727911,0.01166533254858371,0.7654061734247601,0.9910301783176868,7605,-1294.4622991831793,0.25791703401645855,1
0.4160886949946942,0.01181962615291119,3.64739783637596e-4,32.42989262853928,95.45587786759516,9.314594091405391,1.193983119520453e-4,0.03514412117808988,0.1740331796937854,0.4772950250406907,0.5194247522854323,-0.3956238646464647,1.0966285327572851,4.218108507926279,5.379327443740087,0.7349687480453417,-2.198584998709861,0.02,0.09480854587786926,0.00515549931960419,0.1819098357124617,0.4405236957076399,0.2776024233824251,0.01969589468962193,0.608110834460533,0.8915775458663882,7606,-1336.545058739987,0.17953919273876828,1
0.01037308394613938,0.14382180038420608,0.1484441627651851,40.568100198388294,17.058325999011593,2.040420087345525,4.7644371104802624e-4,0.02236903333548057,0.03834641120483322,0.5758660970674475,0.49105336501814134,-0.3457402444444444,-0.45134579241266665,-0.29006138284387256,3.705252206416915,1.8994934524308755,1.3697899057571965,0.02,0.10945668215458278,0.00138699973963101,0.08418166153876712,0.5394918717381405,0.26548278482887866,0.00838279858691991,0.938856754061695,0.9136572959998122,7701,-1268.7492795045673,1.2150808699043347,1
0.11057652909235152,0.17208813976633563,0.00995839694060531,127.43248105823396,15.653942905466296,1.885844667938064,4.821581148324935e-5,0.04653187926962055,0.07680348312045614,0.7693885803289547,0.9412539684024858,-0.3457402444444444,-2.068684849383651,-0.28382459747998284,3.015551787406655,1.374782907905484,0.2026500804872731,0.02,0.1029867468416976,5.808566752308143e-4,0.14089735900633937,0.6260573008538981,0.129477736622834,0.02010410093335564,0.19029168787389655,0.9606233637855902,7702,-1281.1955857545026,0.19696131940229208,1
0.15708220954234914,0.1917401809475361,0.01260083267512007,156.82158673113022,9.334783963029013,7.479751674661091,0.00131088983682584,0.0135431618963096,0.09219250316492474,-0.7770965183806624,0.3749259652378192,-0.3457402444444444,1.307259602909967,0.99508186602547,7.200569517313461,1.6738266044385732,1.273321542235875,0.02,0.4961977429194354,4.408753056271011e-4,0.06722226366636001,0.29649941955136166,0.1396396985572159,0.03741866311977083,0.38463941197158513,0.8939012172742762,7703,-1290.9719752792726,0.3863553973850681,1
0.1216337525359762,0.08638494810853761,0.39850347364670646,42.972064956991915,447.2354006460328,9.357495247318138,1.333073558137181e-4,0.021283208012114,0.01671069195407103,1.239149159105848,0.9954600424625728,-0.3457402444444444,0.1467608337197822,0.0011130892898884,2.4746308473454013,1.4587767124816275,1.5698838924416991,0.02,0.22410198780477905,0.00224504597214383,0.03762470302286411,0.6547688314200124,0.08125943178020052,0.01233088242274638,0.1902600778089008,0.6108146094443249,7704,-1279.417060251775,0.4094385462644211,1
0.02621580917611465,0.1266856486857783,3.3137972931497197,407.5384760735912,9.356629391917128,9.86324946994809,6.987163568184945e-5,0.0024135292461674,0.05017826123385322,-0.23383952510357947,0.9498068128608518,-0.3457402444444444,1.439977451452477,1.7246424715026438,5.315099142210873,1.8022090343258457,2.2224925904663446,0.02,0.3007514279102486,0.00197972073057919,0.2032145267172436,0.2913411014322571,0.2027132232096715,0.03014372343299629,0.5332591393639166,0.9655375768836056,7705,-1283.762732118912,1.2339746607038593,1
0.26181205452326856,0.1051646301578414,1.272713014598516,184.06269584499503,18.80106252463867,23.82001702192425,1.931359830011517e-5,0.01757683407612625,0.11288110865283849,0.15164386621584316,0.974441706122306,-0.3457402444444444,2.375999917128827,2.870795088239943,5.110238140942403,1.9369816961470752,0.8967965963530858,0.02,0.12744084772148223,0.00386525461239326,0.07565771010473796,0.5697197295185349,0.2233164580428516,0.03629483254124348,0.754467607351635,0.9174977177607232,7706,-1283.325330674385,0.353864104705298,1
0.13229737753846046,0.1540276212664204,0.313627173561871,30.769457102988916,10.586211915260316,1.1466947649419423,1.721922775915748e-4,0.01469282864232855,0.05752846692096389,0.22127665578183897,0.3655124720711447,-0.29585662424242454,-0.30455815185487684,0.7306437952681055,4.097357272882521,2.0401277397350683,1.0146378237321207,0.02,0.222284795545139,0.00174173720491113,0.12223885872864464,0.5056909469576296,0.1480436615636756,0.02364033406483634,0.6136021909579652,0.9861386269836736,7801,-1268.502062963591,0.2923898002898405,1
0.22557846044757615,0.14268556756292602,0.00256580401776527,29.84869411286913,423.9891311480755,12.32896867978089,1.974424959077935e-4,0.04049740844565856,0.10034872046791676,1.2527238707076411,0.6232539254855584,-0.29585662424242454,1.7134686343564207,2.8589448305020664,4.3894494787532325,1.7546929751559257,0.7166803887310352,0.02,0.11375404746037655,0.00112481281552578,0.14055098750401096,0.554837094585195,0.1897330576348916,0.07643055493176269,0.3200032282521014,0.8340642716137566,7802,-1274.4904953889804,0.18718633046592728,1
0.2177846291704743,0.20302623087886135,0.902488373511502,89.76885679211581,3.5471259040721863,0.6085955286702225,7.880143177079686e-5,0.01269190829470843,0.14924302315313082,2.7917642494852637,0.941494818444198,-3.8375936585858583,-0.01063919905435131,-1.3287687536022723,3.3206576068272264,0.18637652632745305,-1.2783377168801748,0.02,0.24850215129184464,8.256304841455782e-4,0.1515849744524682,0.433797104398991,0.1652901393725505,0.0211957121036624,0.5683036375241414,0.9965191843186952,701,-1279.282759801571,0.2308674353446898,1
0.2524378821450156,0.2334020418326528,0.1075730382499188,19.606918553874205,140.7279777581612,1.131898005664634,2.3001292489728925e-5,0.02137698836386619,0.17684689814394083,3.2868550322226686,0.9974415644413176,-3.8375936585858583,0.7571172833787644,-1.0371353877504268,4.243239992958328,-4.100053284714761,-2.9129817446908377,0.02,0.3687410189285628,0.00148166440863779,0.22300117665122415,0.14961995890048763,0.2571561811110877,0.06022758088593062,0.18460163884852931,0.9484654371500352,702,-1290.6659949581128,0.7252923271868503,1
0.2971421482547403,0.11730506866441354,1.4500770671597392,21.693289361032736,14.498605242601624,38.07035591645708,2.9495841668077214e-4,0.01005014477269162,0.16680033647370315,0.7986979490455397,0.9964844562542822,-3.8375936585858583,4.26883690243997,2.089147911142414,8.22580502195613,-3.5022936075592654,1.1530216518863723,0.02,0.3630975145586018,0.00331813655207415,0.10797903211731696,0.1789560247354569,0.34664929203655026,0.06951331971535092,0.41614148117598815,0.954681268751604,703,-1300.2358139526043,0.5967186183371913,1
0.17260672823995651,0.13539814340203085,0.14820553367757094,47.15471371440435,44.15539461462975,14.297179929643724,4.573777159569871e-4,0.01238110590448674,0.07586654172990677,1.6203276645049618,0.9974546877118968,-0.24597300404040423,2.465782087768378,2.4980662501103432,4.485813273044531,1.4206914345460304,2.382501177986304,0.02,0.46588349013336183,0.00132369077228512,0.03864554337386738,0.31323369929866834,0.18091357642181716,0.03136116346916913,0.39014640359213665,0.8838400623375634,7901,-1272.1564437113475,0.34263755137062935,1
0.1480901396896873,0.13444344776077555,0.16812403447764696,421.5815913398473,39.553110857044,9.123346766313071,5.499138097288904e-6,0.02699237480283469,0.08142268515129628,0.462715165592311,0.7742990742142595,-0.19608938383838392,1.6514509147293397,1.7442498670242228,4.67344471732761,1.6616465987308182,1.8171183280323069,0.02,0.06369379985241332,0.00150236472668898,0.14910977028415262,0.7246693934355861,0.06102467170115898,0.04307553119499804,0.18190391290455413,0.8504582513796707,8001,-1261.8235055212283,0.206167181609872,1
0.20738484658071496,0.1769806066088108,0.0012706478155614,34.479741654530606,32.20390464678175,7.734264354317595,1.2491794244748998e-5,0.02661197822012178,0.1208808840601934,0.5812112660068535,0.42026146696272326,-0.19608938383838392,1.3305386953449028,3.191443395375655,5.766276003697305,1.3752790794826464,0.8509960420439533,0.02,0.17353250479779508,3.82539358926645e-4,0.24693444400937695,0.4583719872646701,0.1207785245692312,0.06323231940487646,0.2993948692722612,0.9193005858341012,8002,-1276.9761377227192,0.16525202059543442,1
0.09181596921425524,0.12738228195465784,0.04397094480019332,83.55266855823496,37.44918588501464,9.990130585102056,1.892624214667409e-6,0.01342398132497524,0.04873654430791791,-0.13258216588331048,0.9896696127357236,-0.19608938383838392,2.1032247228046703,2.119587201429735,5.2909308386504845,2.0959589920053725,2.445846144449485,0.02,0.2907058824332651,9.868977682382157e-4,0.12926725074576198,0.4479335467586452,0.13110642229408948,0.0141285990722902,0.24198473981024457,0.9847260521373948,8003,-1273.8519482430938,0.21682264038865345,1
0.171559975816916,0.13626540888625702,4.307635950084085,50.82797008131237,13.31272720464237,19.57914522404178,2.0188449960599207e-5,0.00776638175100341,0.08284600149978374,0.2511454955591374,0.8951449635154715,-0.19608938383838392,0.7769975939280391,2.3424170898263097,4.578188544140855,1.5849915965118109,0.6307701358914162,0.02,0.28123508323194607,0.00327160958528972,0.17813896357085515,0.4333145388330255,0.10403980477888353,0.02940515417975134,0.6778114567045613,0.8604191791043061,8004,-1272.7919124869434,0.6428578656127325,1
0.00393048170012982,0.13797096577688714,0.07377088346498799,39.6598875749045,111.89821369619094,7.00930405903549,8.02331997396407e-5,0.01234034956022052,0.04076687445435941,0.7321682394568354,0.9476747361815084,-0.19608938383838392,0.246590880076535,0.4128513174686867,4.237999938106122,1.6486779181489748,1.3142106748541025,0.02,0.1836821844221975,0.00260122028764348,0.11097786803186103,0.4029506810232571,0.2997880462350408,0.06391178247267072,0.7734511662374529,0.8490538622318495,8005,-1288.812693432418,1.5593564908984785,1
0.174138731828274,0.1008039208079223,0.8270556699700553,43.834803131877216,77.87101575678624,12.284634683735533,8.246777351339069e-5,0.00692367242877307,0.0506397562656979,0.7508158390151328,0.94320718283077,-0.14620576363636406,1.5473102159810836,1.6381952948580387,3.921178084093595,1.8036173458762943,2.0836590727172113,0.02,0.39510558731486434,0.00476011870009316,0.14127817134804102,0.22713601441217512,0.23172010822482636,0.14533566150239463,0.6385909240745266,0.7207866439529792,8101,-1262.021868547326,0.6822018013631282,1
0.13136974277850472,0.1164562602659184,0.6543161260132179,374.39354125468975,178.92079589999508,9.788945067482132,4.648045561232453e-6,0.00749951144464739,0.06058412199693964,1.449864164628895,0.9998392303833036,-0.09632214343434332,0.43323375690566945,1.2735828331794088,3.1616947145424557,2.140965543569068,1.4913644877425472,0.02,0.3332819952392762,0.00485366615601541,0.03191590664148763,0.46958175495888654,0.1603666770043341,0.02056715357732585,0.5332135740763445,0.6823082170939038,8201,-1258.26434578439,0.28115082843033257,1
0.08206904843311827,0.12175285746297472,0.11292822232024469,38.55000239819167,27.621854410352405,3.8969857107986625,4.01701229868685e-6,0.01654162078786847,0.03463869132284415,0.5401185703810586,0.4489059516902583,-0.09632214343434332,0.18974751341856064,0.929166183273996,3.8377263555624626,1.954774024164195,1.98638652944895,0.02,0.2336806261307504,0.00163940156393698,0.33038734307603307,0.2269648539966868,0.20732777523259277,0.06189053934215111,0.49693109992842793,0.8587572528472465,8202,-1266.3472885517742,0.35169666929495347,1
0.14407216745616522,0.12509035468057092,0.6689085018754694,60.99992068413489,13.155813194290538,6.621641357380252,2.513646408050504e-4,0.00673706537664711,0.06184192902090366,0.28741024550685434,0.8778486119532688,-0.09632214343434332,1.2277342566872098,1.7832714802628662,4.879845516784192,1.6790226356516014,1.562302450828163,0.02,0.21111802599856452,0.01055593516764477,0.3920425946999178,0.28448304329489493,0.10180040083897784,0.01041541353619234,0.284124727801153,0.9274112384774248,8203,-1263.7905669426443,0.1305099157136865,1
0.11523774293667356,0.09352430880219692,0.3937529553051335,34.527815218758235,64.83949670001559,8.585414603701006,6.226513822573595e-6,0.01373008127268408,0.01442956814005218,0.6739615474139264,0.9013966115660914,-0.09632214343434332,0.8537707818755279,0.7092887936468643,3.286384201481926,1.596264963029658,1.821170966785314,0.02,0.28213082652371435,0.00368873073760183,0.13704601605247044,0.5005044822599741,0.07662994442623931,0.02751233642502595,0.20066961796062263,0.7211620792011219,8204,-1260.652153952639,0.2732578540661578,1
0.2200114389639455,0.13421074780131195,6.22609796278412,20.563325174952375,20.735706303330577,27.7690237682107,1.124458964463782e-4,0.01739931373419568,0.08537829387766246,0.3685210406985696,0.4370392321102936,-0.09632214343434332,3.10486821963356,3.8176599612659032,5.921822319263495,1.5583567262529816,1.7372525858764722,0.02,0.19944008318010745,0.00212676483239969,0.16637734696786055,0.4900646190245977,0.14199118599503455,0.03408982756484379,0.28825405974364715,0.9852730142503002,8205,-1278.8256722288902,0.2119827460849004,1
0.1851266229668142,0.09094988315630524,0.03122649943008365,22.906112037380844,46.55183181958966,8.614673297689574,1.2341862196039335e-4,0.02374156899673777,0.0062715704874099,-0.25642291699077335,0.9842024159815512,-0.09632214343434332,1.1015996776199592,1.201805510218896,4.262143283936776,1.6900999979995894,1.791233901810897,0.02,0.20736245839776588,0.00154971079663743,0.02867062157399163,0.6318982412200536,0.13051896801155155,0.06107165315921285,0.47825580910861737,0.8708603967536269,8206,-1274.399823130225,0.23584057011945525,1
0.16525846841209915,0.15762176962208954,197.65077556666833,57.372658063560294,16.876094425849125,1.7575939386297557,0.00110869144058493,0.00433057444920265,0.08526503666200355,1.8241172314109424,0.7559516078001186,-0.09632214343434332,0.582724247569749,1.6793323874876471,3.3293672156144236,1.72270633306598,0.37369458300937897,0.02,0.32674234152925064,0.00324792804573094,0.3476601038055585,0.2540134392333805,0.0683361873860794,0.02993802972020633,0.8202433849619827,0.7565603805699324,8207,-1286.7331766017016,0.47479093150384766,1
0.39270739096065344,0.0069376032630337,0.24496207505515785,442.43749040061584,45.04607355269372,12.802129418648647,1.8061721822016505e-4,0.01642457153086895,0.15357205915615238,0.16920070654902197,0.8446129507712234,-0.09632214343434332,1.0376544102152867,3.297428099580407,4.943514257106369,2.00361024137693,-1.622918453863213,0.02,0.2179155684926144,0.00227983172009241,0.17953609826836878,0.41382286833964377,0.18644563317928056,0.08539353085812014,0.2751874523195705,0.8343545203850761,8208,-1343.6422541198222,0.14969519862685426,1
0.10655783038443165,0.11658278226978386,1.224183326480418,81.29491757087375,223.38048751603077,18.597863255109647,8.903229143313497e-4,0.01087853648608758,0.05081847279015585,0.34878316852753455,0.9860431742075162,-0.04643852323232345,0.4512162086020982,1.122235810703792,3.2366023022983703,1.987387213169032,1.3007003277398332,0.02,0.22567840553614124,0.00315855134568356,0.2272006447025537,0.2764288091100211,0.26753358930560045,0.03598742614603179,0.33932201075385443,0.5813435687761361,8301,-1286.1348515292111,0.28643930278540697,1
0.05850298364466468,0.13730492011482626,0.1325984335307836,24.12446114853348,10.366760035356496,5.58936669117742,1.634714886072088e-4,0.01190149418971057,0.00719875681402096,1.062634506161982,0.7051474135305414,0.0034450969696973,1.234087145731176,1.2937153773931984,3.729139370020892,2.211237690931526,1.72504400418156,0.02,0.2196611604263595,0.0019643669599861,0.24402935578147297,0.34751046060458735,0.18683465622759415,0.01322111739833999,0.345114422474257,0.976258543562691,8401,-1278.162113537582,0.2710693443472316,1
0.12751235911817616,0.13196012732644408,0.00198815292736842,262.98614862783745,18.20532534164453,13.11735285387842,3.5805143920384085e-4,0.01700972902419059,0.0760441690600526,0.378464649999549,0.9507999585755424,0.0034450969696973,1.8231573394435656,2.633473838469254,4.8515334073656176,2.144101370277774,2.0773852071163814,0.02,0.29402771867597716,0.001309260895051,0.10105253953552022,0.4327408386378031,0.17086964225564838,0.0226005951323276,0.29134820456117716,0.9496131666425396,8402,-1267.7824661461282,0.30457370512127835,1
0.23354705396126968,0.15558988307083554,5.720206412983492e-4,203.92921718368575,25.900140871610393,16.260106136178976,3.951367664136424e-4,0.02134360297209318,0.13920634090363154,1.3265025238916557,0.9917641521433598,0.05332871717171716,0.9774366807639016,3.211762941307533,4.169218069172033,2.0770225257613344,-0.6376261085668863,0.02,0.18499483155284344,0.00164550487056463,0.22224751836867887,0.41940336781670273,0.17170877739121024,0.01040198528166288,0.4630925380608797,0.8659896627373747,8501,-1289.7703846622412,0.62111956668335,1
0.330208690038928,0.09166910094659902,0.10649937814877491,51.05257536178998,18.47965001609393,22.40926973675739,3.766914263210642e-5,0.01002566877183299,0.16112332815679342,0.7554018521423256,0.9796190711654208,0.10321233737373704,2.633854708464959,4.439098313286789,5.219026770910733,2.592731713144573,-2.4979301619536303,0.02,0.3792591809932241,0.00469631493696624,0.10060465346151155,0.3415639379263139,0.1738759126819843,0.01521994352976227,0.49891944320927833,0.980434192999489,8601,-1302.518826630683,0.7504702627597735,1
0.19555608949294168,0.10409679266659844,0.19027868085888375,57.05776335514744,62.383182788065426,15.624848798673913,5.318531519798398e-5,0.02357311536107441,0.06679229009375454,-0.4737017844153715,0.9594653892405728,0.15309595757575778,1.0275665458968073,1.975660038102256,4.303484917759944,1.4888084540764577,1.4264485319409086,0.02,0.09444428919326162,0.00287181872003156,0.07044561395102988,0.6686275611847043,0.16361071695097246,0.01334395124843809,0.20031929141262697,0.7544221863211442,8701,-1264.9340048189506,0.194274913533822,1
0.2391293272200001,0.12309530453588784,0.05181881129627781,31.870538066677167,40.60168835653849,12.48089374082735,1.92052212088554e-4,0.0271269406242647,0.1486340638307399,0.09638774819082035,0.7607826905722348,0.15309595757575778,1.3179688822047793,3.6813535770596,5.107082974597851,1.368654322236028,-2.670210326787051,0.02,0.090354075955541,0.00223825125221773,0.1987824957568891,0.45825698150073385,0.2503681955346183,0.01904241203821829,0.797219023795584,0.8590801126563591,8702,-1289.3962721179505,0.18213043589799183,1
0.13470934467092952,0.0923385104765756,0.9359873726336386,255.13140283644245,164.0104928315687,16.625286729603282,2.0082167955749112e-4,0.00920766901356824,0.04500404288704321,0.48036434953037094,0.9114158706157156,0.15309595757575778,1.2326907698951028,0.9732020155411232,3.840413583362696,1.7901081474704483,2.168012516057814,0.02,0.1458582540068144,0.00477152354910242,0.16748422097338014,0.5220666258913491,0.15981937557935388,0.02516428910442933,0.4322489407884717,0.6451508754572645,8703,-1272.8210743699674,0.3573341326311805,1
0.13150068059529854,0.10249013929270584,0.13534867709266568,36.10512999816354,344.6152826101246,10.313032343960687,1.4810937814989993e-5,0.01748915879081321,0.03551208696341763,0.5255276467221573,0.7989802155214542,0.20297957777777764,1.2581413173863232,1.7382384423545898,3.938126344254911,2.068062250495509,1.9613830124614375,0.02,0.35159212751140134,0.00241382095261664,0.1368285158075087,0.4118787317791919,0.09728680394928152,0.02999028825309204,0.502205357487822,0.7842704418063758,8801,-1257.9108574121556,0.3519985346535097,1
0.13359742699024046,0.10498949866621834,0.1760707045497282,32.98359301972528,183.00456451348185,11.608503326239122,1.784220927849853e-5,0.01091269117240747,0.037597984036336,0.28017279137682066,0.7570648368135027,0.20297957777777764,1.6868513752789984,1.9051121653505032,4.376753642611626,1.959042282952254,2.184090685952749,0.02,0.22883479169675297,0.00467246507961897,0.04463378026462291,0.45642243921381975,0.26543652374518534,0.06986134767808704,0.35126716240930345,0.7932258700702773,8802,-1255.1390761282282,0.31446825006863427,1
0.2440945235466422,0.17578020785573648,0.04392701325534604,91.51977518760256,17.00118264834168,7.873950652676317,5.91038603830758e-5,0.01390545544853381,0.13179785462646895,0.30853059560511464,0.5173603631391824,0.20297957777777764,1.6684404020134866,3.273064191340473,5.878229202440131,2.156853632388742,0.367830552531289,0.02,0.2730758217046771,0.00269892804624727,0.14819204545988204,0.5158468754939732,0.06018632929522037,0.05289332593175878,0.23051046876049916,0.9970042124295314,8803,-1280.7920629813195,0.22516683633067483,1
0.2616812312066349,0.151044576722643,0.00426788399310888,33.86730113520601,19.66391427379623,27.56552232189917,6.6030007137572336e-6,0.01676045502417922,0.15572768036565618,0.5887847310282848,0.7673209710907464,0.20297957777777764,3.843987752546291,3.753434099971434,6.717586031949107,0.9026584806955202,0.36359613303110905,0.02,0.26622348564152104,0.00132393489691065,0.23177486121625296,0.4363410482899638,0.0643366699553515,0.01918941790178549,0.33846165812812895,0.9600745197109972,8804,-1286.6122709209508,0.4226472848383683,1
0.2628842108985347,0.17372597995622308,1.342898003010827,87.084709903392,29.176738616459968,2.661798291650121,4.766058472202889e-6,0.00816223258407658,0.16584411615398564,0.8768018393703745,0.9871377836444818,-3.787710038383838,1.3490999859354198,-0.8734277420318248,5.278937807019897,-0.6681167666681218,-1.2900532952179098,0.02,0.2886343338051989,0.00107153259479117,0.14485122875388176,0.4322368485645655,0.13320605628156257,0.02337841467853933,0.8613308618016556,0.7004920447657146,801,-1287.4892030139442,0.17837248246166404,1
0.2863931010877459,0.15937357380616377,2.9236287705932344,65.90327307301034,14.042163409873083,14.116036673928292,3.606804547790006e-5,0.01191359691727073,0.1868524124742878,-0.3885101829264672,0.45089815745589695,-3.787710038383838,2.199043537237215,0.8735286995608951,7.149421123416804,-2.2032981267377343,-2.9979712904625697,0.02,0.3700271675933554,0.00146810972553001,0.20655171164892355,0.19744502790041055,0.22450798313178055,0.01409792773235069,0.4337422346871461,0.7901192918739642,802,-1295.536908165807,0.8380589999286026,1
0.263002770157262,0.1919532936969072,1.8022175763374688,115.42352482425176,23.9478635454497,4.340645017693323,2.387332402849668e-4,0.00594048430956566,0.1855407807995384,0.22288816582094712,0.9292058271875592,-3.787710038383838,1.2152649513730778,1.4338760005632591,6.196950802018565,-0.6177198695182889,-3.4386061853647942,0.02,0.4453183110264495,0.00141982096939349,0.07873473449012712,0.3356119159297277,0.13891521758430203,0.02775094045070889,0.7412374639832202,0.7879783782848524,803,-1293.030530770723,0.2694706916068471,1
0.21815565655786193,0.19931212472407783,0.3069198424186777,25.96116350930843,63.80623746688291,3.6032167415110674,4.827114204151026e-7,0.01093632657671298,0.12605738139763653,0.3492851168592891,0.26807897412325365,0.2528631979797975,0.5515723794075859,3.0146206993356603,5.821166662377295,1.4651884435596805,0.571909545267995,0.02,0.2958517175479225,0.00435920062214275,0.05618950972413604,0.4024371411730309,0.24116243093276785,0.02065606953280757,0.6713291443511376,0.873432970887005,8901,-1273.513118827721,0.11832123601116096,1
0.13306566215917645,0.10220503149039945,0.07824883590297696,81.35155291370248,41.752214938104515,7.525409073223465,4.0592927196704976e-4,0.01956996964401215,0.04014962251397384,0.7641300273233613,0.993683444593166,0.30274681818181826,0.7216027132868451,1.551664050864863,4.101529200446641,2.0443892807979416,1.7491616980811693,0.02,0.14453959031427707,0.00212651385816278,0.09064423733820982,0.6288263832181445,0.13386327527120573,0.08453401391762827,0.4439235575200458,0.9151263539035068,9001,-1262.2715510058756,0.13256848000082733,1
0.10239573206338085,0.11607455791937946,0.01366685207189091,40.469812701180125,15.308373226869282,9.900779972196249,1.1410389780160171e-4,0.03907636443208137,0.04236403017779856,1.045330926735183,0.9867155443797196,0.30274681818181826,1.6084040838890952,2.5230004508845885,4.658785447349065,1.54283163058303,2.219157190252514,0.02,0.1500841391231914,5.435165459931353e-4,0.03912594601926421,0.7469522086430035,0.06329418966854777,0.0373557229608572,0.245332245798246,0.9915282759891186,9002,-1267.0077896518767,1.288368912554184,1
0.00868172616374636,0.11739702850322031,0.30749114716714965,661.4836194870253,154.15503707794298,14.5935497672396,1.3378594511921567e-4,0.0082956128344882,0.04637310777064247,1.323976596447043,0.9900872423949992,0.3526304383838381,1.631408465210227,1.9028211487083304,3.627654285396175,2.2280923313965872,2.1785829324644266,0.02,0.11491508974144513,0.0018165536686301901,0.0985060913425625,0.4942868044006201,0.29047546084674203,0.01400214713115196,0.628472963367666,0.772856190192449,9101,-1256.934113603371,0.59722782342985,1
0.1179146361227518,0.10364676885851638,0.04303403161950132,361.2876676879096,105.03449074518036,13.67006239356602,1.0850928515094988e-4,0.01686150833024168,0.04645414755477578,0.564182435085356,0.8169047144588916,0.3526304383838381,1.7994219385347527,1.9474019337763928,3.978454445948002,2.2119811589404543,2.3030010999457207,0.02,0.37105473747356055,0.00100522283298723,0.07263439290427016,0.5183367477619457,0.03696889902723634,0.01440205597473573,0.15446147973137905,0.8353382429980921,9102,-1268.1681721849136,0.23051254709292637,1
0.172697564694991,0.10526465856329806,0.3692359398992949,243.48913870019223,118.56995544549234,21.727526666975344,2.152251087596688e-5,0.0080921449587982,0.07181588943380607,0.4366204297565973,0.8355053089911496,0.402514058585858,2.62836387191325,2.292058554611378,4.7085413225383626,2.1603904819250825,2.68391062651,0.02,0.17526831566243564,0.00532787666569812,0.18840708381531707,0.35063821443181453,0.28035850942473467,0.01775088150931346,0.49518958240483896,0.7895413980510432,9201,-1254.2641793582764,0.23756378204162168,1
0.1536201291683826,0.11276812419859096,0.0037944120932211,372.0995116979162,189.63993028896903,9.53804051384507,2.3409893920950906e-5,0.03185733112856816,0.05538991731786089,0.6677148530801886,0.9683936250097968,0.402514058585858,1.0331544090675373,1.9437448584562824,4.8488653404574915,1.8462315026619969,1.9489180154205297,0.02,0.0933641911846863,0.00122029741159744,0.18325941020543277,0.6057324586798674,0.1164236425184161,0.02544663924513937,0.4481387873200174,0.9389530651443396,9202,-1265.9699494530123,0.14951689537808235,1
0.10466871407690452,0.09619046211339027,0.38049578064820994,44.27006288284933,196.29165437977784,15.254965008100978,2.5352058076556246e-5,0.01684290051238962,0.03636267681666519,0.07691494208510494,0.8872104232163208,0.402514058585858,0.4737010599039252,1.275501746946868,3.435863729394898,1.8211447223441144,1.5706755302877429,0.02,0.14150362309386366,9.133517764816696e-4,0.1022036229378653,0.5569229264725863,0.19845647571920305,0.02263103029591244,1.205935700827213,0.6518513617165291,9203,-1265.0050786593265,0.6245769994910799,1
0.2293515135990391,0.20264674908251695,0.00116592916153368,20.712674274572088,10.36092310499917,7.681777450734407,5.245181598596385e-5,0.0219819329972491,0.13954335521878236,0.2277770453836652,0.9875015405037592,0.402514058585858,0.5412825585814076,3.522888643138387,5.4251515365219305,0.3843185229470228,-2.0139865689869345,0.02,0.2936979876885607,0.00260784292045809,0.1119489754446278,0.49824524514294954,0.09349994880340395,0.02137340250724917,0.1804333224218126,0.9952504128433862,9204,-1284.7627104827457,0.2357108477550905,1
0.10185763198177236,0.11400234476574292,3.607977049479976,85.79563119793406,85.31301538001729,15.914466972887316,1.0100770092169282e-4,0.00256260948858173,0.05770644837433653,0.6840012518169001,0.9995194205005656,0.45239767878787873,2.7826650264969492,2.452887045270773,4.6736654774771464,2.53707918030054,2.7790980534882657,0.02,0.5164510429366629,0.01093529563175617,0.08742482384239636,0.20732117840149963,0.17786765918768488,0.05503258606812663,0.8646866967329562,0.7725475869461187,9301,-1258.729859722387,0.4670611232567656,1
0.0933359246832593,0.16153554732731595,0.1132610991086164,56.741290500773175,10.417878372575798,7.0990078739082,4.307036042301688e-4,0.00888184259108571,0.0612194476590719,0.7747233793444404,0.634483162853468,0.45239767878787873,0.6533991050133752,2.4821141796941015,4.295146001222556,2.211466089515433,1.626139900867721,0.02,0.4058385087794407,0.00228430944887382,0.12814567532655252,0.2960985311633118,0.16763297528182106,0.01868802663586278,0.47173745928829103,0.9780221257476428,9302,-1274.6122443233585,0.303977420128199,1
0.16176306311247568,0.12275798302672944,0.00527508692067747,52.68568752361973,94.70844359757498,12.677066633459948,6.203010793837608e-4,0.02266914426346605,0.04844463655549674,0.3860546795149726,0.9997080164799188,0.45239767878787873,1.1249554178828636,2.140359478776209,3.83296570358569,2.0110683913377057,1.5182018246336435,0.02,0.08292196507043688,0.00218554537573177,0.23482118256437623,0.44198862805073463,0.23808267893872043,0.03304030410614918,0.48448261910305646,0.8636740954842449,9303,-1273.507333374405,0.34302117384275116,1
0.2432252215545412,0.163001722453638,0.00388030345033979,17.00259801752147,47.12851871657344,8.728233683155924,5.664627210546146e-6,0.01629433890740446,0.14460824521721174,0.7797114197944555,0.5612836254807966,0.45239767878787873,1.4008152917850836,3.6938064726329096,5.832326999840515,-0.4254345712411672,-0.8965299675422056,0.02,0.1545637811773813,0.00396697315793301,0.2763723758952876,0.3740092643772489,0.1910876053921491,0.02819702827625602,0.4019094594917837,0.9443927141004516,9304,-1309.9560826170668,0.6408809020713393,1
0.17655566835335687,0.10198251148727427,0.00557300100809559,36.27330599313145,13.827453001636895,17.169817754049845,3.906735083552656e-5,0.01450160668828593,0.06011516322133421,0.7478948017709017,0.998950172920034,0.5022812989898986,1.8401152944016828,2.5252607591128693,4.199642367363431,1.836415735131462,1.4590298642459347,0.02,0.6665690740355241,0.00208770023275699,0.03615406203982367,0.2366090215110868,0.05858014218080838,0.04699567163745467,0.10259935886171467,0.902598807592841,9401,-1266.2756773972003,0.24739615947083993,1
0.06036940593576826,0.14009960354744275,0.4331546274991626,60.13475003017573,249.85096582230275,27.854245529686192,6.987710915089019e-5,0.00996481917772558,0.06520004128285416,0.4536141192174036,0.8379243717506092,0.5022812989898986,1.277001430871433,1.4240637113389316,4.233227846025386,1.397430310663948,2.071413681084052,0.02,0.1204156817225776,0.00385994313059638,0.0752758532563037,0.6777061902292704,0.12274233166125186,0.03870357363780241,0.5504769226718564,0.6347027987071381,9402,-1271.761392324062,3.5441361906626776,1
0.06945224735277374,0.0973531122851472,1.5156776810361954,291.2249311298586,290.5621880191687,15.308261849523344,2.908917431982859e-7,0.00605641376923748,0.04292608172616665,-0.4084536736536912,0.9975066950224644,0.5022812989898986,0.9230919621860624,1.6614514022603328,3.7547179497785974,2.5411475217740453,1.955522990759926,0.02,0.19668692758974543,0.00191187829126529,0.1228549176615458,0.49771222366880297,0.1808340527886406,0.02779670824862052,0.8946849109800717,0.6227526687991828,9403,-1269.8080616125003,0.4776798787754887,1
0.25845527930964435,0.19247010685033475,0.00314746992777688,36.54965463959781,13.265891819388049,21.203392588804007,8.778218129523422e-6,0.02799816136227411,0.15681605284136374,-0.5988342798705115,0.6244751027692669,0.5022812989898986,1.7404789137295311,3.2792956160197417,5.728831502521745,1.5602985686416693,-2.633825626147878,0.02,0.11442984981629271,0.00286411416884262,0.18024538470036008,0.3324712942564014,0.3699893570581032,0.01326286744778106,0.4562577238448427,0.8577334694291805,9404,-1301.0845202116757,0.22640365766825593,1
0.14218873005165428,0.07376027131413568,0.42153331908722896,160.17183075010166,95.26107873911444,15.165737826089217,1.3142365166207569e-5,0.00821742010726844,0.033922478926053,0.500611743158393,0.9501068682363946,0.5521649191919193,1.6525046119361315,1.4674663522841307,3.5469244592720615,2.3235932093306753,2.134829722909509,0.02,0.14486495488136128,0.00518570797383406,0.3355784662693167,0.34703137898679626,0.16733949188869168,0.03432866874145519,0.35470802678030516,0.744302824454559,9501,-1255.017815523885,0.15761605563719486,1
0.1276614493884274,0.10361323226292346,0.08719722342523577,179.05457852383617,30.8002396290111,14.113730058734946,5.750199447593693e-4,0.01075978205968042,0.05463467227839062,0.4872586378110272,0.8800691055067503,0.5521649191919193,2.1626429792862343,2.8147973975723235,4.676299792261244,2.0919181010016743,2.717700319253263,0.02,0.13512902319997358,0.00424373718347074,0.09925045604785455,0.5395118051495141,0.2218649784191869,0.02904565532910331,0.5170896086174387,0.9410304911987096,9502,-1260.759617420431,0.2162301778816421,1
0.17701481616913017,0.0908530309510907,1.9864813827389225e-5,206.4546668043544,380.52476562992,13.266207657446424,8.443323621789883e-5,0.02797603227389204,0.04947366350635299,0.0120635753601802,0.8084176611698819,0.5521649191919193,1.3383108503628347,2.439927237466496,4.444743903676096,2.0854843412845008,2.1639773143608925,0.02,0.1170858291645796,0.00245569416839673,0.1797706686274959,0.4578328834131858,0.242854924626342,0.01457653429565386,0.15321364516285774,0.8685234185220321,9503,-1267.9998044059582,0.2489462608677984,1
0.18511104438154397,0.0831504801364601,0.02585600364714713,21.16443310325704,31.21977152698371,9.943822361609683,1.69243714584047e-4,0.01603384403137045,0.01501624401274138,0.17367236757038426,0.930000041318952,0.6020485393939392,1.7555926297829698,2.4255536455535873,4.26479745583543,2.0017973391190274,2.1197756754602035,0.02,0.272395638812329,0.00281625994811709,0.05695185585507799,0.5946966956333783,0.07313954975109753,0.04404980088575994,0.5025829732643754,0.9675443260156428,9601,-1271.0833268255178,0.13362580195980775,1
0.06841659747603653,0.11850352660248945,3.588993870497287e-4,134.29795887385382,42.1427620919635,15.12943454910616,7.596792912175276e-4,0.01803772700345952,0.05727718126240547,0.08240814893894653,0.9967052022145864,0.6020485393939392,2.225273104246382,2.712066225253913,5.224117657707882,1.9570575406186583,2.396752445848247,0.02,0.24934555136718045,9.778614000152898e-4,0.03694023878981117,0.6125495491416731,0.10018679930132,0.03115031532783733,0.40423785444213567,0.9548700635268804,9602,-1266.4134380842684,0.4215891157196041,1
0.00629692586189343,0.31868527560402926,0.4643661791109468,137.0962130511989,61.20447361821286,4.88051582410757,1.4390754107565282e-4,0.02621182291926084,0.10876228194185596,-0.5315202667811354,0.9974194325225122,0.6020485393939392,0.0109280508148188,1.499886805985141,8.351717570140444,0.5823376974322666,0.9678404742883636,0.02,0.14298264826425552,4.97014520588782e-4,0.1996056158890431,0.6386763052453605,0.0182384160807521,0.01958437422720508,0.3008872486022947,0.8239873267162745,9603,-1387.3021401182166,5.779710359771396,1
0.11381686973134413,0.09391422213325153,0.02943679732255207,45.49801277230641,107.32297723733596,11.662680399853622,2.7475214554112517e-5,0.02828399751998359,0.03668716944066796,0.38816032510526904,0.7730348392042886,0.6519321595959591,2.178383858151196,2.1843799250434772,4.463684145533523,2.2264517258071175,2.306994771538999,0.02,0.15859466044635612,8.671479792725031e-4,0.1664869336916285,0.5912853755121069,0.08276588237063583,0.07106488548716065,0.6250766374830203,0.8924762894557171,9701,-1259.5341881993886,0.16704559214805517,1
0.01133998931895867,0.09524458150498176,1.0186862615326853,29.730660910926556,166.28284166478045,13.226937342043351,3.886553480565863e-5,0.00368089290247596,0.00501159827639838,0.04124048272301452,0.97793187619118,0.6519321595959591,1.3471447432383403,1.8825665378110512,3.675139958194362,2.620119474540038,2.4869635616416557,0.02,0.27403672910286336,4.307454039317379e-4,0.08410550917880372,0.3109794934327462,0.33044752288165496,0.04911725532386687,0.5476099742545951,0.7173731603068282,9702,-1259.5504119502205,0.3742539226002118,1
0.09879279376820256,0.07720537189420344,0.4424837467356492,38.91747055869609,181.40707796882396,14.452895464917708,3.0397934817371892e-5,0.00940591722879572,0.01639117570010532,0.5468554973945494,0.9408988105131468,0.6519321595959591,1.258750632941395,1.275106730945453,3.4404188422235196,2.1029831876196456,1.9981826074789275,0.02,0.18750401597064495,0.00256387841044704,0.16021772113716798,0.5648673216569858,0.08484706282475431,0.01085880472708732,0.9649112470451666,0.6949757846386407,9703,-1255.8329734039269,0.25470043429403005,1
0.23668335386176964,0.14139630847871626,0.27681980048048627,34.60935794187987,41.90872219691209,18.054593569645768,2.8750415495096964e-6,0.01069968399168049,0.13725192346574358,0.02115574715063667,0.9969395583108264,0.6519321595959591,2.6362173285529193,3.605951722745483,5.798087811510754,1.5788710213041588,0.04322344081197289,0.02,0.13042686271704393,0.00723591234964541,0.14451865750286946,0.37670087280749176,0.34111769462294944,0.03442933656875761,0.4621147598686212,0.9000392107708116,9704,-1276.7975176526777,0.32667228690314354,1
0.1562241646128026,0.08629036471816447,0.468377883544733,39.10618985216246,162.35513151501263,12.055451742652275,1.929272940808204e-5,0.00848446475939855,0.0331543872766527,0.16055806378132928,0.4922018073024774,0.6519321595959591,1.7074246726546514,1.8733900116361544,4.298180274036352,2.280591508905109,2.3181049698473912,0.02,0.2460287427467241,0.00547837862988287,0.0711972485082456,0.5091557068834716,0.1681399232316758,0.03049751978370667,0.48384823901819696,0.7228977319480142,9705,-1256.4272453615108,0.3041583135797707,1
0.3131450385691088,0.09727846251305013,0.00644828350442412,56.09283245413472,44.22133491037813,108.83497155869505,1.193102674348498e-4,0.01593028987519366,0.17775828116078185,0.9252647226461532,0.9051971341362036,0.6519321595959591,6.068025422748564,3.792278545365709,8.131787050367588,1.2541225333108856,-3.405335360583189,0.02,0.4209663033276877,0.00110622907861201,0.08092935826894618,0.4036307133419942,0.09336739598276007,0.03299044587416768,0.2531775043666813,0.9699414970233824,9706,-1298.9443173419488,0.15580463828704377,1
0.2211046165381936,0.100563193318759,33.422727852944234,106.51716514159013,37.71856584792714,12.53265327981696,6.662811605087656e-6,6.466124082450265e-4,0.09234812569497385,-0.04154992892643085,0.9838536351919744,0.7018157797979798,3.363929962743863,3.1653208123959153,6.1792574637500985,2.632902844756724,1.984769082746262,0.02,0.2529757757671554,9.490818793389752e-4,0.13359740204711343,0.42534791148446344,0.1871298288219288,0.01989130855899269,4.987937320907632,0.9013587399352716,9801,-1258.092401092411,0.16821858753289523,1
0.16872030689170936,0.07544003608615718,0.45942651757837655,24.30656674570917,33.85104249474476,14.260354316581456,1.9543474459326034e-7,0.00851025106870666,0.00772484934994733,-0.03893390938400203,0.9838257278936242,0.7018157797979798,2.4520652549215876,2.2363736964486227,4.3886708816619,2.215716161112778,2.795454716677597,0.02,0.2595955567573906,0.00198824574792583,0.20691856857207452,0.48159330562624786,0.04990432329636124,0.01243049391806389,0.23302459919725835,0.8805662945857403,9802,-1264.770373111689,0.23678727352827592,1
0.16035201676012928,0.09559175535371454,4.01767044307255,107.61026159104613,17.68416915734684,4.0361834165165895,1.3506686603266763e-4,0.00661849688225974,0.0448504510514551,0.19175056436479784,0.10906079119338088,0.7018157797979798,2.123492352305715,2.5227705257287867,4.558861404942656,2.1367144910139686,2.2987532947266183,0.02,0.16520670072034896,0.00373493369984979,0.3606248438402114,0.3613910136167205,0.10904250812286938,0.07010971984813995,0.1906388558978583,0.9383327982912824,9803,-1269.869426708717,0.3552590789671091,1
0.25169785997339744,0.1329430594539852,0.03362388804647739,164.36541076124465,34.04141468075081,5.828431584661364,1.6098074576981469e-6,0.01407310240585403,0.0990192645202894,2.0770289181854404,0.12214927407846164,0.7018157797979798,2.712052060991763,3.2256904216271893,5.8065918981726465,2.8851809338299823,2.854988348066056,0.02,0.5150931568700192,0.00210875472133157,0.16730678204343233,0.22716326450627736,0.08832804185893954,0.02022920512252363,0.3093749214793516,0.9875874850143996,9804,-1291.306686553476,0.2522290505330284,1
