year,sigOBS,sigPRO,muS2S1,muEI1,muI1S2,muI2S2,betaOUT,rho,tau,bH,q0,b1,b2,b3,b4,b5,b6,delta,S1_0,E_0,I1_0,S2_0,I2_0,K_0,F_0,alpha,scaled_b,window,rep
1,0.13849046385824723,0.1399709971483963,2.0638560611117915,23.74218146525526,10.60705177895283,1.985030644624604,5.7697845085753214e-5,0.01199513936363636,0.00619455113416802,1.51086457940087,0.9867108086669816,-2.909269379238365,-1.1523798714006714,-3.5104154884288965,1.089298768737161,-0.7563352958184046,-0.02105363997354715,0.02,0.30182041888512834,6.207955855627253e-4,0.0049228083585139,0.6058352229018801,0.08680075426891494,0.04985305754926784,0.7153054644371083,0.5022689941630447,1,14,1
2,0.13849046385824723,0.1399709971483963,2.0638560611117915,23.74218146525526,10.60705177895283,1.985030644624604,5.7697845085753214e-5,0.011995139363636362,0.006194551134168019,1.51086457940087,0.9867108086669816,-2.909269379238365,-1.1523798714006714,-3.5104154884288965,1.089298768737161,-0.7563352958184046,-0.02105363997354715,0.02,0.8341312747329622,0.003158759699095951,0.013410055922310843,0.12827240539071696,0.021027504254913853,0.04820796989042839,0.0437801824641706,0.5022689941630447,1.0040194961231832,14,1
3,0.13849046385824723,0.1399709971483963,2.0638560611117915,23.74218146525526,10.60705177895283,1.985030644624604,5.7697845085753214e-5,0.011995139363636362,0.006194551134168019,1.51086457940087,0.9867108086669816,-2.909269379238365,-1.1523798714006714,-3.5104154884288965,1.089298768737161,-0.7563352958184046,-0.02105363997354715,0.02,0.9574989536495612,0.0014867700662130464,0.0070044943770829916,0.03343793960886169,5.718422982812647e-4,0.022690774602247058,0.025099174172013006,0.5022689941630447,0.9382022193829977,14,1
4,0.13849046385824723,0.1399709971483963,2.0638560611117915,23.74218146525526,10.60705177895283,1.985030644624604,5.7697845085753214e-5,0.011995139363636362,0.006194551134168019,1.51086457940087,0.9867108086669816,-2.909269379238365,-1.1523798714006714,-3.5104154884288965,1.089298768737161,-0.7563352958184046,-0.02105363997354715,0.02,0.9663055841827006,8.533125986776992e-4,0.004410881275310949,0.02794394207915102,4.86279864159564e-4,0.016394642991170782,0.014812123419419681,0.5022689941630447,0.74837159988146,14,1
5,0.13849046385824723,0.1399709971483963,2.0638560611117915,23.74218146525526,10.60705177895283,1.985030644624604,5.7697845085753214e-5,0.011995139363636362,0.006194551134168019,1.51086457940087,0.9867108086669816,-2.909269379238365,-1.1523798714006714,-3.5104154884288965,1.089298768737161,-0.7563352958184046,-0.02105363997354715,0.02,0.9866889925572454,2.7113388243175284e-4,0.0013426914960037192,0.011555544406594436,1.4163765772476884e-4,0.009198624213982579,0.004766850178918779,0.5022689941630447,0.8406733874935408,14,1
6,0.13849046385824723,0.1399709971483963,2.0638560611117915,23.74218146525526,10.60705177895283,1.985030644624604,5.7697845085753214e-5,0.011995139363636362,0.006194551134168019,1.51086457940087,0.9867108086669816,-2.909269379238365,-1.1523798714006714,-3.5104154884288965,1.089298768737161,-0.7563352958184046,-0.02105363997354715,0.02,0.9928565170355447,4.911730503841837e-4,0.0013588304322886776,0.005254754847948745,3.872463383376741e-5,0.007208021721321467,0.0073950227000726615,0.5022689941630447,0.8996381496348658,14,1
7,0.13849046385824723,0.1399709971483963,2.0638560611117915,23.74218146525526,10.60705177895283,1.985030644624604,5.7697845085753214e-5,0.011995139363636362,0.006194551134168019,1.51086457940087,0.9867108086669816,-2.909269379238365,-1.1523798714006714,-3.5104154884288965,1.089298768737161,-0.7563352958184046,-0.02105363997354715,0.02,0.9865879618970296,6.698242467260537e-4,0.002359172954941604,0.01031786364104231,6.517726026057506e-5,0.010157749330630232,0.012094227776572515,0.5022689941630447,0.8320258182331483,14,1
8,0.13849046385824723,0.1399709971483963,2.0638560611117915,23.74218146525526,10.60705177895283,1.985030644624604,5.7697845085753214e-5,0.011995139363636362,0.006194551134168019,1.51086457940087,0.9867108086669816,-2.909269379238365,-1.1523798714006714,-3.5104154884288965,1.089298768737161,-0.7563352958184046,-0.02105363997354715,0.02,0.9807072500612191,5.977376400221141e-4,0.003241266746579628,0.015326386852210931,1.2735869996825694e-4,0.014417006318773348,0.01813610344106399,0.5022689941630447,0.7437976418913038,14,1
9,0.13849046385824723,0.1399709971483963,2.0638560611117915,23.74218146525526,10.60705177895283,1.985030644624604,5.7697845085753214e-5,0.011995139363636362,0.006194551134168019,1.51086457940087,0.9867108086669816,-2.909269379238365,-1.1523798714006714,-3.5104154884288965,1.089298768737161,-0.7563352958184046,-0.02105363997354715,0.02,0.9861873530338298,3.507290391602449e-4,0.001738341307456973,0.011631681216110714,9.189540344230658e-5,0.007412456651503156,0.008652912358812615,0.5022689941630447,0.7164246623676185,14,1
10,0.13849046385824723,0.1399709971483963,2.0638560611117915,23.74218146525526,10.60705177895283,1.985030644624604,5.7697845085753214e-5,0.011995139363636362,0.006194551134168019,1.51086457940087,0.9867108086669816,-2.909269379238365,-1.1523798714006714,-3.5104154884288965,1.089298768737161,-0.7563352958184046,-0.02105363997354715,0.02,0.9924352368486747,2.1719945155345552e-4,0.00074965998741680865,0.006560219702275298,3.768401007974047e-5,0.00564133473856461,0.00505019982491036,0.5022689941630447,0.5858441641277092,14,1
11,0.13849046385824723,0.1399709971483963,2.0638560611117915,23.74218146525526,10.60705177895283,1.985030644624604,5.7697845085753214e-5,0.011995139363636362,0.006194551134168019,1.51086457940087,0.9867108086669816,-2.909269379238365,-1.1523798714006714,-3.5104154884288965,1.089298768737161,-0.7563352958184046,-0.02105363997354715,0.02,0.9970224478394539,1.3717465218725125e-4,4.278126441147378e-4,0.0024035332435171403,9.031620727013386e-6,0.0031092899776276254,0.0034769889923534102,0.5022689941630447,0.7355433804639803,14,1
12,0.13849046385824723,0.1399709971483963,2.0638560611117915,23.74218146525526,10.60705177895283,1.985030644624604,5.7697845085753214e-5,0.011995139363636362,0.006194551134168019,1.51086457940087,0.9867108086669816,-2.909269379238365,-1.1523798714006714,-3.5104154884288965,1.089298768737161,-0.7563352958184046,-0.02105363997354715,0.02,0.985792425160301,6.47937427733002e-4,0.0026615875155486814,0.010834985958632455,6.306393778497197e-5,0.008973330240419764,0.008609807154381704,0.5022689941630447,0.6487519427512192,14,1
13,0.13849046385824723,0.1399709971483963,2.0638560611117915,23.74218146525526,10.60705177895283,1.985030644624604,5.7697845085753214e-5,0.011995139363636362,0.006194551134168019,1.51086457940087,0.9867108086669816,-2.909269379238365,-1.1523798714006714,-3.5104154884288965,1.089298768737161,-0.7563352958184046,-0.02105363997354715,0.02,0.9978948565088686,9.659564568642703e-5,3.029561757971824e-4,0.0017023214890543657,3.270180593437506e-6,0.0020013286248528423,0.0027530684376844525,0.5022689941630447,0.5566676702585185,14,1
1,0.13849046385824723,0.1399709971483963,2.0638560611117915,23.74218146525526,10.60705177895283,1.985030644624604,5.7697845085753214e-5,0.01199513936363636,0.00619455113416802,1.51086457940087,0.9867108086669816,-2.909269379238365,-1.1523798714006714,-3.5104154884288965,1.089298768737161,-0.7563352958184046,-0.02105363997354715,0.02,0.30182041888512834,6.207955855627253e-4,0.0049228083585139,0.6058352229018801,0.08680075426891494,0.04985305754926784,0.7153054644371083,0.5022689941630447,1,13,1
2,0.13849046385824723,0.1399709971483963,2.0638560611117915,23.74218146525526,10.60705177895283,1.985030644624604,5.7697845085753214e-5,0.011995139363636362,0.006194551134168019,1.51086457940087,0.9867108086669816,-2.909269379238365,-1.1523798714006714,-3.5104154884288965,1.089298768737161,-0.7563352958184046,-0.02105363997354715,0.02,0.9369585926484106,0.001619812392112591,0.006340563288326168,0.050768065164888874,0.004312966506261729,0.020813500661430933,0.027478613508596463,0.5022689941630447,0.9942703093122078,13,1
3,0.13849046385824723,0.1399709971483963,2.0638560611117915,23.74218146525526,10.60705177895283,1.985030644624604,5.7697845085753214e-5,0.011995139363636362,0.006194551134168019,1.51086457940087,0.9867108086669816,-2.909269379238365,-1.1523798714006714,-3.5104154884288965,1.089298768737161,-0.7563352958184046,-0.02105363997354715,0.02,0.9577924986144013,0.001429245097259755,0.0069627503827261955,0.03325125056673834,5.642553388744201e-4,0.02323465937362093,0.01899930326181779,0.5022689941630447,0.9938391685867584,13,1
4,0.13849046385824723,0.1399709971483963,2.0638560611117915,23.74218146525526,10.60705177895283,1.985030644624604,5.7697845085753214e-5,0.011995139363636362,0.006194551134168019,1.51086457940087,0.9867108086669816,-2.909269379238365,-1.1523798714006714,-3.5104154884288965,1.089298768737161,-0.7563352958184046,-0.02105363997354715,0.02,0.9660829600894925,8.385705390779124e-4,0.004436103531883823,0.028144941000247635,4.974248392981427e-4,0.014429074147552488,0.016419884291730143,0.5022689941630447,0.9600802367722687,13,1
5,0.13849046385824723,0.1399709971483963,2.0638560611117915,23.74218146525526,10.60705177895283,1.985030644624604,5.7697845085753214e-5,0.011995139363636362,0.006194551134168019,1.51086457940087,0.9867108086669816,-2.909269379238365,-1.1523798714006714,-3.5104154884288965,1.089298768737161,-0.7563352958184046,-0.02105363997354715,0.02,0.9863724632752742,3.270395980933277e-4,0.0014647198833575004,0.011691639609620086,1.4413763365498996e-4,0.010825469566418465,0.01241120930651173,0.5022689941630447,0.8800676920406587,13,1
6,0.13849046385824723,0.1399709971483963,2.0638560611117915,23.74218146525526,10.60705177895283,1.985030644624604,5.7697845085753214e-5,0.011995139363636362,0.006194551134168019,1.51086457940087,0.9867108086669816,-2.909269379238365,-1.1523798714006714,-3.5104154884288965,1.089298768737161,-0.7563352958184046,-0.02105363997354715,0.02,0.9926919789954914,4.917518449031708e-4,0.001354143065682362,0.005420175681363038,4.19504125600481e-5,0.007565905086266489,0.006729174354866813,0.5022689941630447,0.8294633138740622,13,1
7,0.13849046385824723,0.1399709971483963,2.0638560611117915,23.74218146525526,10.60705177895283,1.985030644624604,5.7697845085753214e-5,0.011995139363636362,0.006194551134168019,1.51086457940087,0.9867108086669816,-2.909269379238365,-1.1523798714006714,-3.5104154884288965,1.089298768737161,-0.7563352958184046,-0.02105363997354715,0.02,0.9866878382174777,6.393952400017054e-4,0.0023500683019497238,0.010258782464049258,6.391577652168098e-5,0.008677302541456882,0.009013758456351934,0.5022689941630447,0.8253947812293607,13,1
8,0.13849046385824723,0.1399709971483963,2.0638560611117915,23.74218146525526,10.60705177895283,1.985030644624604,5.7697845085753214e-5,0.011995139363636362,0.006194551134168019,1.51086457940087,0.9867108086669816,-2.909269379238365,-1.1523798714006714,-3.5104154884288965,1.089298768737161,-0.7563352958184046,-0.02105363997354715,0.02,0.9804404432925264,6.335815491017278e-4,0.0032638942994050978,0.015529616402777951,1.3246445618877222e-4,0.013610045023805655,0.014146513513644267,0.5022689941630447,0.8075537941660418,13,1
9,0.13849046385824723,0.1399709971483963,2.0638560611117915,23.74218146525526,10.60705177895283,1.985030644624604,5.7697845085753214e-5,0.011995139363636362,0.006194551134168019,1.51086457940087,0.9867108086669816,-2.909269379238365,-1.1523798714006714,-3.5104154884288965,1.089298768737161,-0.7563352958184046,-0.02105363997354715,0.02,0.9861887736121849,3.538413846326742e-4,0.0017243221240732653,0.011639887705044335,9.317517406479223e-5,0.008615145389797584,0.006964882035347828,0.5022689941630447,0.7091579192604986,13,1
10,0.13849046385824723,0.1399709971483963,2.0638560611117915,23.74218146525526,10.60705177895283,1.985030644624604,5.7697845085753214e-5,0.011995139363636362,0.006194551134168019,1.51086457940087,0.9867108086669816,-2.909269379238365,-1.1523798714006714,-3.5104154884288965,1.089298768737161,-0.7563352958184046,-0.02105363997354715,0.02,0.992525644201619,2.1968674973580962e-4,7.410904283781654e-4,0.006477072743987833,3.650587627928486e-5,0.003871156390892439,0.004102596658969155,0.5022689941630447,0.6805863419169905,13,1
11,0.13849046385824723,0.1399709971483963,2.0638560611117915,23.74218146525526,10.60705177895283,1.985030644624604,5.7697845085753214e-5,0.011995139363636362,0.006194551134168019,1.51086457940087,0.9867108086669816,-2.909269379238365,-1.1523798714006714,-3.5104154884288965,1.089298768737161,-0.7563352958184046,-0.02105363997354715,0.02,0.9969555184774115,1.469786297350257e-4,4.3549638869854287e-4,0.0024529783077278703,9.028196427104202e-6,0.003902446864476615,0.0030865480270164565,0.5022689941630447,0.6833299989390379,13,1
12,0.13849046385824723,0.1399709971483963,2.0638560611117915,23.74218146525526,10.60705177895283,1.985030644624604,5.7697845085753214e-5,0.011995139363636362,0.006194551134168019,1.51086457940087,0.9867108086669816,-2.909269379238365,-1.1523798714006714,-3.5104154884288965,1.089298768737161,-0.7563352958184046,-0.02105363997354715,0.02,0.9873384256686785,5.815103494750995e-4,0.002356965079806331,0.009672241750148755,5.085715189136663e-5,0.008391248224896376,0.008474507768977447,0.5022689941630447,0.537390246486297,13,1
13,0.13849046385824723,0.1399709971483963,2.0638560611117915,23.74218146525526,10.60705177895283,1.985030644624604,5.7697845085753214e-5,0.011995139363636362,0.006194551134168019,1.51086457940087,0.9867108086669816,-2.909269379238365,-1.1523798714006714,-3.5104154884288965,1.089298768737161,-0.7563352958184046,-0.02105363997354715,0.02,0.9979747894779255,9.485483714512108e-5,3.0054139496280577e-4,0.001626957589647092,2.856700319517265e-6,0.0016216284971106135,0.003932907813982702,0.5022689941630447,0.6263788851452273,13,1
1,0.13849046385824723,0.1399709971483963,2.0638560611117915,23.74218146525526,10.60705177895283,1.985030644624604,5.7697845085753214e-5,0.01199513936363636,0.00619455113416802,1.51086457940087,0.9867108086669816,-2.909269379238365,-1.1523798714006714,-3.5104154884288965,1.089298768737161,-0.7563352958184046,-0.02105363997354715,0.02,0.30182041888512834,6.207955855627253e-4,0.0049228083585139,0.6058352229018801,0.08680075426891494,0.04985305754926784,0.7153054644371083,0.5022689941630447,1,12,1
2,0.13849046385824723,0.1399709971483963,2.0638560611117915,23.74218146525526,10.60705177895283,1.985030644624604,5.7697845085753214e-5,0.011995139363636362,0.006194551134168019,1.51086457940087,0.9867108086669816,-2.909269379238365,-1.1523798714006714,-3.5104154884288965,1.089298768737161,-0.7563352958184046,-0.02105363997354715,0.02,0.9696345821558772,0.0013724669327401027,0.005014782427361946,0.023042722553511457,9.354459305093677e-4,0.019120867668896854,0.021269990943425625,0.5022689941630447,0.9568136145878904,12,1
3,0.13849046385824723,0.1399709971483963,2.0638560611117915,23.74218146525526,10.60705177895283,1.985030644624604,5.7697845085753214e-5,0.011995139363636362,0.006194551134168019,1.51086457940087,0.9867108086669816,-2.909269379238365,-1.1523798714006714,-3.5104154884288965,1.089298768737161,-0.7563352958184046,-0.02105363997354715,0.02,0.9579892324445871,0.0014011050184692371,0.006921619534700449,0.03313124857320356,5.567944290395573e-4,0.020651739831437414,0.022330895976490576,0.5022689941630447,1.0241207728622321,12,1
4,0.13849046385824723,0.1399709971483963,2.0638560611117915,23.74218146525526,10.60705177895283,1.985030644624604,5.7697845085753214e-5,0.011995139363636362,0.006194551134168019,1.51086457940087,0.9867108086669816,-2.909269379238365,-1.1523798714006714,-3.5104154884288965,1.089298768737161,-0.7563352958184046,-0.02105363997354715,0.02,0.9665888026549637,8.471321172504791e-4,0.00442068221238491,0.027659873597380747,4.8350941802014944e-4,0.01922088483539289,0.015592344299661519,0.5022689941630447,0.9109596244285579,12,1
5,0.13849046385824723,0.1399709971483963,2.0638560611117915,23.74218146525526,10.60705177895283,1.985030644624604,5.7697845085753214e-5,0.011995139363636362,0.006194551134168019,1.51086457940087,0.9867108086669816,-2.909269379238365,-1.1523798714006714,-3.5104154884288965,1.089298768737161,-0.7563352958184046,-0.02105363997354715,0.02,0.9864406475661979,2.3907166110787508e-4,0.0014307397122947706,0.011742901574238906,1.4663948616054835e-4,0.00604188016162803,0.0068409170155236355,0.5022689941630447,0.8539567512624764,12,1
6,0.13849046385824723,0.1399709971483963,2.0638560611117915,23.74218146525526,10.60705177895283,1.985030644624604,5.7697845085753214e-5,0.011995139363636362,0.006194551134168019,1.51086457940087,0.9867108086669816,-2.909269379238365,-1.1523798714006714,-3.5104154884288965,1.089298768737161,-0.7563352958184046,-0.02105363997354715,0.02,0.9927012478020756,4.886944271830129e-4,0.0013540783301437727,0.00541588838612101,4.0091054476603695e-5,0.007960678444934295,0.008314132841043579,0.5022689941630447,0.9461998947980483,12,1
7,0.13849046385824723,0.1399709971483963,2.0638560611117915,23.74218146525526,10.60705177895283,1.985030644624604,5.7697845085753214e-5,0.011995139363636362,0.006194551134168019,1.51086457940087,0.9867108086669816,-2.909269379238365,-1.1523798714006714,-3.5104154884288965,1.089298768737161,-0.7563352958184046,-0.02105363997354715,0.02,0.9865699950436544,6.743528367565724e-4,0.0023778362673596413,0.010312246464220187,6.55693880091853e-5,0.010303914975191309,0.009121497417336397,0.5022689941630447,0.8394626346717831,12,1
8,0.13849046385824723,0.1399709971483963,2.0638560611117915,23.74218146525526,10.60705177895283,1.985030644624604,5.7697845085753214e-5,0.011995139363636362,0.006194551134168019,1.51086457940087,0.9867108086669816,-2.909269379238365,-1.1523798714006714,-3.5104154884288965,1.089298768737161,-0.7563352958184046,-0.02105363997354715,0.02,0.9808691219673135,5.508466093763559e-4,0.0032042427679087986,0.015251036563838456,1.2475209156305087e-4,0.011707431394870049,0.013485764948357556,0.5022689941630447,0.770483415559433,12,1
9,0.13849046385824723,0.1399709971483963,2.0638560611117915,23.74218146525526,10.60705177895283,1.985030644624604,5.7697845085753214e-5,0.011995139363636362,0.006194551134168019,1.51086457940087,0.9867108086669816,-2.909269379238365,-1.1523798714006714,-3.5104154884288965,1.089298768737161,-0.7563352958184046,-0.02105363997354715,0.02,0.9860771353437194,3.695382517253699e-4,0.0017503990115490292,0.011707728037410282,9.519935559584188e-5,0.010607367732746436,0.009587023764141219,0.5022689941630447,0.7173456798661383,12,1
10,0.13849046385824723,0.1399709971483963,2.0638560611117915,23.74218146525526,10.60705177895283,1.985030644624604,5.7697845085753214e-5,0.011995139363636362,0.006194551134168019,1.51086457940087,0.9867108086669816,-2.909269379238365,-1.1523798714006714,-3.5104154884288965,1.089298768737161,-0.7563352958184046,-0.02105363997354715,0.02,0.9925244253639436,2.1689693936951043e-4,7.497268450176738e-4,0.00647276318798332,3.618766368585536e-5,0.004276633824672435,0.004794640758687581,0.5022689941630447,0.6259030476518078,12,1
11,0.13849046385824723,0.1399709971483963,2.0638560611117915,23.74218146525526,10.60705177895283,1.985030644624604,5.7697845085753214e-5,0.011995139363636362,0.006194551134168019,1.51086457940087,0.9867108086669816,-2.909269379238365,-1.1523798714006714,-3.5104154884288965,1.089298768737161,-0.7563352958184046,-0.02105363997354715,0.02,0.9970867667535532,1.4394955382176754e-4,4.334801209961876e-4,0.002327770505038172,8.033066590678273e-6,0.00273458832603999,0.003815006607682254,0.5022689941630447,0.6524273354320526,12,1
12,0.13849046385824723,0.1399709971483963,2.0638560611117915,23.74218146525526,10.60705177895283,1.985030644624604,5.7697845085753214e-5,0.011995139363636362,0.006194551134168019,1.51086457940087,0.9867108086669816,-2.909269379238365,-1.1523798714006714,-3.5104154884288965,1.089298768737161,-0.7563352958184046,-0.02105363997354715,0.02,0.9884968688955144,5.151912945156791e-4,0.002132721003876088,0.008812789497277016,4.2429308816854524e-5,0.007391382291104128,0.007438404914308508,0.5022689941630447,0.5239879597794335,12,1
13,0.13849046385824723,0.1399709971483963,2.0638560611117915,23.74218146525526,10.60705177895283,1.985030644624604,5.7697845085753214e-5,0.011995139363636362,0.006194551134168019,1.51086457940087,0.9867108086669816,-2.909269379238365,-1.1523798714006714,-3.5104154884288965,1.089298768737161,-0.7563352958184046,-0.02105363997354715,0.02,0.99819638444734,7.986944029953452e-5,2.905565846929325e-4,0.0014312596691539216,1.929858513503502e-6,0.0020477434629902528,0.002341597297617849,0.5022689941630447,0.5521837312596929,12,1
1,0.13849046385824723,0.1399709971483963,2.0638560611117915,23.74218146525526,10.60705177895283,1.985030644624604,5.7697845085753214e-5,0.01199513936363636,0.00619455113416802,1.51086457940087,0.9867108086669816,-2.909269379238365,-1.1523798714006714,-3.5104154884288965,1.089298768737161,-0.7563352958184046,-0.02105363997354715,0.02,0.30182041888512834,6.207955855627253e-4,0.0049228083585139,0.6058352229018801,0.08680075426891494,0.04985305754926784,0.7153054644371083,0.5022689941630447,1,11,1
2,0.13849046385824723,0.1399709971483963,2.0638560611117915,23.74218146525526,10.60705177895283,1.985030644624604,5.7697845085753214e-5,0.011995139363636362,0.006194551134168019,1.51086457940087,0.9867108086669816,-2.909269379238365,-1.1523798714006714,-3.5104154884288965,1.089298768737161,-0.7563352958184046,-0.02105363997354715,0.02,0.9851763412692557,5.858819003475852e-4,0.002015051657750519,0.011999945321990026,2.2277985065621419e-4,0.01176023189269683,0.01230437694767658,0.5022689941630447,0.9544938258998441,11,1
3,0.13849046385824723,0.1399709971483963,2.0638560611117915,23.74218146525526,10.60705177895283,1.985030644624604,5.7697845085753214e-5,0.011995139363636362,0.006194551134168019,1.51086457940087,0.9867108086669816,-2.909269379238365,-1.1523798714006714,-3.5104154884288965,1.089298768737161,-0.7563352958184046,-0.02105363997354715,0.02,0.9581049494041723,0.001377929551562483,0.006859982616407765,0.033100744010626154,5.563944172313286e-4,0.02021483067877094,0.0258158442946814,0.5022689941630447,0.9415976587304953,11,1
4,0.13849046385824723,0.1399709971483963,2.0638560611117915,23.74218146525526,10.60705177895283,1.985030644624604,5.7697845085753214e-5,0.011995139363636362,0.006194551134168019,1.51086457940087,0.9867108086669816,-2.909269379238365,-1.1523798714006714,-3.5104154884288965,1.089298768737161,-0.7563352958184046,-0.02105363997354715,0.02,0.9659974626480686,8.380946867258403e-4,0.00443633604455851,0.028224984165365497,5.031224552816164e-4,0.018037409668396672,0.013817830559173978,0.5022689941630447,0.9173172020763393,11,1
5,0.13849046385824723,0.1399709971483963,2.0638560611117915,23.74218146525526,10.60705177895283,1.985030644624604,5.7697845085753214e-5,0.011995139363636362,0.006194551134168019,1.51086457940087,0.9867108086669816,-2.909269379238365,-1.1523798714006714,-3.5104154884288965,1.089298768737161,-0.7563352958184046,-0.02105363997354715,0.02,0.9866358722608966,3.0130997717769026e-4,0.0013658533828968184,0.011556209156570853,1.4075522245802618e-4,0.015893138026026758,0.00782139777624202,0.5022689941630447,0.7334504611994734,11,1
6,0.13849046385824723,0.1399709971483963,2.0638560611117915,23.74218146525526,10.60705177895283,1.985030644624604,5.7697845085753214e-5,0.011995139363636362,0.006194551134168019,1.51086457940087,0.9867108086669816,-2.909269379238365,-1.1523798714006714,-3.5104154884288965,1.089298768737161,-0.7563352958184046,-0.02105363997354715,0.02,0.9928530921238352,4.545722779531038e-4,0.001335457338289083,0.00531683603378503,4.004222613759464e-5,0.005826437053485873,0.008612755826345887,0.5022689941630447,0.8621090588803539,11,1
7,0.13849046385824723,0.1399709971483963,2.0638560611117915,23.74218146525526,10.60705177895283,1.985030644624604,5.7697845085753214e-5,0.011995139363636362,0.006194551134168019,1.51086457940087,0.9867108086669816,-2.909269379238365,-1.1523798714006714,-3.5104154884288965,1.089298768737161,-0.7563352958184046,-0.02105363997354715,0.02,0.9866385373202429,6.463112246584272e-4,0.002350751633133084,0.010299953994455336,6.444582751037898e-5,0.009437067929353766,0.010315553118098146,0.5022689941630447,0.878473099791655,11,1
8,0.13849046385824723,0.1399709971483963,2.0638560611117915,23.74218146525526,10.60705177895283,1.985030644624604,5.7697845085753214e-5,0.011995139363636362,0.006194551134168019,1.51086457940087,0.9867108086669816,-2.909269379238365,-1.1523798714006714,-3.5104154884288965,1.089298768737161,-0.7563352958184046,-0.02105363997354715,0.02,0.9807993034411412,5.87478003988317e-4,0.003263849097840719,0.015221874048880391,1.2749540814941277e-4,0.008763014988885846,0.008276899080449913,0.5022689941630447,0.8187010549400231,11,1
9,0.13849046385824723,0.1399709971483963,2.0638560611117915,23.74218146525526,10.60705177895283,1.985030644624604,5.7697845085753214e-5,0.011995139363636362,0.006194551134168019,1.51086457940087,0.9867108086669816,-2.909269379238365,-1.1523798714006714,-3.5104154884288965,1.089298768737161,-0.7563352958184046,-0.02105363997354715,0.02,0.9860401794201287,3.5750037375375637e-4,0.0017369089117653155,0.011769150441347619,9.626085300469527e-5,0.00909676665318547,0.007841143285624698,0.5022689941630447,0.7159945316448271,11,1
10,0.13849046385824723,0.1399709971483963,2.0638560611117915,23.74218146525526,10.60705177895283,1.985030644624604,5.7697845085753214e-5,0.011995139363636362,0.006194551134168019,1.51086457940087,0.9867108086669816,-2.909269379238365,-1.1523798714006714,-3.5104154884288965,1.089298768737161,-0.7563352958184046,-0.02105363997354715,0.02,0.9925423434423042,2.249667027993734e-4,7.420912188719836e-4,0.006453051392280128,3.7547243744286736e-5,0.004570070100715159,0.004698415050972255,0.5022689941630447,0.6521575771073737,11,1
11,0.13849046385824723,0.1399709971483963,2.0638560611117915,23.74218146525526,10.60705177895283,1.985030644624604,5.7697845085753214e-5,0.011995139363636362,0.006194551134168019,1.51086457940087,0.9867108086669816,-2.909269379238365,-1.1523798714006714,-3.5104154884288965,1.089298768737161,-0.7563352958184046,-0.02105363997354715,0.02,0.9969660654891354,1.4158874920640866e-4,4.275384875253844e-4,0.0024552610735141607,9.546200618701566e-6,0.0027543966671723253,0.003496814578939005,0.5022689941630447,0.5880149902582956,11,1
12,0.13849046385824723,0.1399709971483963,2.0638560611117915,23.74218146525526,10.60705177895283,1.985030644624604,5.7697845085753214e-5,0.011995139363636362,0.006194551134168019,1.51086457940087,0.9867108086669816,-2.909269379238365,-1.1523798714006714,-3.5104154884288965,1.089298768737161,-0.7563352958184046,-0.02105363997354715,0.02,0.990548193725489,4.275212693935292e-4,0.001755757032840619,0.007239236376082943,2.9291596193974992e-5,0.006830035567052208,0.006315284047300891,0.5022689941630447,0.6472391792753434,11,1
13,0.13849046385824723,0.1399709971483963,2.0638560611117915,23.74218146525526,10.60705177895283,1.985030644624604,5.7697845085753214e-5,0.011995139363636362,0.006194551134168019,1.51086457940087,0.9867108086669816,-2.909269379238365,-1.1523798714006714,-3.5104154884288965,1.089298768737161,-0.7563352958184046,-0.02105363997354715,0.02,0.9979450401731087,9.036089741976323e-5,3.1104676144340495e-4,0.0016509760243956137,2.576143632503491e-6,0.0032647604673910293,0.0029846322309374355,0.5022689941630447,0.4773002232997708,11,1
1,0.13849046385824723,0.1399709971483963,2.0638560611117915,23.74218146525526,10.60705177895283,1.985030644624604,5.7697845085753214e-5,0.01199513936363636,0.00619455113416802,1.51086457940087,0.9867108086669816,-2.909269379238365,-1.1523798714006714,-3.5104154884288965,1.089298768737161,-0.7563352958184046,-0.02105363997354715,0.02,0.30182041888512834,6.207955855627253e-4,0.0049228083585139,0.6058352229018801,0.08680075426891494,0.04985305754926784,0.7153054644371083,0.5022689941630447,1,10,1
2,0.13849046385824723,0.1399709971483963,2.0638560611117915,23.74218146525526,10.60705177895283,1.985030644624604,5.7697845085753214e-5,0.011995139363636362,0.006194551134168019,1.51086457940087,0.9867108086669816,-2.909269379238365,-1.1523798714006714,-3.5104154884288965,1.089298768737161,-0.7563352958184046,-0.02105363997354715,0.02,0.986292737464335,6.049715689297524e-4,0.002246717644652078,0.010752178706599627,1.0339461548357081e-4,0.01192598024042997,0.009815276964450382,0.5022689941630447,0.9957212972409145,10,1
3,0.13849046385824723,0.1399709971483963,2.0638560611117915,23.74218146525526,10.60705177895283,1.985030644624604,5.7697845085753214e-5,0.011995139363636362,0.006194551134168019,1.51086457940087,0.9867108086669816,-2.909269379238365,-1.1523798714006714,-3.5104154884288965,1.089298768737161,-0.7563352958184046,-0.02105363997354715,0.02,0.9580409291529253,0.0014331998106415,0.00692354617261836,0.03304527218587561,5.570526779392389e-4,0.020026726685896563,0.023284780575171266,0.5022689941630447,0.9758120936990106,10,1
4,0.13849046385824723,0.1399709971483963,2.0638560611117915,23.74218146525526,10.60705177895283,1.985030644624604,5.7697845085753214e-5,0.011995139363636362,0.006194551134168019,1.51086457940087,0.9867108086669816,-2.909269379238365,-1.1523798714006714,-3.5104154884288965,1.089298768737161,-0.7563352958184046,-0.02105363997354715,0.02,0.9657949113030468,8.530011739518545e-4,0.004462747095866683,0.028378230112139614,5.111103149950422e-4,0.01782440533409853,0.016064036727079317,0.5022689941630447,0.9078857452866795,10,1
5,0.13849046385824723,0.1399709971483963,2.0638560611117915,23.74218146525526,10.60705177895283,1.985030644624604,5.7697845085753214e-5,0.011995139363636362,0.006194551134168019,1.51086457940087,0.9867108086669816,-2.909269379238365,-1.1523798714006714,-3.5104154884288965,1.089298768737161,-0.7563352958184046,-0.02105363997354715,0.02,0.9865647217105611,2.8606950211951986e-4,0.0013102193156489036,0.01168740414039892,1.5158533127154308e-4,0.012379155506248352,0.0027525664070524153,0.5022689941630447,0.7730193797445337,10,1
6,0.13849046385824723,0.1399709971483963,2.0638560611117915,23.74218146525526,10.60705177895283,1.985030644624604,5.7697845085753214e-5,0.011995139363636362,0.006194551134168019,1.51086457940087,0.9867108086669816,-2.909269379238365,-1.1523798714006714,-3.5104154884288965,1.089298768737161,-0.7563352958184046,-0.02105363997354715,0.02,0.9928998360120866,4.7980271328082615e-4,0.0013305959433514128,0.0052509528533913555,3.8812477889750234e-5,0.007726752376258899,0.007311990951375375,0.5022689941630447,0.8142018320709288,10,1
7,0.13849046385824723,0.1399709971483963,2.0638560611117915,23.74218146525526,10.60705177895283,1.985030644624604,5.7697845085753214e-5,0.011995139363636362,0.006194551134168019,1.51086457940087,0.9867108086669816,-2.909269379238365,-1.1523798714006714,-3.5104154884288965,1.089298768737161,-0.7563352958184046,-0.02105363997354715,0.02,0.9868193291969167,6.323433373749369e-4,0.002331596275915955,0.01015465357913447,6.20776106578806e-5,0.008677749081003104,0.009961399756335455,0.5022689941630447,0.89404752349874,10,1
8,0.13849046385824723,0.1399709971483963,2.0638560611117915,23.74218146525526,10.60705177895283,1.985030644624604,5.7697845085753214e-5,0.011995139363636362,0.006194551134168019,1.51086457940087,0.9867108086669816,-2.909269379238365,-1.1523798714006714,-3.5104154884288965,1.089298768737161,-0.7563352958184046,-0.02105363997354715,0.02,0.9807943179661206,6.299977577039292e-4,0.003233288941261549,0.015214756490972078,1.2763884394198394e-4,0.014056480507665432,0.01359776818026727,0.5022689941630447,0.7393327164088345,10,1
9,0.13849046385824723,0.1399709971483963,2.0638560611117915,23.74218146525526,10.60705177895283,1.985030644624604,5.7697845085753214e-5,0.011995139363636362,0.006194551134168019,1.51086457940087,0.9867108086669816,-2.909269379238365,-1.1523798714006714,-3.5104154884288965,1.089298768737161,-0.7563352958184046,-0.02105363997354715,0.02,0.9861332752954742,3.520607344777765e-4,0.0017477618656170557,0.011673273637787829,9.362846664302459e-5,0.008057516481100802,0.010071759626213428,0.5022689941630447,0.7815255036310227,10,1
10,0.13849046385824723,0.1399709971483963,2.0638560611117915,23.74218146525526,10.60705177895283,1.985030644624604,5.7697845085753214e-5,0.011995139363636362,0.006194551134168019,1.51086457940087,0.9867108086669816,-2.909269379238365,-1.1523798714006714,-3.5104154884288965,1.089298768737161,-0.7563352958184046,-0.02105363997354715,0.02,0.9923776911178175,2.3773828469269713e-4,7.458569215214367e-4,0.006600052875140289,3.866080082817937e-5,0.005174043302264648,0.0071389237547584234,0.5022689941630447,0.7591155919146986,10,1
11,0.13849046385824723,0.1399709971483963,2.0638560611117915,23.74218146525526,10.60705177895283,1.985030644624604,5.7697845085753214e-5,0.011995139363636362,0.006194551134168019,1.51086457940087,0.9867108086669816,-2.909269379238365,-1.1523798714006714,-3.5104154884288965,1.089298768737161,-0.7563352958184046,-0.02105363997354715,0.02,0.9967312247583473,1.5818973426838715e-4,4.4298499702709326e-4,0.0026573090471810504,1.0291463176108045e-5,0.003117246408578113,0.0055108728293694325,0.5022689941630447,0.5811425543847818,10,1
12,0.13849046385824723,0.1399709971483963,2.0638560611117915,23.74218146525526,10.60705177895283,1.985030644624604,5.7697845085753214e-5,0.011995139363636362,0.006194551134168019,1.51086457940087,0.9867108086669816,-2.909269379238365,-1.1523798714006714,-3.5104154884288965,1.089298768737161,-0.7563352958184046,-0.02105363997354715,0.02,0.9908946184696688,4.0355006903482454e-4,0.001673793656416411,0.007000324122890854,2.771368198920459e-5,0.005284731084249081,0.0064232618945224244,0.5022689941630447,0.5796834739800586,10,1
13,0.13849046385824723,0.1399709971483963,2.0638560611117915,23.74218146525526,10.60705177895283,1.985030644624604,5.7697845085753214e-5,0.011995139363636362,0.006194551134168019,1.51086457940087,0.9867108086669816,-2.909269379238365,-1.1523798714006714,-3.5104154884288965,1.089298768737161,-0.7563352958184046,-0.02105363997354715,0.02,0.9982478522339365,8.113554343428519e-5,2.7963848360865634e-4,0.0013896301964625418,1.7435425579685646e-6,0.0011043431249931094,0.002716899532857802,0.5022689941630447,0.5381920289599351,10,1
1,0.13849046385824723,0.1399709971483963,2.0638560611117915,23.74218146525526,10.60705177895283,1.985030644624604,5.7697845085753214e-5,0.01199513936363636,0.00619455113416802,1.51086457940087,0.9867108086669816,-2.909269379238365,-1.1523798714006714,-3.5104154884288965,1.089298768737161,-0.7563352958184046,-0.02105363997354715,0.02,0.30182041888512834,6.207955855627253e-4,0.0049228083585139,0.6058352229018801,0.08680075426891494,0.04985305754926784,0.7153054644371083,0.5022689941630447,1,9,1
2,0.13849046385824723,0.1399709971483963,2.0638560611117915,23.74218146525526,10.60705177895283,1.985030644624604,5.7697845085753214e-5,0.011995139363636362,0.006194551134168019,1.51086457940087,0.9867108086669816,-2.909269379238365,-1.1523798714006714,-3.5104154884288965,1.089298768737161,-0.7563352958184046,-0.02105363997354715,0.02,0.9902617379744779,5.012721880899813e-4,0.0014995112932453967,0.007682744675959059,5.4733868227669046e-5,0.009243817894393649,0.009749046110290904,0.5022689941630447,0.9866435572479642,9,1
3,0.13849046385824723,0.1399709971483963,2.0638560611117915,23.74218146525526,10.60705177895283,1.985030644624604,5.7697845085753214e-5,0.011995139363636362,0.006194551134168019,1.51086457940087,0.9867108086669816,-2.909269379238365,-1.1523798714006714,-3.5104154884288965,1.089298768737161,-0.7563352958184046,-0.02105363997354715,0.02,0.9579824733106974,0.0014133232414576273,0.0069320670841693365,0.03311269129608509,5.594450675905821e-4,0.01867767454572642,0.021553784552995947,0.5022689941630447,0.9773714863906704,9,1
4,0.13849046385824723,0.1399709971483963,2.0638560611117915,23.74218146525526,10.60705177895283,1.985030644624604,5.7697845085753214e-5,0.011995139363636362,0.006194551134168019,1.51086457940087,0.9867108086669816,-2.909269379238365,-1.1523798714006714,-3.5104154884288965,1.089298768737161,-0.7563352958184046,-0.02105363997354715,0.02,0.9663705949230975,8.581150017058802e-4,0.004424910439397083,0.027858871639823774,4.875079959757971e-4,0.01620067799494267,0.017275284993868798,0.5022689941630447,0.8894660633122513,9,1
5,0.13849046385824723,0.1399709971483963,2.0638560611117915,23.74218146525526,10.60705177895283,1.985030644624604,5.7697845085753214e-5,0.011995139363636362,0.006194551134168019,1.51086457940087,0.9867108086669816,-2.909269379238365,-1.1523798714006714,-3.5104154884288965,1.089298768737161,-0.7563352958184046,-0.02105363997354715,0.02,0.9867050117788924,3.4874292588925744e-4,0.001416907915289665,0.011394229757087334,1.351076228414021e-4,0.0039577998183688064,0.008238586137869857,0.5022689941630447,0.9121501408643338,9,1
6,0.13849046385824723,0.1399709971483963,2.0638560611117915,23.74218146525526,10.60705177895283,1.985030644624604,5.7697845085753214e-5,0.011995139363636362,0.006194551134168019,1.51086457940087,0.9867108086669816,-2.909269379238365,-1.1523798714006714,-3.5104154884288965,1.089298768737161,-0.7563352958184046,-0.02105363997354715,0.02,0.9926951758217609,5.072400482207332e-4,0.001365717575766329,0.005389664837162395,4.220171708963338e-5,0.006505149382364556,0.007891380299951645,0.5022689941630447,0.9485356399796002,9,1
7,0.13849046385824723,0.1399709971483963,2.0638560611117915,23.74218146525526,10.60705177895283,1.985030644624604,5.7697845085753214e-5,0.011995139363636362,0.006194551134168019,1.51086457940087,0.9867108086669816,-2.909269379238365,-1.1523798714006714,-3.5104154884288965,1.089298768737161,-0.7563352958184046,-0.02105363997354715,0.02,0.9865661750686842,6.98120655077453e-4,0.0023655494221484514,0.010304940620439474,6.521423365043536e-5,0.01059276057577241,0.012227033795924018,0.5022689941630447,0.8447054453632041,9,1
8,0.13849046385824723,0.1399709971483963,2.0638560611117915,23.74218146525526,10.60705177895283,1.985030644624604,5.7697845085753214e-5,0.011995139363636362,0.006194551134168019,1.51086457940087,0.9867108086669816,-2.909269379238365,-1.1523798714006714,-3.5104154884288965,1.089298768737161,-0.7563352958184046,-0.02105363997354715,0.02,0.9809070305919805,5.756200496608364e-4,0.003190672139139614,0.01520161550499025,1.2506171422888842e-4,0.016161696343497702,0.013866298211849634,0.5022689941630447,0.7713609716019094,9,1
9,0.13849046385824723,0.1399709971483963,2.0638560611117915,23.74218146525526,10.60705177895283,1.985030644624604,5.7697845085753214e-5,0.011995139363636362,0.006194551134168019,1.51086457940087,0.9867108086669816,-2.909269379238365,-1.1523798714006714,-3.5104154884288965,1.089298768737161,-0.7563352958184046,-0.02105363997354715,0.02,0.9860539989556604,3.717815043485291e-4,0.0017577545185646331,0.011720605379404683,9.585964202179061e-5,0.007664573880167247,0.008704722583085352,0.5022689941630447,0.7965867142697309,9,1
10,0.13849046385824723,0.1399709971483963,2.0638560611117915,23.74218146525526,10.60705177895283,1.985030644624604,5.7697845085753214e-5,0.011995139363636362,0.006194551134168019,1.51086457940087,0.9867108086669816,-2.909269379238365,-1.1523798714006714,-3.5104154884288965,1.089298768737161,-0.7563352958184046,-0.02105363997354715,0.02,0.9924714942420907,2.309202552117709e-4,7.380509791547961e-4,0.006520931356037704,3.860316750507521e-5,0.0055605157223042765,0.005020218692692298,0.5022689941630447,0.5171604174981554,9,1
11,0.13849046385824723,0.1399709971483963,2.0638560611117915,23.74218146525526,10.60705177895283,1.985030644624604,5.7697845085753214e-5,0.011995139363636362,0.006194551134168019,1.51086457940087,0.9867108086669816,-2.909269379238365,-1.1523798714006714,-3.5104154884288965,1.089298768737161,-0.7563352958184046,-0.02105363997354715,0.02,0.9971471267498577,1.2858209929099526e-4,4.1686968899349187e-4,0.0022987508184030363,8.670643454796877e-6,0.0026212214905467833,0.0026289348309090307,0.5022689941630447,0.6431388230513144,9,1
12,0.13849046385824723,0.1399709971483963,2.0638560611117915,23.74218146525526,10.60705177895283,1.985030644624604,5.7697845085753214e-5,0.011995139363636362,0.006194551134168019,1.51086457940087,0.9867108086669816,-2.909269379238365,-1.1523798714006714,-3.5104154884288965,1.089298768737161,-0.7563352958184046,-0.02105363997354715,0.02,0.988866706271231,5.071463639423936e-4,0.002053512487872575,0.008532505481947436,4.012939500666357e-5,0.007725560738623282,0.007518642252300844,0.5022689941630447,0.4928577071043413,9,1
13,0.13849046385824723,0.1399709971483963,2.0638560611117915,23.74218146525526,10.60705177895283,1.985030644624604,5.7697845085753214e-5,0.011995139363636362,0.006194551134168019,1.51086457940087,0.9867108086669816,-2.909269379238365,-1.1523798714006714,-3.5104154884288965,1.089298768737161,-0.7563352958184046,-0.02105363997354715,0.02,0.9980628583143963,8.586324365983989e-5,2.9465006081888257e-4,0.0015542541134316173,2.3742676933339354e-6,0.002588974317562096,0.0029703196860177126,0.5022689941630447,0.4538018505160864,9,1
1,0.13849046385824723,0.1399709971483963,2.0638560611117915,23.74218146525526,10.60705177895283,1.985030644624604,5.7697845085753214e-5,0.01199513936363636,0.00619455113416802,1.51086457940087,0.9867108086669816,-2.909269379238365,-1.1523798714006714,-3.5104154884288965,1.089298768737161,-0.7563352958184046,-0.02105363997354715,0.02,0.30182041888512834,6.207955855627253e-4,0.0049228083585139,0.6058352229018801,0.08680075426891494,0.04985305754926784,0.7153054644371083,0.5022689941630447,1,8,1
2,0.13849046385824723,0.1399709971483963,2.0638560611117915,23.74218146525526,10.60705177895283,1.985030644624604,5.7697845085753214e-5,0.011995139363636362,0.006194551134168019,1.51086457940087,0.9867108086669816,-2.909269379238365,-1.1523798714006714,-3.5104154884288965,1.089298768737161,-0.7563352958184046,-0.02105363997354715,0.02,0.9837082529005516,0.0011341154918631724,0.0037099515786339315,0.011354051374433996,9.36286545172737e-5,0.014964742821822072,0.01597186924951858,0.5022689941630447,0.9616145924660654,8,1
3,0.13849046385824723,0.1399709971483963,2.0638560611117915,23.74218146525526,10.60705177895283,1.985030644624604,5.7697845085753214e-5,0.011995139363636362,0.006194551134168019,1.51086457940087,0.9867108086669816,-2.909269379238365,-1.1523798714006714,-3.5104154884288965,1.089298768737161,-0.7563352958184046,-0.02105363997354715,0.02,0.9579008097752617,0.001414831480044955,0.006915894550661283,0.03320667087658502,5.617933174470622e-4,0.014521932986879345,0.019212946923705194,0.5022689941630447,0.8923652711622222,8,1
4,0.13849046385824723,0.1399709971483963,2.0638560611117915,23.74218146525526,10.60705177895283,1.985030644624604,5.7697845085753214e-5,0.011995139363636362,0.006194551134168019,1.51086457940087,0.9867108086669816,-2.909269379238365,-1.1523798714006714,-3.5104154884288965,1.089298768737161,-0.7563352958184046,-0.02105363997354715,0.02,0.9663596566906596,8.210036019269578e-4,0.0043875813349248585,0.027939845417997405,4.919129544911789e-4,0.015209070322201035,0.017919272064096627,0.5022689941630447,0.9302538136263155,8,1
5,0.13849046385824723,0.1399709971483963,2.0638560611117915,23.74218146525526,10.60705177895283,1.985030644624604,5.7697845085753214e-5,0.011995139363636362,0.006194551134168019,1.51086457940087,0.9867108086669816,-2.909269379238365,-1.1523798714006714,-3.5104154884288965,1.089298768737161,-0.7563352958184046,-0.02105363997354715,0.02,0.9863138814921899,2.6147288108456507e-4,0.00143463413343737,0.011838011023428229,1.5200046986005793e-4,0.004802102602848343,0.010860579217423104,0.5022689941630447,0.8327750573080849,8,1
6,0.13849046385824723,0.1399709971483963,2.0638560611117915,23.74218146525526,10.60705177895283,1.985030644624604,5.7697845085753214e-5,0.011995139363636362,0.006194551134168019,1.51086457940087,0.9867108086669816,-2.909269379238365,-1.1523798714006714,-3.5104154884288965,1.089298768737161,-0.7563352958184046,-0.02105363997354715,0.02,0.9927614780236524,4.907750633513723e-4,0.0013617146711429118,0.005346360777625996,3.967146422734176e-5,0.008009011107339448,0.008360070702524229,0.5022689941630447,0.801420087129713,8,1
7,0.13849046385824723,0.1399709971483963,2.0638560611117915,23.74218146525526,10.60705177895283,1.985030644624604,5.7697845085753214e-5,0.011995139363636362,0.006194551134168019,1.51086457940087,0.9867108086669816,-2.909269379238365,-1.1523798714006714,-3.5104154884288965,1.089298768737161,-0.7563352958184046,-0.02105363997354715,0.02,0.9867317216750257,6.408854527433701e-4,0.002332954177834197,0.010230579708527173,6.385898586970412e-5,0.009057286418281301,0.009019656977154589,0.5022689941630447,0.7637862911728389,8,1
8,0.13849046385824723,0.1399709971483963,2.0638560611117915,23.74218146525526,10.60705177895283,1.985030644624604,5.7697845085753214e-5,0.011995139363636362,0.006194551134168019,1.51086457940087,0.9867108086669816,-2.909269379238365,-1.1523798714006714,-3.5104154884288965,1.089298768737161,-0.7563352958184046,-0.02105363997354715,0.02,0.9808326475794369,5.344920387341099e-4,0.003253751741025611,0.015254566938817668,1.245417019857409e-4,0.00960719528603759,0.011185992776362348,0.5022689941630447,0.80651533487077,8,1
9,0.13849046385824723,0.1399709971483963,2.0638560611117915,23.74218146525526,10.60705177895283,1.985030644624604,5.7697845085753214e-5,0.011995139363636362,0.006194551134168019,1.51086457940087,0.9867108086669816,-2.909269379238365,-1.1523798714006714,-3.5104154884288965,1.089298768737161,-0.7563352958184046,-0.02105363997354715,0.02,0.9862297080492795,3.7445729112602506e-4,0.0017369533848132295,0.01156544910029938,9.343217448184202e-5,0.008910283376412245,0.007801924280640739,0.5022689941630447,0.6975577259383521,8,1
10,0.13849046385824723,0.1399709971483963,2.0638560611117915,23.74218146525526,10.60705177895283,1.985030644624604,5.7697845085753214e-5,0.011995139363636362,0.006194551134168019,1.51086457940087,0.9867108086669816,-2.909269379238365,-1.1523798714006714,-3.5104154884288965,1.089298768737161,-0.7563352958184046,-0.02105363997354715,0.02,0.9925494998332702,2.1832535083998918e-4,7.43309864964414e-4,0.006452330878503477,3.6534072421831234e-5,0.0036507374968212675,0.004527033557629787,0.5022689941630447,0.6549848895672347,8,1
11,0.13849046385824723,0.1399709971483963,2.0638560611117915,23.74218146525526,10.60705177895283,1.985030644624604,5.7697845085753214e-5,0.011995139363636362,0.006194551134168019,1.51086457940087,0.9867108086669816,-2.909269379238365,-1.1523798714006714,-3.5104154884288965,1.089298768737161,-0.7563352958184046,-0.02105363997354715,0.02,0.997171195879974,1.4503511096396275e-4,4.3010309670712455e-4,0.0022456827569270386,7.983155427790722e-6,0.0037064642568520644,0.0041287981382902616,0.5022689941630447,0.6212558116885845,8,1
12,0.13849046385824723,0.1399709971483963,2.0638560611117915,23.74218146525526,10.60705177895283,1.985030644624604,5.7697845085753214e-5,0.011995139363636362,0.006194551134168019,1.51086457940087,0.9867108086669816,-2.909269379238365,-1.1523798714006714,-3.5104154884288965,1.089298768737161,-0.7563352958184046,-0.02105363997354715,0.02,0.9894007513530736,4.812653294077461e-4,0.0019607001416789014,0.008120341865536715,3.694131030305535e-5,0.007208193291765767,0.007228246096658097,0.5022689941630447,0.524714415094076,8,1
13,0.13849046385824723,0.1399709971483963,2.0638560611117915,23.74218146525526,10.60705177895283,1.985030644624604,5.7697845085753214e-5,0.011995139363636362,0.006194551134168019,1.51086457940087,0.9867108086669816,-2.909269379238365,-1.1523798714006714,-3.5104154884288965,1.089298768737161,-0.7563352958184046,-0.02105363997354715,0.02,0.9979169485333714,8.413353654848346e-5,2.9762020061743853e-4,0.001698151296698517,3.1464327642660055e-6,0.0035355692452785485,0.0021553183303990122,0.5022689941630447,0.49888669849383604,8,1
1,0.13849046385824723,0.1399709971483963,2.0638560611117915,23.74218146525526,10.60705177895283,1.985030644624604,5.7697845085753214e-5,0.01199513936363636,0.00619455113416802,1.51086457940087,0.9867108086669816,-2.909269379238365,-1.1523798714006714,-3.5104154884288965,1.089298768737161,-0.7563352958184046,-0.02105363997354715,0.02,0.30182041888512834,6.207955855627253e-4,0.0049228083585139,0.6058352229018801,0.08680075426891494,0.04985305754926784,0.7153054644371083,0.5022689941630447,1,7,1
2,0.13849046385824723,0.1399709971483963,2.0638560611117915,23.74218146525526,10.60705177895283,1.985030644624604,5.7697845085753214e-5,0.011995139363636362,0.006194551134168019,1.51086457940087,0.9867108086669816,-2.909269379238365,-1.1523798714006714,-3.5104154884288965,1.089298768737161,-0.7563352958184046,-0.02105363997354715,0.02,0.9690903864117495,0.0018240565027386922,0.007249189062930958,0.02152786626073591,3.0850176184506965e-4,0.018463201091033925,0.024922626037267016,0.5022689941630447,0.9504252619454059,7,1
3,0.13849046385824723,0.1399709971483963,2.0638560611117915,23.74218146525526,10.60705177895283,1.985030644624604,5.7697845085753214e-5,0.011995139363636362,0.006194551134168019,1.51086457940087,0.9867108086669816,-2.909269379238365,-1.1523798714006714,-3.5104154884288965,1.089298768737161,-0.7563352958184046,-0.02105363997354715,0.02,0.958224002618261,0.001431916495216448,0.006934512660574175,0.032854916976453964,5.546512494944e-4,0.023216215446571965,0.01978095376875418,0.5022689941630447,0.9348572559686873,7,1
4,0.13849046385824723,0.1399709971483963,2.0638560611117915,23.74218146525526,10.60705177895283,1.985030644624604,5.7697845085753214e-5,0.011995139363636362,0.006194551134168019,1.51086457940087,0.9867108086669816,-2.909269379238365,-1.1523798714006714,-3.5104154884288965,1.089298768737161,-0.7563352958184046,-0.02105363997354715,0.02,0.9663032142942417,8.373336037705643e-4,0.004441361982535333,0.02792721907739546,4.908710420568972e-4,0.015186207430787083,0.01508717033146151,0.5022689941630447,0.7768189240963788,7,1
5,0.13849046385824723,0.1399709971483963,2.0638560611117915,23.74218146525526,10.60705177895283,1.985030644624604,5.7697845085753214e-5,0.011995139363636362,0.006194551134168019,1.51086457940087,0.9867108086669816,-2.909269379238365,-1.1523798714006714,-3.5104154884288965,1.089298768737161,-0.7563352958184046,-0.02105363997354715,0.02,0.9863065185848024,3.0507835029559854e-4,0.0014168749476163945,0.011822566631394874,1.4896148589061984e-4,0.017030307562920333,0.008857839767720106,0.5022689941630447,0.8705733493551532,7,1
6,0.13849046385824723,0.1399709971483963,2.0638560611117915,23.74218146525526,10.60705177895283,1.985030644624604,5.7697845085753214e-5,0.011995139363636362,0.006194551134168019,1.51086457940087,0.9867108086669816,-2.909269379238365,-1.1523798714006714,-3.5104154884288965,1.089298768737161,-0.7563352958184046,-0.02105363997354715,0.02,0.9926946572211411,5.190219652995209e-4,0.0013641642634214183,0.005380466909167168,4.1689640970763825e-5,0.007560828325830701,0.007814556176658048,0.5022689941630447,0.8365464597183254,7,1
7,0.13849046385824723,0.1399709971483963,2.0638560611117915,23.74218146525526,10.60705177895283,1.985030644624604,5.7697845085753214e-5,0.011995139363636362,0.006194551134168019,1.51086457940087,0.9867108086669816,-2.909269379238365,-1.1523798714006714,-3.5104154884288965,1.089298768737161,-0.7563352958184046,-0.02105363997354715,0.02,0.9866830570885234,6.296392448226498e-4,0.002351354981028799,0.010271654576117468,6.429410950769946e-5,0.010715112340658917,0.011232322447998001,0.5022689941630447,0.8273266749745064,7,1
8,0.13849046385824723,0.1399709971483963,2.0638560611117915,23.74218146525526,10.60705177895283,1.985030644624604,5.7697845085753214e-5,0.011995139363636362,0.006194551134168019,1.51086457940087,0.9867108086669816,-2.909269379238365,-1.1523798714006714,-3.5104154884288965,1.089298768737161,-0.7563352958184046,-0.02105363997354715,0.02,0.980431288616303,5.681598891618641e-4,0.0032752756751644797,0.015597465685641455,1.278101337292088e-4,0.0056285142379723175,0.010232776657594912,0.5022689941630447,0.7859597003700751,7,1
9,0.13849046385824723,0.1399709971483963,2.0638560611117915,23.74218146525526,10.60705177895283,1.985030644624604,5.7697845085753214e-5,0.011995139363636362,0.006194551134168019,1.51086457940087,0.9867108086669816,-2.909269379238365,-1.1523798714006714,-3.5104154884288965,1.089298768737161,-0.7563352958184046,-0.02105363997354715,0.02,0.9861986349962972,3.604683336861305e-4,0.001713818084426978,0.011633459574676198,9.36190109135494e-5,0.0075035047726753415,0.009145016355907375,0.5022689941630447,0.7798897290923619,7,1
10,0.13849046385824723,0.1399709971483963,2.0638560611117915,23.74218146525526,10.60705177895283,1.985030644624604,5.7697845085753214e-5,0.011995139363636362,0.006194551134168019,1.51086457940087,0.9867108086669816,-2.909269379238365,-1.1523798714006714,-3.5104154884288965,1.089298768737161,-0.7563352958184046,-0.02105363997354715,0.02,0.9928066196759335,2.3168228212239354e-4,7.212001295683257e-4,0.00620536477003736,3.513314233825423e-5,0.005267672178932961,0.00585600781404174,0.5022689941630447,0.5753096639468055,7,1
11,0.13849046385824723,0.1399709971483963,2.0638560611117915,23.74218146525526,10.60705177895283,1.985030644624604,5.7697845085753214e-5,0.011995139363636362,0.006194551134168019,1.51086457940087,0.9867108086669816,-2.909269379238365,-1.1523798714006714,-3.5104154884288965,1.089298768737161,-0.7563352958184046,-0.02105363997354715,0.02,0.9970333072939912,1.338152161911465e-4,4.2372719023481666e-4,0.0023999944156507325,9.1558839320512e-6,0.0025235517520404115,0.0031036392473503902,0.5022689941630447,0.6028978835020582,7,1
12,0.13849046385824723,0.1399709971483963,2.0638560611117915,23.74218146525526,10.60705177895283,1.985030644624604,5.7697845085753214e-5,0.011995139363636362,0.006194551134168019,1.51086457940087,0.9867108086669816,-2.909269379238365,-1.1523798714006714,-3.5104154884288965,1.089298768737161,-0.7563352958184046,-0.02105363997354715,0.02,0.990106758119153,4.421693714331023e-4,0.0018214009395141515,0.007597307618337879,3.2363951561774765e-5,0.00583275428705937,0.0061001692422808914,0.5022689941630447,0.5216697317778438,7,1
13,0.13849046385824723,0.1399709971483963,2.0638560611117915,23.74218146525526,10.60705177895283,1.985030644624604,5.7697845085753214e-5,0.011995139363636362,0.006194551134168019,1.51086457940087,0.9867108086669816,-2.909269379238365,-1.1523798714006714,-3.5104154884288965,1.089298768737161,-0.7563352958184046,-0.02105363997354715,0.02,0.9981015626768609,7.292885051960952e-5,2.9461623235609784e-4,0.0015286168043909028,2.275435872581203e-6,0.0031256649806069444,0.002746490617018035,0.5022689941630447,0.4475005646886702,7,1
1,0.13849046385824723,0.1399709971483963,2.0638560611117915,23.74218146525526,10.60705177895283,1.985030644624604,5.7697845085753214e-5,0.01199513936363636,0.00619455113416802,1.51086457940087,0.9867108086669816,-2.909269379238365,-1.1523798714006714,-3.5104154884288965,1.089298768737161,-0.7563352958184046,-0.02105363997354715,0.02,0.30182041888512834,6.207955855627253e-4,0.0049228083585139,0.6058352229018801,0.08680075426891494,0.04985305754926784,0.7153054644371083,0.5022689941630447,1,6,1
2,0.13849046385824723,0.1399709971483963,2.0638560611117915,23.74218146525526,10.60705177895283,1.985030644624604,5.7697845085753214e-5,0.011995139363636362,0.006194551134168019,1.51086457940087,0.9867108086669816,-2.909269379238365,-1.1523798714006714,-3.5104154884288965,1.089298768737161,-0.7563352958184046,-0.02105363997354715,0.02,0.9646466273012008,0.001353937692686343,0.006034043641094775,0.02744844113354792,5.169502314702608e-4,0.0219876177770454,0.018706490683526946,0.5022689941630447,0.9150961834022652,6,1
3,0.13849046385824723,0.1399709971483963,2.0638560611117915,23.74218146525526,10.60705177895283,1.985030644624604,5.7697845085753214e-5,0.011995139363636362,0.006194551134168019,1.51086457940087,0.9867108086669816,-2.909269379238365,-1.1523798714006714,-3.5104154884288965,1.089298768737161,-0.7563352958184046,-0.02105363997354715,0.02,0.9582980677221086,0.0013926710035443938,0.0068928139246661095,0.03286696217855234,5.494851711285887e-4,0.022306285871912395,0.017677642678332914,0.5022689941630447,0.9346327010802873,6,1
4,0.13849046385824723,0.1399709971483963,2.0638560611117915,23.74218146525526,10.60705177895283,1.985030644624604,5.7697845085753214e-5,0.011995139363636362,0.006194551134168019,1.51086457940087,0.9867108086669816,-2.909269379238365,-1.1523798714006714,-3.5104154884288965,1.089298768737161,-0.7563352958184046,-0.02105363997354715,0.02,0.9663891975932402,8.309288131394865e-4,0.00438969336160264,0.027901538678975914,4.886415530417007e-4,0.01674815837822405,0.019047517526537362,0.5022689941630447,0.8939968899996408,6,1
5,0.13849046385824723,0.1399709971483963,2.0638560611117915,23.74218146525526,10.60705177895283,1.985030644624604,5.7697845085753214e-5,0.011995139363636362,0.006194551134168019,1.51086457940087,0.9867108086669816,-2.909269379238365,-1.1523798714006714,-3.5104154884288965,1.089298768737161,-0.7563352958184046,-0.02105363997354715,0.02,0.986415229137434,3.1373835858041995e-4,0.0013878844225843645,0.011732579031569072,1.5056904983210687e-4,0.00614168274296862,0.006307320328630323,0.5022689941630447,0.845885051289912,6,1
6,0.13849046385824723,0.1399709971483963,2.0638560611117915,23.74218146525526,10.60705177895283,1.985030644624604,5.7697845085753214e-5,0.011995139363636362,0.006194551134168019,1.51086457940087,0.9867108086669816,-2.909269379238365,-1.1523798714006714,-3.5104154884288965,1.089298768737161,-0.7563352958184046,-0.02105363997354715,0.02,0.9926185351464607,4.871565109589247e-4,0.0013579249757832705,0.005493550618960672,4.283274783659686e-5,0.007535245397732102,0.007206085225123764,0.5022689941630447,0.913468414182703,6,1
7,0.13849046385824723,0.1399709971483963,2.0638560611117915,23.74218146525526,10.60705177895283,1.985030644624604,5.7697845085753214e-5,0.011995139363636362,0.006194551134168019,1.51086457940087,0.9867108086669816,-2.909269379238365,-1.1523798714006714,-3.5104154884288965,1.089298768737161,-0.7563352958184046,-0.02105363997354715,0.02,0.9866480529809389,6.87358096053966e-4,0.0023568752464020676,0.010242808534582364,6.490514202271479e-5,0.01124471015204372,0.010594242156405215,0.5022689941630447,0.8132138502842553,6,1
8,0.13849046385824723,0.1399709971483963,2.0638560611117915,23.74218146525526,10.60705177895283,1.985030644624604,5.7697845085753214e-5,0.011995139363636362,0.006194551134168019,1.51086457940087,0.9867108086669816,-2.909269379238365,-1.1523798714006714,-3.5104154884288965,1.089298768737161,-0.7563352958184046,-0.02105363997354715,0.02,0.9808264695350806,5.58896227935047e-4,0.0032184351564049033,0.015267696294675406,1.2850278590414592e-4,0.014046147092797666,0.009096968736677835,0.5022689941630447,0.6697288076212641,6,1
9,0.13849046385824723,0.1399709971483963,2.0638560611117915,23.74218146525526,10.60705177895283,1.985030644624604,5.7697845085753214e-5,0.011995139363636362,0.006194551134168019,1.51086457940087,0.9867108086669816,-2.909269379238365,-1.1523798714006714,-3.5104154884288965,1.089298768737161,-0.7563352958184046,-0.02105363997354715,0.02,0.9862923887318231,3.3209839429616307e-4,0.0017136156122247476,0.011570377486223636,9.15197754324295e-5,0.0071441127619256035,0.008871922800995326,0.5022689941630447,0.6717100547894421,6,1
10,0.13849046385824723,0.1399709971483963,2.0638560611117915,23.74218146525526,10.60705177895283,1.985030644624604,5.7697845085753214e-5,0.011995139363636362,0.006194551134168019,1.51086457940087,0.9867108086669816,-2.909269379238365,-1.1523798714006714,-3.5104154884288965,1.089298768737161,-0.7563352958184046,-0.02105363997354715,0.02,0.992657314879513,2.1100910545875968e-4,7.343757774538354e-4,0.00636183200968936,3.546822788497373e-5,0.004584816797924994,0.0045482025759455355,0.5022689941630447,0.5485926295617596,6,1
11,0.13849046385824723,0.1399709971483963,2.0638560611117915,23.74218146525526,10.60705177895283,1.985030644624604,5.7697845085753214e-5,0.011995139363636362,0.006194551134168019,1.51086457940087,0.9867108086669816,-2.909269379238365,-1.1523798714006714,-3.5104154884288965,1.089298768737161,-0.7563352958184046,-0.02105363997354715,0.02,0.9970814356872073,1.3546355326933478e-4,4.2325038516402694e-4,0.0023513047534573003,8.545620901974707e-6,0.0027646111947811835,0.0027442615087493916,0.5022689941630447,0.7359656285075105,6,1
12,0.13849046385824723,0.1399709971483963,2.0638560611117915,23.74218146525526,10.60705177895283,1.985030644624604,5.7697845085753214e-5,0.011995139363636362,0.006194551134168019,1.51086457940087,0.9867108086669816,-2.909269379238365,-1.1523798714006714,-3.5104154884288965,1.089298768737161,-0.7563352958184046,-0.02105363997354715,0.02,0.9859909654716899,6.372804056971646e-4,0.0026426618341586767,0.010667895548030281,6.119674042412078e-5,0.009787951399611451,0.01049697435498979,0.5022689941630447,0.4176990234151365,6,1
13,0.13849046385824723,0.1399709971483963,2.0638560611117915,23.74218146525526,10.60705177895283,1.985030644624604,5.7697845085753214e-5,0.011995139363636362,0.006194551134168019,1.51086457940087,0.9867108086669816,-2.909269379238365,-1.1523798714006714,-3.5104154884288965,1.089298768737161,-0.7563352958184046,-0.02105363997354715,0.02,0.9982686551603074,7.472748667314092e-5,2.833091050677212e-4,0.0013715716564282005,1.7365915235698877e-6,0.0012732421527527527,0.0010182656280490463,0.5022689941630447,0.3460213528394349,6,1
1,0.13849046385824723,0.1399709971483963,2.0638560611117915,23.74218146525526,10.60705177895283,1.985030644624604,5.7697845085753214e-5,0.01199513936363636,0.00619455113416802,1.51086457940087,0.9867108086669816,-2.909269379238365,-1.1523798714006714,-3.5104154884288965,1.089298768737161,-0.7563352958184046,-0.02105363997354715,0.02,0.30182041888512834,6.207955855627253e-4,0.0049228083585139,0.6058352229018801,0.08680075426891494,0.04985305754926784,0.7153054644371083,0.5022689941630447,1,5,1
2,0.13849046385824723,0.1399709971483963,2.0638560611117915,23.74218146525526,10.60705177895283,1.985030644624604,5.7697845085753214e-5,0.011995139363636362,0.006194551134168019,1.51086457940087,0.9867108086669816,-2.909269379238365,-1.1523798714006714,-3.5104154884288965,1.089298768737161,-0.7563352958184046,-0.02105363997354715,0.02,0.97149581746361,0.0010737638383549598,0.0042721138173971995,0.022750051333428525,4.0825354720914445e-4,0.0169679247943798,0.017806273557069593,0.5022689941630447,0.8782132165147091,5,1
3,0.13849046385824723,0.1399709971483963,2.0638560611117915,23.74218146525526,10.60705177895283,1.985030644624604,5.7697845085753214e-5,0.011995139363636362,0.006194551134168019,1.51086457940087,0.9867108086669816,-2.909269379238365,-1.1523798714006714,-3.5104154884288965,1.089298768737161,-0.7563352958184046,-0.02105363997354715,0.02,0.958066022864693,0.0013575178462334912,0.0068702756991585335,0.03315251434302107,5.53669246893883e-4,0.015714647112175323,0.016994368467296288,0.5022689941630447,0.8739575269076774,5,1
4,0.13849046385824723,0.1399709971483963,2.0638560611117915,23.74218146525526,10.60705177895283,1.985030644624604,5.7697845085753214e-5,0.011995139363636362,0.006194551134168019,1.51086457940087,0.9867108086669816,-2.909269379238365,-1.1523798714006714,-3.5104154884288965,1.089298768737161,-0.7563352958184046,-0.02105363997354715,0.02,0.9659712619979468,8.240516412202902e-4,0.004406623861944677,0.028297707252068316,5.003552468199788e-4,0.01568386100145059,0.01708626561276431,0.5022689941630447,0.8192121131964752,5,1
5,0.13849046385824723,0.1399709971483963,2.0638560611117915,23.74218146525526,10.60705177895283,1.985030644624604,5.7697845085753214e-5,0.011995139363636362,0.006194551134168019,1.51086457940087,0.9867108086669816,-2.909269379238365,-1.1523798714006714,-3.5104154884288965,1.089298768737161,-0.7563352958184046,-0.02105363997354715,0.02,0.9865396364845997,2.3885873240177358e-4,0.0013963471066346794,0.011679966493595689,1.4519118276802887e-4,0.02507450854453893,0.005566569989852603,0.5022689941630447,0.823101641544174,5,1
6,0.13849046385824723,0.1399709971483963,2.0638560611117915,23.74218146525526,10.60705177895283,1.985030644624604,5.7697845085753214e-5,0.011995139363636362,0.006194551134168019,1.51086457940087,0.9867108086669816,-2.909269379238365,-1.1523798714006714,-3.5104154884288965,1.089298768737161,-0.7563352958184046,-0.02105363997354715,0.02,0.992794237399977,4.963566899660706e-4,0.0013608961513444362,0.005309835017049665,3.867474166293939e-5,0.005780477367130268,0.006672747383634277,0.5022689941630447,0.8010306758948837,5,1
7,0.13849046385824723,0.1399709971483963,2.0638560611117915,23.74218146525526,10.60705177895283,1.985030644624604,5.7697845085753214e-5,0.011995139363636362,0.006194551134168019,1.51086457940087,0.9867108086669816,-2.909269379238365,-1.1523798714006714,-3.5104154884288965,1.089298768737161,-0.7563352958184046,-0.02105363997354715,0.02,0.9868003777060791,6.244413058455459e-4,0.0023181702039773416,0.010193538281967666,6.347250213042512e-5,0.009196025180115787,0.009165604252848878,0.5022689941630447,0.8377211907628979,5,1
8,0.13849046385824723,0.1399709971483963,2.0638560611117915,23.74218146525526,10.60705177895283,1.985030644624604,5.7697845085753214e-5,0.011995139363636362,0.006194551134168019,1.51086457940087,0.9867108086669816,-2.909269379238365,-1.1523798714006714,-3.5104154884288965,1.089298768737161,-0.7563352958184046,-0.02105363997354715,0.02,0.9804586398187929,6.27840227773677e-4,0.0032634734668574193,0.015517940659047814,1.3210582752829584e-4,0.01970792302654939,0.01643091170847297,0.5022689941630447,0.7670131077976416,5,1
9,0.13849046385824723,0.1399709971483963,2.0638560611117915,23.74218146525526,10.60705177895283,1.985030644624604,5.7697845085753214e-5,0.011995139363636362,0.006194551134168019,1.51086457940087,0.9867108086669816,-2.909269379238365,-1.1523798714006714,-3.5104154884288965,1.089298768737161,-0.7563352958184046,-0.02105363997354715,0.02,0.9862478596576553,3.4639367001977877e-4,0.0017292522096948113,0.011585040261516622,9.145420111352223e-5,0.008280367459484085,0.008584423806204442,0.5022689941630447,0.597024297455152,5,1
10,0.13849046385824723,0.1399709971483963,2.0638560611117915,23.74218146525526,10.60705177895283,1.985030644624604,5.7697845085753214e-5,0.011995139363636362,0.006194551134168019,1.51086457940087,0.9867108086669816,-2.909269379238365,-1.1523798714006714,-3.5104154884288965,1.089298768737161,-0.7563352958184046,-0.02105363997354715,0.02,0.9928089524745227,2.0338774826267987e-4,7.263176347684541e-4,0.006226439868788351,3.4902273657821554e-5,0.004415300380183821,0.003634141449184515,0.5022689941630447,0.6032661582227653,5,1
11,0.13849046385824723,0.1399709971483963,2.0638560611117915,23.74218146525526,10.60705177895283,1.985030644624604,5.7697845085753214e-5,0.011995139363636362,0.006194551134168019,1.51086457940087,0.9867108086669816,-2.909269379238365,-1.1523798714006714,-3.5104154884288965,1.089298768737161,-0.7563352958184046,-0.02105363997354715,0.02,0.9969986112703837,1.3803887726835537e-4,4.301947423474042e-4,0.0024239954660121633,9.159643988441273e-6,0.0030222345752272304,0.0032676388264564005,0.5022689941630447,0.6115656054751535,5,1
12,0.13849046385824723,0.1399709971483963,2.0638560611117915,23.74218146525526,10.60705177895283,1.985030644624604,5.7697845085753214e-5,0.011995139363636362,0.006194551134168019,1.51086457940087,0.9867108086669816,-2.909269379238365,-1.1523798714006714,-3.5104154884288965,1.089298768737161,-0.7563352958184046,-0.02105363997354715,0.02,0.9898076095742208,4.650391780242186e-4,0.0018989753723372596,0.007794165676383311,3.4210199034487486e-5,0.006116328292838755,0.006132864659438925,0.5022689941630447,0.4035992119715588,5,1
13,0.13849046385824723,0.1399709971483963,2.0638560611117915,23.74218146525526,10.60705177895283,1.985030644624604,5.7697845085753214e-5,0.011995139363636362,0.006194551134168019,1.51086457940087,0.9867108086669816,-2.909269379238365,-1.1523798714006714,-3.5104154884288965,1.089298768737161,-0.7563352958184046,-0.02105363997354715,0.02,0.9982789373517221,6.787213300290778e-5,2.743791570244201e-4,0.0013771013515252852,1.710006725279407e-6,0.0014019938635611144,0.0016225878054058895,0.5022689941630447,0.3423623211342235,5,1
1,0.13849046385824723,0.1399709971483963,2.0638560611117915,23.74218146525526,10.60705177895283,1.985030644624604,5.7697845085753214e-5,0.01199513936363636,0.00619455113416802,1.51086457940087,0.9867108086669816,-2.909269379238365,-1.1523798714006714,-3.5104154884288965,1.089298768737161,-0.7563352958184046,-0.02105363997354715,0.02,0.30182041888512834,6.207955855627253e-4,0.0049228083585139,0.6058352229018801,0.08680075426891494,0.04985305754926784,0.7153054644371083,0.5022689941630447,1,4,1
2,0.13849046385824723,0.1399709971483963,2.0638560611117915,23.74218146525526,10.60705177895283,1.985030644624604,5.7697845085753214e-5,0.011995139363636362,0.006194551134168019,1.51086457940087,0.9867108086669816,-2.909269379238365,-1.1523798714006714,-3.5104154884288965,1.089298768737161,-0.7563352958184046,-0.02105363997354715,0.02,0.9724886059240285,9.944843785285084e-4,0.004229300103383733,0.021966406310454503,3.2120328360464454e-4,0.017026301269875477,0.016469233021666942,0.5022689941630447,0.8604112038427749,4,1
3,0.13849046385824723,0.1399709971483963,2.0638560611117915,23.74218146525526,10.60705177895283,1.985030644624604,5.7697845085753214e-5,0.011995139363636362,0.006194551134168019,1.51086457940087,0.9867108086669816,-2.909269379238365,-1.1523798714006714,-3.5104154884288965,1.089298768737161,-0.7563352958184046,-0.02105363997354715,0.02,0.9587367019263613,0.0013601014502121987,0.006829959500754449,0.03253410282938284,5.391342932892267e-4,0.017915191676434728,0.019084155443750916,0.5022689941630447,0.9293533938069718,4,1
4,0.13849046385824723,0.1399709971483963,2.0638560611117915,23.74218146525526,10.60705177895283,1.985030644624604,5.7697845085753214e-5,0.011995139363636362,0.006194551134168019,1.51086457940087,0.9867108086669816,-2.909269379238365,-1.1523798714006714,-3.5104154884288965,1.089298768737161,-0.7563352958184046,-0.02105363997354715,0.02,0.9663729371363288,8.485104683417032e-4,0.004419668449572056,0.027869932660662657,4.889512850948604e-4,0.019863124891551377,0.01719816528368828,0.5022689941630447,0.8030594087467117,4,1
5,0.13849046385824723,0.1399709971483963,2.0638560611117915,23.74218146525526,10.60705177895283,1.985030644624604,5.7697845085753214e-5,0.011995139363636362,0.006194551134168019,1.51086457940087,0.9867108086669816,-2.909269379238365,-1.1523798714006714,-3.5104154884288965,1.089298768737161,-0.7563352958184046,-0.02105363997354715,0.02,0.9862875987685574,2.597954483221333e-4,0.0013689818791787647,0.011932153673862224,1.5147023007951787e-4,0.0035469645096974927,0.012526762428730567,0.5022689941630447,0.7388647237318623,4,1
6,0.13849046385824723,0.1399709971483963,2.0638560611117915,23.74218146525526,10.60705177895283,1.985030644624604,5.7697845085753214e-5,0.011995139363636362,0.006194551134168019,1.51086457940087,0.9867108086669816,-2.909269379238365,-1.1523798714006714,-3.5104154884288965,1.089298768737161,-0.7563352958184046,-0.02105363997354715,0.02,0.992822843801873,4.798971753544043e-4,0.0013392438350654145,0.005318807963151086,3.920722455613666e-5,0.007652417859289576,0.0070845807715241675,0.5022689941630447,0.7980076029527029,4,1
7,0.13849046385824723,0.1399709971483963,2.0638560611117915,23.74218146525526,10.60705177895283,1.985030644624604,5.7697845085753214e-5,0.011995139363636362,0.006194551134168019,1.51086457940087,0.9867108086669816,-2.909269379238365,-1.1523798714006714,-3.5104154884288965,1.089298768737161,-0.7563352958184046,-0.02105363997354715,0.02,0.9866955082808343,6.40282404290971e-4,0.0023496952367346867,0.010251755808869948,6.275826927012535e-5,0.00867602032359209,0.010001099526723402,0.5022689941630447,0.760927249929233,4,1
8,0.13849046385824723,0.1399709971483963,2.0638560611117915,23.74218146525526,10.60705177895283,1.985030644624604,5.7697845085753214e-5,0.011995139363636362,0.006194551134168019,1.51086457940087,0.9867108086669816,-2.909269379238365,-1.1523798714006714,-3.5104154884288965,1.089298768737161,-0.7563352958184046,-0.02105363997354715,0.02,0.9811505483998796,5.253040742433965e-4,0.0031974409200504106,0.0150067948082717,1.1991179755484518e-4,0.010372351857095891,0.011681364409706433,0.5022689941630447,0.6642067127721593,4,1
9,0.13849046385824723,0.1399709971483963,2.0638560611117915,23.74218146525526,10.60705177895283,1.985030644624604,5.7697845085753214e-5,0.011995139363636362,0.006194551134168019,1.51086457940087,0.9867108086669816,-2.909269379238365,-1.1523798714006714,-3.5104154884288965,1.089298768737161,-0.7563352958184046,-0.02105363997354715,0.02,0.9864621287364855,3.358434756764327e-4,0.0017154277044398021,0.01139791107458841,8.868900880990038e-5,0.008693794339404507,0.008332524679365783,0.5022689941630447,0.6785578194323246,4,1
10,0.13849046385824723,0.1399709971483963,2.0638560611117915,23.74218146525526,10.60705177895283,1.985030644624604,5.7697845085753214e-5,0.011995139363636362,0.006194551134168019,1.51086457940087,0.9867108086669816,-2.909269379238365,-1.1523798714006714,-3.5104154884288965,1.089298768737161,-0.7563352958184046,-0.02105363997354715,0.02,0.9925864095662523,0.00021866380793420529,7.417996611800664e-4,0.006417203943005933,3.592302162747281e-5,0.004587640301611205,0.004461072166643078,0.5022689941630447,0.5511507496510349,4,1
11,0.13849046385824723,0.1399709971483963,2.0638560611117915,23.74218146525526,10.60705177895283,1.985030644624604,5.7697845085753214e-5,0.011995139363636362,0.006194551134168019,1.51086457940087,0.9867108086669816,-2.909269379238365,-1.1523798714006714,-3.5104154884288965,1.089298768737161,-0.7563352958184046,-0.02105363997354715,0.02,0.9972740910880288,1.3632053909841573e-4,4.1487778127929876e-4,0.002167589691295892,7.120900297643124e-6,0.0023498293233453166,0.002951033647552096,0.5022689941630447,0.5599586272616792,4,1
12,0.13849046385824723,0.1399709971483963,2.0638560611117915,23.74218146525526,10.60705177895283,1.985030644624604,5.7697845085753214e-5,0.011995139363636362,0.006194551134168019,1.51086457940087,0.9867108086669816,-2.909269379238365,-1.1523798714006714,-3.5104154884288965,1.089298768737161,-0.7563352958184046,-0.02105363997354715,0.02,0.9913168619589713,3.852162670254403e-4,0.0016065211022191813,0.006666112651198272,2.5288020585812507e-5,0.005393164479031791,0.005598926804990394,0.5022689941630447,0.318629593417381,4,1
13,0.13849046385824723,0.1399709971483963,2.0638560611117915,23.74218146525526,10.60705177895283,1.985030644624604,5.7697845085753214e-5,0.011995139363636362,0.006194551134168019,1.51086457940087,0.9867108086669816,-2.909269379238365,-1.1523798714006714,-3.5104154884288965,1.089298768737161,-0.7563352958184046,-0.02105363997354715,0.02,0.9983692204466128,6.633581315473222e-5,2.7430500229884083e-4,0.0012888118172467017,1.326920686904482e-6,0.0014166021530794856,0.0012711701032147894,0.5022689941630447,0.24487757545535063,4,1
1,0.13849046385824723,0.1399709971483963,2.0638560611117915,23.74218146525526,10.60705177895283,1.985030644624604,5.7697845085753214e-5,0.01199513936363636,0.00619455113416802,1.51086457940087,0.9867108086669816,-2.909269379238365,-1.1523798714006714,-3.5104154884288965,1.089298768737161,-0.7563352958184046,-0.02105363997354715,0.02,0.30182041888512834,6.207955855627253e-4,0.0049228083585139,0.6058352229018801,0.08680075426891494,0.04985305754926784,0.7153054644371083,0.5022689941630447,1,3,1
2,0.13849046385824723,0.1399709971483963,2.0638560611117915,23.74218146525526,10.60705177895283,1.985030644624604,5.7697845085753214e-5,0.011995139363636362,0.006194551134168019,1.51086457940087,0.9867108086669816,-2.909269379238365,-1.1523798714006714,-3.5104154884288965,1.089298768737161,-0.7563352958184046,-0.02105363997354715,0.02,0.9814795890461924,5.488527995498135e-4,0.002308032988614016,0.015485180968854689,1.7834419678905745e-4,0.010704903626429736,0.01416498404239852,0.5022689941630447,0.9142090623687593,3,1
3,0.13849046385824723,0.1399709971483963,2.0638560611117915,23.74218146525526,10.60705177895283,1.985030644624604,5.7697845085753214e-5,0.011995139363636362,0.006194551134168019,1.51086457940087,0.9867108086669816,-2.909269379238365,-1.1523798714006714,-3.5104154884288965,1.089298768737161,-0.7563352958184046,-0.02105363997354715,0.02,0.9582672255024705,0.001397245188844802,0.006870220920663599,0.032913136523820545,5.521718642006364e-4,0.018362368168265926,0.020488757947301883,0.5022689941630447,0.9304874375306005,3,1
4,0.13849046385824723,0.1399709971483963,2.0638560611117915,23.74218146525526,10.60705177895283,1.985030644624604,5.7697845085753214e-5,0.011995139363636362,0.006194551134168019,1.51086457940087,0.9867108086669816,-2.909269379238365,-1.1523798714006714,-3.5104154884288965,1.089298768737161,-0.7563352958184046,-0.02105363997354715,0.02,0.9662037564288768,8.253377557400717e-4,0.00437668040558538,0.02809030374200799,5.039216677897626e-4,0.012042112246938548,0.020191765162199213,0.5022689941630447,0.7628789944703686,3,1
5,0.13849046385824723,0.1399709971483963,2.0638560611117915,23.74218146525526,10.60705177895283,1.985030644624604,5.7697845085753214e-5,0.011995139363636362,0.006194551134168019,1.51086457940087,0.9867108086669816,-2.909269379238365,-1.1523798714006714,-3.5104154884288965,1.089298768737161,-0.7563352958184046,-0.02105363997354715,0.02,0.9867931071788054,2.521159516642138e-4,0.001334565524700492,0.011476811939086918,1.433994057430155e-4,0.004719591104729073,0.007435933857610922,0.5022689941630447,0.8244351171452305,3,1
6,0.13849046385824723,0.1399709971483963,2.0638560611117915,23.74218146525526,10.60705177895283,1.985030644624604,5.7697845085753214e-5,0.011995139363636362,0.006194551134168019,1.51086457940087,0.9867108086669816,-2.909269379238365,-1.1523798714006714,-3.5104154884288965,1.089298768737161,-0.7563352958184046,-0.02105363997354715,0.02,0.9928459511026481,4.826205945425841e-4,0.0013411076779193903,0.0052944509134668395,3.5869711423155526e-5,0.008523146683320095,0.00757687180648934,0.5022689941630447,0.7451981026691712,3,1
7,0.13849046385824723,0.1399709971483963,2.0638560611117915,23.74218146525526,10.60705177895283,1.985030644624604,5.7697845085753214e-5,0.011995139363636362,0.006194551134168019,1.51086457940087,0.9867108086669816,-2.909269379238365,-1.1523798714006714,-3.5104154884288965,1.089298768737161,-0.7563352958184046,-0.02105363997354715,0.02,0.987079610618329,6.181269582536694e-4,0.0023080818549370283,0.009936879558630459,5.730100984987561e-5,0.008502416903300973,0.010738923775730451,0.5022689941630447,0.7823544584520711,3,1
8,0.13849046385824723,0.1399709971483963,2.0638560611117915,23.74218146525526,10.60705177895283,1.985030644624604,5.7697845085753214e-5,0.011995139363636362,0.006194551134168019,1.51086457940087,0.9867108086669816,-2.909269379238365,-1.1523798714006714,-3.5104154884288965,1.089298768737161,-0.7563352958184046,-0.02105363997354715,0.02,0.9804987934236448,5.80109968417051e-4,0.0033264287419257333,0.015465105579126778,1.295622868857303e-4,0.016488043353541076,0.009503702160784935,0.5022689941630447,0.7560780576189938,3,1
9,0.13849046385824723,0.1399709971483963,2.0638560611117915,23.74218146525526,10.60705177895283,1.985030644624604,5.7697845085753214e-5,0.011995139363636362,0.006194551134168019,1.51086457940087,0.9867108086669816,-2.909269379238365,-1.1523798714006714,-3.5104154884288965,1.089298768737161,-0.7563352958184046,-0.02105363997354715,0.02,0.9861949093194201,3.529362117060922e-4,0.001718846968484087,0.011637405018257902,9.590248213185593e-5,0.008703156915250155,0.008515060990788078,0.5022689941630447,0.6128931563790098,3,1
10,0.13849046385824723,0.1399709971483963,2.0638560611117915,23.74218146525526,10.60705177895283,1.985030644624604,5.7697845085753214e-5,0.011995139363636362,0.006194551134168019,1.51086457940087,0.9867108086669816,-2.909269379238365,-1.1523798714006714,-3.5104154884288965,1.089298768737161,-0.7563352958184046,-0.02105363997354715,0.02,0.9926739417066103,2.1175348346306737e-4,7.323585580700436e-4,0.006345424365253737,3.652188660290219e-5,0.00475738868530949,0.0053696420159084,0.5022689941630447,0.569836411204573,3,1
11,0.13849046385824723,0.1399709971483963,2.0638560611117915,23.74218146525526,10.60705177895283,1.985030644624604,5.7697845085753214e-5,0.011995139363636362,0.006194551134168019,1.51086457940087,0.9867108086669816,-2.909269379238365,-1.1523798714006714,-3.5104154884288965,1.089298768737161,-0.7563352958184046,-0.02105363997354715,0.02,0.9971782576780069,1.3935157411801386e-4,4.211449192812508e-4,0.002253996368610421,7.249459983357375e-6,0.0028754346976092486,0.0031336419351409017,0.5022689941630447,0.5219483128839892,3,1
12,0.13849046385824723,0.1399709971483963,2.0638560611117915,23.74218146525526,10.60705177895283,1.985030644624604,5.7697845085753214e-5,0.011995139363636362,0.006194551134168019,1.51086457940087,0.9867108086669816,-2.909269379238365,-1.1523798714006714,-3.5104154884288965,1.089298768737161,-0.7563352958184046,-0.02105363997354715,0.02,0.9924285011492824,3.3429763175742497e-4,0.0013848331927624794,0.005833066309175429,1.9301717022196256e-5,0.004959865046731945,0.005166201915395209,0.5022689941630447,0.255105961809585,3,1
13,0.13849046385824723,0.1399709971483963,2.0638560611117915,23.74218146525526,10.60705177895283,1.985030644624604,5.7697845085753214e-5,0.011995139363636362,0.006194551134168019,1.51086457940087,0.9867108086669816,-2.909269379238365,-1.1523798714006714,-3.5104154884288965,1.089298768737161,-0.7563352958184046,-0.02105363997354715,0.02,0.9985197550923173,5.694375949368629e-5,2.594647669368036e-4,0.0011628076017861546,1.028779466105549e-6,9.521161547009357e-4,0.0010898155573029556,0.5022689941630447,0.2155749148155768,3,1
1,0.13849046385824723,0.1399709971483963,2.0638560611117915,23.74218146525526,10.60705177895283,1.985030644624604,5.7697845085753214e-5,0.01199513936363636,0.00619455113416802,1.51086457940087,0.9867108086669816,-2.909269379238365,-1.1523798714006714,-3.5104154884288965,1.089298768737161,-0.7563352958184046,-0.02105363997354715,0.02,0.30182041888512834,6.207955855627253e-4,0.0049228083585139,0.6058352229018801,0.08680075426891494,0.04985305754926784,0.7153054644371083,0.5022689941630447,1,2,1
2,0.13849046385824723,0.1399709971483963,2.0638560611117915,23.74218146525526,10.60705177895283,1.985030644624604,5.7697845085753214e-5,0.011995139363636362,0.006194551134168019,1.51086457940087,0.9867108086669816,-2.909269379238365,-1.1523798714006714,-3.5104154884288965,1.089298768737161,-0.7563352958184046,-0.02105363997354715,0.02,0.9861014335213425,7.497091509962615e-4,0.0027041189946427156,0.010347527162841453,9.721117017706087e-5,0.013911198945191112,0.012827003566667078,0.5022689941630447,0.9301857877662099,2,1
3,0.13849046385824723,0.1399709971483963,2.0638560611117915,23.74218146525526,10.60705177895283,1.985030644624604,5.7697845085753214e-5,0.011995139363636362,0.006194551134168019,1.51086457940087,0.9867108086669816,-2.909269379238365,-1.1523798714006714,-3.5104154884288965,1.089298768737161,-0.7563352958184046,-0.02105363997354715,0.02,0.9582821038976389,0.0013959041983891112,0.006901028490984655,0.03286806599461727,5.528974183702218e-4,0.01680974479194864,0.019790882828361916,0.5022689941630447,0.9032311308113129,2,1
4,0.13849046385824723,0.1399709971483963,2.0638560611117915,23.74218146525526,10.60705177895283,1.985030644624604,5.7697845085753214e-5,0.011995139363636362,0.006194551134168019,1.51086457940087,0.9867108086669816,-2.909269379238365,-1.1523798714006714,-3.5104154884288965,1.089298768737161,-0.7563352958184046,-0.02105363997354715,0.02,0.9658681346855058,8.278322451618582e-4,0.004419184541440985,0.028352849621751677,5.319989061397217e-4,0.016186995926784707,0.014471971552370315,0.5022689941630447,0.8154592442303827,2,1
5,0.13849046385824723,0.1399709971483963,2.0638560611117915,23.74218146525526,10.60705177895283,1.985030644624604,5.7697845085753214e-5,0.011995139363636362,0.006194551134168019,1.51086457940087,0.9867108086669816,-2.909269379238365,-1.1523798714006714,-3.5104154884288965,1.089298768737161,-0.7563352958184046,-0.02105363997354715,0.02,0.9866576879554224,2.6747851965065825e-4,0.001361608524589525,0.011572498847121021,1.407261532163098e-4,0.03168822112010839,0.004691598780422098,0.5022689941630447,0.5135347805003605,2,1
6,0.13849046385824723,0.1399709971483963,2.0638560611117915,23.74218146525526,10.60705177895283,1.985030644624604,5.7697845085753214e-5,0.011995139363636362,0.006194551134168019,1.51086457940087,0.9867108086669816,-2.909269379238365,-1.1523798714006714,-3.5104154884288965,1.089298768737161,-0.7563352958184046,-0.02105363997354715,0.02,0.993432146965833,3.9370398699722784e-4,0.0012698154111798602,0.004879061190260039,2.5272445729875895e-5,0.004121420360053509,0.005311463928496798,0.5022689941630447,0.7565626245071722,2,1
7,0.13849046385824723,0.1399709971483963,2.0638560611117915,23.74218146525526,10.60705177895283,1.985030644624604,5.7697845085753214e-5,0.011995139363636362,0.006194551134168019,1.51086457940087,0.9867108086669816,-2.909269379238365,-1.1523798714006714,-3.5104154884288965,1.089298768737161,-0.7563352958184046,-0.02105363997354715,0.02,0.9868393553494992,6.241288796915935e-4,0.002339249851373556,0.010138161257524697,5.910466191106181e-5,0.011113550192767491,0.010872646821707162,0.5022689941630447,0.7683464279093318,2,1
8,0.13849046385824723,0.1399709971483963,2.0638560611117915,23.74218146525526,10.60705177895283,1.985030644624604,5.7697845085753214e-5,0.011995139363636362,0.006194551134168019,1.51086457940087,0.9867108086669816,-2.909269379238365,-1.1523798714006714,-3.5104154884288965,1.089298768737161,-0.7563352958184046,-0.02105363997354715,0.02,0.9809005101986028,5.403095574755853e-4,0.003229016917071566,0.015202169249196061,1.2799407765403637e-4,0.01331405746019972,0.007199532677172116,0.5022689941630447,0.6842452811104199,2,1
9,0.13849046385824723,0.1399709971483963,2.0638560611117915,23.74218146525526,10.60705177895283,1.985030644624604,5.7697845085753214e-5,0.011995139363636362,0.006194551134168019,1.51086457940087,0.9867108086669816,-2.909269379238365,-1.1523798714006714,-3.5104154884288965,1.089298768737161,-0.7563352958184046,-0.02105363997354715,0.02,0.9861726052582931,3.5379266924077864e-4,0.0017156237716451854,0.011660779947766889,9.719835305411879e-5,0.00490442161474475,0.0076004243758223435,0.5022689941630447,0.6304642822894769,2,1
10,0.13849046385824723,0.1399709971483963,2.0638560611117915,23.74218146525526,10.60705177895283,1.985030644624604,5.7697845085753214e-5,0.011995139363636362,0.006194551134168019,1.51086457940087,0.9867108086669816,-2.909269379238365,-1.1523798714006714,-3.5104154884288965,1.089298768737161,-0.7563352958184046,-0.02105363997354715,0.02,0.9928066774347869,2.0824516156406564e-4,7.345395931472711e-4,0.006217408459009807,3.312935149199899e-5,0.0036995461854156214,0.0044065518421940635,0.5022689941630447,0.44524947214477917,2,1
11,0.13849046385824723,0.1399709971483963,2.0638560611117915,23.74218146525526,10.60705177895283,1.985030644624604,5.7697845085753214e-5,0.011995139363636362,0.006194551134168019,1.51086457940087,0.9867108086669816,-2.909269379238365,-1.1523798714006714,-3.5104154884288965,1.089298768737161,-0.7563352958184046,-0.02105363997354715,0.02,0.9974049752704452,1.1425046115092547e-4,4.019714179134254e-4,0.0020732056125142007,5.597237976190256e-6,0.002442404293398716,0.0021129859194980905,0.5022689941630447,0.4735917627266214,2,1
12,0.13849046385824723,0.1399709971483963,2.0638560611117915,23.74218146525526,10.60705177895283,1.985030644624604,5.7697845085753214e-5,0.011995139363636362,0.006194551134168019,1.51086457940087,0.9867108086669816,-2.909269379238365,-1.1523798714006714,-3.5104154884288965,1.089298768737161,-0.7563352958184046,-0.02105363997354715,0.02,0.993811608485937,2.7443996686939067e-4,0.0011275376785747817,0.004773606262034988,1.2807606583898458e-5,0.004098722192162154,0.0037339666164855497,0.5022689941630447,0.180216450513825,2,1
13,0.13849046385824723,0.1399709971483963,2.0638560611117915,23.74218146525526,10.60705177895283,1.985030644624604,5.7697845085753214e-5,0.011995139363636362,0.006194551134168019,1.51086457940087,0.9867108086669816,-2.909269379238365,-1.1523798714006714,-3.5104154884288965,1.089298768737161,-0.7563352958184046,-0.02105363997354715,0.02,0.998547298259207,4.840998699767822e-5,2.3878561053059227e-4,0.001164320145084808,1.1859981799324744e-6,8.480734968706215e-4,7.06723723548339e-4,0.5022689941630447,0.22339954632196254,2,1
1,0.13849046385824723,0.1399709971483963,2.0638560611117915,23.74218146525526,10.60705177895283,1.985030644624604,5.7697845085753214e-5,0.01199513936363636,0.00619455113416802,1.51086457940087,0.9867108086669816,-2.909269379238365,-1.1523798714006714,-3.5104154884288965,1.089298768737161,-0.7563352958184046,-0.02105363997354715,0.02,0.30182041888512834,6.207955855627253e-4,0.0049228083585139,0.6058352229018801,0.08680075426891494,0.04985305754926784,0.7153054644371083,0.5022689941630447,1,14,2
2,0.13849046385824723,0.1399709971483963,2.0638560611117915,23.74218146525526,10.60705177895283,1.985030644624604,5.7697845085753214e-5,0.011995139363636362,0.006194551134168019,1.51086457940087,0.9867108086669816,-2.909269379238365,-1.1523798714006714,-3.5104154884288965,1.089298768737161,-0.7563352958184046,-0.02105363997354715,0.02,0.8338654413563636,0.003220080730124451,0.013591063795815657,0.12827916394380764,0.021044250173888644,0.04484973201729257,0.04271058841604921,0.5022689941630447,0.8971060652054946,14,2
3,0.13849046385824723,0.1399709971483963,2.0638560611117915,23.74218146525526,10.60705177895283,1.985030644624604,5.7697845085753214e-5,0.011995139363636362,0.006194551134168019,1.51086457940087,0.9867108086669816,-2.909269379238365,-1.1523798714006714,-3.5104154884288965,1.089298768737161,-0.7563352958184046,-0.02105363997354715,0.02,0.9584331486722842,0.0013646228504456794,0.006858052788171262,0.03279787948109666,5.462962080021698e-4,0.01578155927506001,0.019939767740344075,0.5022689941630447,0.9659942727106786,14,2
4,0.13849046385824723,0.1399709971483963,2.0638560611117915,23.74218146525526,10.60705177895283,1.985030644624604,5.7697845085753214e-5,0.011995139363636362,0.006194551134168019,1.51086457940087,0.9867108086669816,-2.909269379238365,-1.1523798714006714,-3.5104154884288965,1.089298768737161,-0.7563352958184046,-0.02105363997354715,0.02,0.965919784058811,8.554895251859306e-4,0.004455110538362374,0.02826135122630161,5.08264651339212e-4,0.013102741067028762,0.015595559980082996,0.5022689941630447,0.7822868634826919,14,2
5,0.13849046385824723,0.1399709971483963,2.0638560611117915,23.74218146525526,10.60705177895283,1.985030644624604,5.7697845085753214e-5,0.011995139363636362,0.006194551134168019,1.51086457940087,0.9867108086669816,-2.909269379238365,-1.1523798714006714,-3.5104154884288965,1.089298768737161,-0.7563352958184046,-0.02105363997354715,0.02,0.9868132110471708,2.5187999404767576e-4,0.0013247653415457469,0.011465611159376983,1.4453245785885546e-4,0.003919240963342754,0.0034966339570160435,0.5022689941630447,0.8493542909429285,14,2
6,0.13849046385824723,0.1399709971483963,2.0638560611117915,23.74218146525526,10.60705177895283,1.985030644624604,5.7697845085753214e-5,0.011995139363636362,0.006194551134168019,1.51086457940087,0.9867108086669816,-2.909269379238365,-1.1523798714006714,-3.5104154884288965,1.089298768737161,-0.7563352958184046,-0.02105363997354715,0.02,0.99281307158915,4.924691916205407e-4,0.0013610716371304228,0.005295490476724942,3.789710537414405e-5,0.0077822561425327915,0.006803615474886837,0.5022689941630447,0.8045071139265136,14,2
7,0.13849046385824723,0.1399709971483963,2.0638560611117915,23.74218146525526,10.60705177895283,1.985030644624604,5.7697845085753214e-5,0.011995139363636362,0.006194551134168019,1.51086457940087,0.9867108086669816,-2.909269379238365,-1.1523798714006714,-3.5104154884288965,1.089298768737161,-0.7563352958184046,-0.02105363997354715,0.02,0.9866431554577464,6.359590651761715e-4,0.0023467609828121986,0.010309091877035428,6.503261722984967e-5,0.00996092724121016,0.010167508845595136,0.5022689941630447,0.8370549537987707,14,2
8,0.13849046385824723,0.1399709971483963,2.0638560611117915,23.74218146525526,10.60705177895283,1.985030644624604,5.7697845085753214e-5,0.011995139363636362,0.006194551134168019,1.51086457940087,0.9867108086669816,-2.909269379238365,-1.1523798714006714,-3.5104154884288965,1.089298768737161,-0.7563352958184046,-0.02105363997354715,0.02,0.9802371586809813,5.734915775421452e-4,0.0033073087916682033,0.015748026593719624,1.3401435608875498e-4,0.013930882871802972,0.015449096351011837,0.5022689941630447,0.8057904110670696,14,2
9,0.13849046385824723,0.1399709971483963,2.0638560611117915,23.74218146525526,10.60705177895283,1.985030644624604,5.7697845085753214e-5,0.011995139363636362,0.006194551134168019,1.51086457940087,0.9867108086669816,-2.909269379238365,-1.1523798714006714,-3.5104154884288965,1.089298768737161,-0.7563352958184046,-0.02105363997354715,0.02,0.9861168813634258,3.7660582397049287e-4,0.0017301074119664194,0.011681679231304472,9.47261693328314e-5,0.00693639969770675,0.006611052945084879,0.5022689941630447,0.7004677488455561,14,2
10,0.13849046385824723,0.1399709971483963,2.0638560611117915,23.74218146525526,10.60705177895283,1.985030644624604,5.7697845085753214e-5,0.011995139363636362,0.006194551134168019,1.51086457940087,0.9867108086669816,-2.909269379238365,-1.1523798714006714,-3.5104154884288965,1.089298768737161,-0.7563352958184046,-0.02105363997354715,0.02,0.9926566156164415,2.155715929891375e-4,7.292247602700017e-4,0.006362374557503547,3.621347279578722e-5,0.005129627805519753,0.004530659072237906,0.5022689941630447,0.689380549299209,14,2
11,0.13849046385824723,0.1399709971483963,2.0638560611117915,23.74218146525526,10.60705177895283,1.985030644624604,5.7697845085753214e-5,0.011995139363636362,0.006194551134168019,1.51086457940087,0.9867108086669816,-2.909269379238365,-1.1523798714006714,-3.5104154884288965,1.089298768737161,-0.7563352958184046,-0.02105363997354715,0.02,0.9971468617784174,1.476785404984614e-4,4.3565053393914175e-4,0.0022619514278395558,7.85771930551302e-6,0.0033314779783359108,0.003170717082522284,0.5022689941630447,0.654953490904078,14,2
12,0.13849046385824723,0.1399709971483963,2.0638560611117915,23.74218146525526,10.60705177895283,1.985030644624604,5.7697845085753214e-5,0.011995139363636362,0.006194551134168019,1.51086457940087,0.9867108086669816,-2.909269379238365,-1.1523798714006714,-3.5104154884288965,1.089298768737161,-0.7563352958184046,-0.02105363997354715,0.02,0.9885485573357847,5.233019869877348e-4,0.0021348551793040575,0.00875145214183868,4.1833356084921685e-5,0.007215716675925067,0.0073893902589549565,0.5022689941630447,0.679427319549601,14,2
13,0.13849046385824723,0.1399709971483963,2.0638560611117915,23.74218146525526,10.60705177895283,1.985030644624604,5.7697845085753214e-5,0.011995139363636362,0.006194551134168019,1.51086457940087,0.9867108086669816,-2.909269379238365,-1.1523798714006714,-3.5104154884288965,1.089298768737161,-0.7563352958184046,-0.02105363997354715,0.02,0.9973476710358751,8.72297222838672e-5,3.242394991074686e-4,0.0022349487614060377,5.910981327561527e-6,0.0016009485114168052,0.0021340450642605333,0.5022689941630447,0.6051126818677255,14,2
1,0.13849046385824723,0.1399709971483963,2.0638560611117915,23.74218146525526,10.60705177895283,1.985030644624604,5.7697845085753214e-5,0.01199513936363636,0.00619455113416802,1.51086457940087,0.9867108086669816,-2.909269379238365,-1.1523798714006714,-3.5104154884288965,1.089298768737161,-0.7563352958184046,-0.02105363997354715,0.02,0.30182041888512834,6.207955855627253e-4,0.0049228083585139,0.6058352229018801,0.08680075426891494,0.04985305754926784,0.7153054644371083,0.5022689941630447,1,13,2
2,0.13849046385824723,0.1399709971483963,2.0638560611117915,23.74218146525526,10.60705177895283,1.985030644624604,5.7697845085753214e-5,0.011995139363636362,0.006194551134168019,1.51086457940087,0.9867108086669816,-2.909269379238365,-1.1523798714006714,-3.5104154884288965,1.089298768737161,-0.7563352958184046,-0.02105363997354715,0.02,0.936989802949279,0.001636769227860278,0.0062894118968752424,0.050717988118792155,0.00436602780719333,0.024741893869561365,0.02757303117900049,0.5022689941630447,0.9496909417132248,13,2
3,0.13849046385824723,0.1399709971483963,2.0638560611117915,23.74218146525526,10.60705177895283,1.985030644624604,5.7697845085753214e-5,0.011995139363636362,0.006194551134168019,1.51086457940087,0.9867108086669816,-2.909269379238365,-1.1523798714006714,-3.5104154884288965,1.089298768737161,-0.7563352958184046,-0.02105363997354715,0.02,0.9581041010741497,0.001450291355712242,0.0069119277238146775,0.032981935743734696,5.51744102588765e-4,0.02135986714533008,0.021738064044873898,0.5022689941630447,0.9957885438258556,13,2
4,0.13849046385824723,0.1399709971483963,2.0638560611117915,23.74218146525526,10.60705177895283,1.985030644624604,5.7697845085753214e-5,0.011995139363636362,0.006194551134168019,1.51086457940087,0.9867108086669816,-2.909269379238365,-1.1523798714006714,-3.5104154884288965,1.089298768737161,-0.7563352958184046,-0.02105363997354715,0.02,0.9663047846935079,8.39765674226284e-4,0.0044228627780779585,0.02793622471203467,4.963621421531637e-4,0.015250672315813759,0.016214873050842196,0.5022689941630447,0.893097807626641,13,2
5,0.13849046385824723,0.1399709971483963,2.0638560611117915,23.74218146525526,10.60705177895283,1.985030644624604,5.7697845085753214e-5,0.011995139363636362,0.006194551134168019,1.51086457940087,0.9867108086669816,-2.909269379238365,-1.1523798714006714,-3.5104154884288965,1.089298768737161,-0.7563352958184046,-0.02105363997354715,0.02,0.9869460210169053,2.3327786171819755e-4,0.0013391245979583921,0.011341743000384362,1.3983352303372626e-4,0.005983938944116159,0.01105347831130532,0.5022689941630447,0.8527197549284724,13,2
6,0.13849046385824723,0.1399709971483963,2.0638560611117915,23.74218146525526,10.60705177895283,1.985030644624604,5.7697845085753214e-5,0.011995139363636362,0.006194551134168019,1.51086457940087,0.9867108086669816,-2.909269379238365,-1.1523798714006714,-3.5104154884288965,1.089298768737161,-0.7563352958184046,-0.02105363997354715,0.02,0.9926955926270062,5.080393101884165e-4,0.0013730853855201649,0.005382885977563499,4.039669972165874e-5,0.008042677391819771,0.0077724653458733535,0.5022689941630447,0.873216498736231,13,2
7,0.13849046385824723,0.1399709971483963,2.0638560611117915,23.74218146525526,10.60705177895283,1.985030644624604,5.7697845085753214e-5,0.011995139363636362,0.006194551134168019,1.51086457940087,0.9867108086669816,-2.909269379238365,-1.1523798714006714,-3.5104154884288965,1.089298768737161,-0.7563352958184046,-0.02105363997354715,0.02,0.9866533187785098,6.558698943824044e-4,0.002365007917306381,0.010261351561633315,6.445184816816081e-5,0.009010310548684486,0.009364498515099939,0.5022689941630447,0.8895437260786875,13,2
8,0.13849046385824723,0.1399709971483963,2.0638560611117915,23.74218146525526,10.60705177895283,1.985030644624604,5.7697845085753214e-5,0.011995139363636362,0.006194551134168019,1.51086457940087,0.9867108086669816,-2.909269379238365,-1.1523798714006714,-3.5104154884288965,1.089298768737161,-0.7563352958184046,-0.02105363997354715,0.02,0.9805581633561393,5.348467755569596e-4,0.0033268417474421825,0.01545023589375469,1.299122271068839e-4,0.012047064725921446,0.017076777691308553,0.5022689941630447,0.8259739347476015,13,2
9,0.13849046385824723,0.1399709971483963,2.0638560611117915,23.74218146525526,10.60705177895283,1.985030644624604,5.7697845085753214e-5,0.011995139363636362,0.006194551134168019,1.51086457940087,0.9867108086669816,-2.909269379238365,-1.1523798714006714,-3.5104154884288965,1.089298768737161,-0.7563352958184046,-0.02105363997354715,0.02,0.98604841607758,3.9398580497345136e-4,0.0017719084743013827,0.011691065869448571,9.462377369664613e-5,0.01135014184650991,0.011460584348047725,0.5022689941630447,0.6532911882125662,13,2
10,0.13849046385824723,0.1399709971483963,2.0638560611117915,23.74218146525526,10.60705177895283,1.985030644624604,5.7697845085753214e-5,0.011995139363636362,0.006194551134168019,1.51086457940087,0.9867108086669816,-2.909269379238365,-1.1523798714006714,-3.5104154884288965,1.089298768737161,-0.7563352958184046,-0.02105363997354715,0.02,0.9924915554481271,2.078626377645329e-4,7.426381805702905e-4,0.00652012911782804,3.7814615710058006e-5,0.003800034384441232,0.005290493046911241,0.5022689941630447,0.7220969659058704,13,2
11,0.13849046385824723,0.1399709971483963,2.0638560611117915,23.74218146525526,10.60705177895283,1.985030644624604,5.7697845085753214e-5,0.011995139363636362,0.006194551134168019,1.51086457940087,0.9867108086669816,-2.909269379238365,-1.1523798714006714,-3.5104154884288965,1.089298768737161,-0.7563352958184046,-0.02105363997354715,0.02,0.9969402773081347,1.5102959715366208e-4,4.395757641300844e-4,0.0024597642081101313,9.35312247137605e-6,0.0044322475952838615,0.003340450622379799,0.5022689941630447,0.6811794888854295,13,2
12,0.13849046385824723,0.1399709971483963,2.0638560611117915,23.74218146525526,10.60705177895283,1.985030644624604,5.7697845085753214e-5,0.011995139363636362,0.006194551134168019,1.51086457940087,0.9867108086669816,-2.909269379238365,-1.1523798714006714,-3.5104154884288965,1.089298768737161,-0.7563352958184046,-0.02105363997354715,0.02,0.9877868264922195,5.47289922892604e-4,0.0022729039941233706,0.009345052284519484,4.7927306245078644e-05,0.007254152399382067,0.008427743664076082,0.5022689941630447,0.6419264146108219,13,2
13,0.13849046385824723,0.1399709971483963,2.0638560611117915,23.74218146525526,10.60705177895283,1.985030644624604,5.7697845085753214e-5,0.011995139363636362,0.006194551134168019,1.51086457940087,0.9867108086669816,-2.909269379238365,-1.1523798714006714,-3.5104154884288965,1.089298768737161,-0.7563352958184046,-0.02105363997354715,0.02,0.9980257351278847,1.1617700402540654e-4,3.1770571608123375e-4,0.0015380120979775127,2.370054030987437e-6,0.0024994137575767295,0.0035201811710286893,0.5022689941630447,0.6143447153645762,13,2
1,0.13849046385824723,0.1399709971483963,2.0638560611117915,23.74218146525526,10.60705177895283,1.985030644624604,5.7697845085753214e-5,0.01199513936363636,0.00619455113416802,1.51086457940087,0.9867108086669816,-2.909269379238365,-1.1523798714006714,-3.5104154884288965,1.089298768737161,-0.7563352958184046,-0.02105363997354715,0.02,0.30182041888512834,6.207955855627253e-4,0.0049228083585139,0.6058352229018801,0.08680075426891494,0.04985305754926784,0.7153054644371083,0.5022689941630447,1,12,2
2,0.13849046385824723,0.1399709971483963,2.0638560611117915,23.74218146525526,10.60705177895283,1.985030644624604,5.7697845085753214e-5,0.011995139363636362,0.006194551134168019,1.51086457940087,0.9867108086669816,-2.909269379238365,-1.1523798714006714,-3.5104154884288965,1.089298768737161,-0.7563352958184046,-0.02105363997354715,0.02,0.9694662362172006,0.0014252546679147905,0.005022808054480102,0.023130885753645747,9.548153067588074e-4,0.02122396836185708,0.019044723357004342,0.5022689941630447,0.90943824586449,12,2
3,0.13849046385824723,0.1399709971483963,2.0638560611117915,23.74218146525526,10.60705177895283,1.985030644624604,5.7697845085753214e-5,0.011995139363636362,0.006194551134168019,1.51086457940087,0.9867108086669816,-2.909269379238365,-1.1523798714006714,-3.5104154884288965,1.089298768737161,-0.7563352958184046,-0.02105363997354715,0.02,0.9582475120538166,0.0013578454400055013,0.0068800491851439775,0.032967513857500075,5.470794635338036e-4,0.017769049352155192,0.018797446962452787,0.5022689941630447,0.9314508303365666,12,2
4,0.13849046385824723,0.1399709971483963,2.0638560611117915,23.74218146525526,10.60705177895283,1.985030644624604,5.7697845085753214e-5,0.011995139363636362,0.006194551134168019,1.51086457940087,0.9867108086669816,-2.909269379238365,-1.1523798714006714,-3.5104154884288965,1.089298768737161,-0.7563352958184046,-0.02105363997354715,0.02,0.9657638383835054,8.486865291072123e-4,0.004447084902308659,0.02842819120465449,5.121989804242845e-4,0.015774984856651186,0.017956928233302173,0.5022689941630447,0.9563211326993796,12,2
5,0.13849046385824723,0.1399709971483963,2.0638560611117915,23.74218146525526,10.60705177895283,1.985030644624604,5.7697845085753214e-5,0.011995139363636362,0.006194551134168019,1.51086457940087,0.9867108086669816,-2.909269379238365,-1.1523798714006714,-3.5104154884288965,1.089298768737161,-0.7563352958184046,-0.02105363997354715,0.02,0.9862792522708347,3.727823283139563e-4,0.0014918823717441718,0.011709221143821927,1.4686188528528898e-4,0.01020175069495469,0.017531901269827798,0.5022689941630447,0.8462156554450554,12,2
6,0.13849046385824723,0.1399709971483963,2.0638560611117915,23.74218146525526,10.60705177895283,1.985030644624604,5.7697845085753214e-5,0.011995139363636362,0.006194551134168019,1.51086457940087,0.9867108086669816,-2.909269379238365,-1.1523798714006714,-3.5104154884288965,1.089298768737161,-0.7563352958184046,-0.02105363997354715,0.02,0.992802954668654,4.995587786179018e-4,0.001354191750205798,0.005303952385142331,3.9342417380036685e-5,0.007960298439939114,0.008874437906777537,0.5022689941630447,0.8248418918242831,12,2
7,0.13849046385824723,0.1399709971483963,2.0638560611117915,23.74218146525526,10.60705177895283,1.985030644624604,5.7697845085753214e-5,0.011995139363636362,0.006194551134168019,1.51086457940087,0.9867108086669816,-2.909269379238365,-1.1523798714006714,-3.5104154884288965,1.089298768737161,-0.7563352958184046,-0.02105363997354715,0.02,0.9867647291822753,6.496090843018711e-4,0.002349071146732678,0.010173892067117888,6.26985195722484e-5,0.009415330272595812,0.009321703057275582,0.5022689941630447,0.8095318943566582,12,2
8,0.13849046385824723,0.1399709971483963,2.0638560611117915,23.74218146525526,10.60705177895283,1.985030644624604,5.7697845085753214e-5,0.011995139363636362,0.006194551134168019,1.51086457940087,0.9867108086669816,-2.909269379238365,-1.1523798714006714,-3.5104154884288965,1.089298768737161,-0.7563352958184046,-0.02105363997354715,0.02,0.9809916926670009,5.343105942813738e-4,0.0032273144754134215,0.015121288771881078,1.2539349142315592e-4,0.010394008176606481,0.00904718511611671,0.5022689941630447,0.752410121901494,12,2
9,0.13849046385824723,0.1399709971483963,2.0638560611117915,23.74218146525526,10.60705177895283,1.985030644624604,5.7697845085753214e-5,0.011995139363636362,0.006194551134168019,1.51086457940087,0.9867108086669816,-2.909269379238365,-1.1523798714006714,-3.5104154884288965,1.089298768737161,-0.7563352958184046,-0.02105363997354715,0.02,0.9861687236050417,3.576328171259982e-4,0.0017425523200573535,0.011637075757602658,9.40155001722869e-5,0.008318574167826349,0.007358451494584083,0.5022689941630447,0.7333360750456496,12,2
10,0.13849046385824723,0.1399709971483963,2.0638560611117915,23.74218146525526,10.60705177895283,1.985030644624604,5.7697845085753214e-5,0.011995139363636362,0.006194551134168019,1.51086457940087,0.9867108086669816,-2.909269379238365,-1.1523798714006714,-3.5104154884288965,1.089298768737161,-0.7563352958184046,-0.02105363997354715,0.02,0.9925522546347201,2.1556580358868854e-4,7.298991458268306e-4,0.00646604278132314,3.623763454122922e-5,0.005393895177081726,0.004185169401261434,0.5022689941630447,0.7062235203619164,12,2
11,0.13849046385824723,0.1399709971483963,2.0638560611117915,23.74218146525526,10.60705177895283,1.985030644624604,5.7697845085753214e-5,0.011995139363636362,0.006194551134168019,1.51086457940087,0.9867108086669816,-2.909269379238365,-1.1523798714006714,-3.5104154884288965,1.089298768737161,-0.7563352958184046,-0.02105363997354715,0.02,0.9971188727178708,1.470329134499084e-4,4.2828843700706506e-4,0.002297464149903335,8.341781768951685e-6,0.003085255983481342,0.003983248043098032,0.5022689941630447,0.6567799061347305,12,2
12,0.13849046385824723,0.1399709971483963,2.0638560611117915,23.74218146525526,10.60705177895283,1.985030644624604,5.7697845085753214e-5,0.011995139363636362,0.006194551134168019,1.51086457940087,0.9867108086669816,-2.909269379238365,-1.1523798714006714,-3.5104154884288965,1.089298768737161,-0.7563352958184046,-0.02105363997354715,0.02,0.9884099637613156,5.249814255895712e-4,0.0021603662575973583,0.008861858855636564,4.2829699860793063e-5,0.0061812275778163625,0.0070987412582245,0.5022689941630447,0.6065894479668189,12,2
13,0.13849046385824723,0.1399709971483963,2.0638560611117915,23.74218146525526,10.60705177895283,1.985030644624604,5.7697845085753214e-5,0.011995139363636362,0.006194551134168019,1.51086457940087,0.9867108086669816,-2.909269379238365,-1.1523798714006714,-3.5104154884288965,1.089298768737161,-0.7563352958184046,-0.02105363997354715,0.02,0.9976355806524223,8.867081638342769e-5,3.018883980888162e-4,0.0019693369173837782,4.523215721692281e-6,0.0022293838079748512,0.002314632883985945,0.5022689941630447,0.5167502088112623,12,2
1,0.13849046385824723,0.1399709971483963,2.0638560611117915,23.74218146525526,10.60705177895283,1.985030644624604,5.7697845085753214e-5,0.01199513936363636,0.00619455113416802,1.51086457940087,0.9867108086669816,-2.909269379238365,-1.1523798714006714,-3.5104154884288965,1.089298768737161,-0.7563352958184046,-0.02105363997354715,0.02,0.30182041888512834,6.207955855627253e-4,0.0049228083585139,0.6058352229018801,0.08680075426891494,0.04985305754926784,0.7153054644371083,0.5022689941630447,1,11,2
2,0.13849046385824723,0.1399709971483963,2.0638560611117915,23.74218146525526,10.60705177895283,1.985030644624604,5.7697845085753214e-5,0.011995139363636362,0.006194551134168019,1.51086457940087,0.9867108086669816,-2.909269379238365,-1.1523798714006714,-3.5104154884288965,1.089298768737161,-0.7563352958184046,-0.02105363997354715,0.02,0.9850428621781541,6.051341624058385e-4,0.002059561838762008,0.012068544502212388,2.2389731846571384e-4,0.009369495549978919,0.012861801389902665,0.5022689941630447,0.969269175540538,11,2
3,0.13849046385824723,0.1399709971483963,2.0638560611117915,23.74218146525526,10.60705177895283,1.985030644624604,5.7697845085753214e-5,0.011995139363636362,0.006194551134168019,1.51086457940087,0.9867108086669816,-2.909269379238365,-1.1523798714006714,-3.5104154884288965,1.089298768737161,-0.7563352958184046,-0.02105363997354715,0.02,0.9577477283486007,0.0014386016659820502,0.006983661319629139,0.03326753488502804,5.624737807601788e-4,0.019818131564503353,0.02126679707389002,0.5022689941630447,0.9529380088958049,11,2
4,0.13849046385824723,0.1399709971483963,2.0638560611117915,23.74218146525526,10.60705177895283,1.985030644624604,5.7697845085753214e-5,0.011995139363636362,0.006194551134168019,1.51086457940087,0.9867108086669816,-2.909269379238365,-1.1523798714006714,-3.5104154884288965,1.089298768737161,-0.7563352958184046,-0.02105363997354715,0.02,0.9661529585815699,8.561673336201697e-4,0.004452592266722361,0.028047354791206982,4.909270268805287e-4,0.014557663887293099,0.018974811256473215,0.5022689941630447,0.8509472315386676,11,2
5,0.13849046385824723,0.1399709971483963,2.0638560611117915,23.74218146525526,10.60705177895283,1.985030644624604,5.7697845085753214e-5,0.011995139363636362,0.006194551134168019,1.51086457940087,0.9867108086669816,-2.909269379238365,-1.1523798714006714,-3.5104154884288965,1.089298768737161,-0.7563352958184046,-0.02105363997354715,0.02,0.9865795745938973,2.735463338948801e-4,0.0013154785273979416,0.011688252241312067,1.431483034977238e-4,0.013376594637577507,0.02511079192603464,0.5022689941630447,0.8672697715691162,11,2
6,0.13849046385824723,0.1399709971483963,2.0638560611117915,23.74218146525526,10.60705177895283,1.985030644624604,5.7697845085753214e-5,0.011995139363636362,0.006194551134168019,1.51086457940087,0.9867108086669816,-2.909269379238365,-1.1523798714006714,-3.5104154884288965,1.089298768737161,-0.7563352958184046,-0.02105363997354715,0.02,0.9928664880628202,4.91850075567871e-4,0.001353610361085967,0.0052493542025586065,3.8697297967406756e-5,0.008680933804968755,0.00800734974443376,0.5022689941630447,0.8471510615353707,11,2
7,0.13849046385824723,0.1399709971483963,2.0638560611117915,23.74218146525526,10.60705177895283,1.985030644624604,5.7697845085753214e-5,0.011995139363636362,0.006194551134168019,1.51086457940087,0.9867108086669816,-2.909269379238365,-1.1523798714006714,-3.5104154884288965,1.089298768737161,-0.7563352958184046,-0.02105363997354715,0.02,0.9867319432339943,6.5595200474781e-4,0.002347375446435799,0.010200978066850332,6.375124797166538e-5,0.009091334889865368,0.01212026353427649,0.5022689941630447,0.8722653363724026,11,2
8,0.13849046385824723,0.1399709971483963,2.0638560611117915,23.74218146525526,10.60705177895283,1.985030644624604,5.7697845085753214e-5,0.011995139363636362,0.006194551134168019,1.51086457940087,0.9867108086669816,-2.909269379238365,-1.1523798714006714,-3.5104154884288965,1.089298768737161,-0.7563352958184046,-0.02105363997354715,0.02,0.9807592835633662,5.679858626041655e-4,0.0032913652274600314,0.01525517648843582,1.2618885813389704e-4,0.010206810822327987,0.004594537717455046,0.5022689941630447,0.831083474819431,11,2
9,0.13849046385824723,0.1399709971483963,2.0638560611117915,23.74218146525526,10.60705177895283,1.985030644624604,5.7697845085753214e-5,0.011995139363636362,0.006194551134168019,1.51086457940087,0.9867108086669816,-2.909269379238365,-1.1523798714006714,-3.5104154884288965,1.089298768737161,-0.7563352958184046,-0.02105363997354715,0.02,0.9861693388353541,3.8846555848558243e-4,0.001724513357155663,0.011623647594378896,9.403465462577807e-5,0.013837790668129204,0.009584637961372298,0.5022689941630447,0.7110791836788513,11,2
10,0.13849046385824723,0.1399709971483963,2.0638560611117915,23.74218146525526,10.60705177895283,1.985030644624604,5.7697845085753214e-5,0.011995139363636362,0.006194551134168019,1.51086457940087,0.9867108086669816,-2.909269379238365,-1.1523798714006714,-3.5104154884288965,1.089298768737161,-0.7563352958184046,-0.02105363997354715,0.02,0.9925935845591743,2.233389428660193e-4,7.467980929755868e-4,0.00639896918068171,3.730922430236387e-5,0.003906236611599384,0.004584340636396811,0.5022689941630447,0.7559365519570115,11,2
11,0.13849046385824723,0.1399709971483963,2.0638560611117915,23.74218146525526,10.60705177895283,1.985030644624604,5.7697845085753214e-5,0.011995139363636362,0.006194551134168019,1.51086457940087,0.9867108086669816,-2.909269379238365,-1.1523798714006714,-3.5104154884288965,1.089298768737161,-0.7563352958184046,-0.02105363997354715,0.02,0.9968661931508676,1.5956694709962267e-4,4.3797119227520715e-4,0.002526551288217294,9.717421540371559e-6,0.004011319295963734,0.0035622922786568,0.5022689941630447,0.6455969251901864,11,2
12,0.13849046385824723,0.1399709971483963,2.0638560611117915,23.74218146525526,10.60705177895283,1.985030644624604,5.7697845085753214e-5,0.011995139363636362,0.006194551134168019,1.51086457940087,0.9867108086669816,-2.909269379238365,-1.1523798714006714,-3.5104154884288965,1.089298768737161,-0.7563352958184046,-0.02105363997354715,0.02,0.9889031018531323,5.108424011781346e-4,0.0020655264926754736,0.008480288675988686,4.0240577025317225e-5,0.006694669589462686,0.006806018598236894,0.5022689941630447,0.5315789421945591,11,2
13,0.13849046385824723,0.1399709971483963,2.0638560611117915,23.74218146525526,10.60705177895283,1.985030644624604,5.7697845085753214e-5,0.011995139363636362,0.006194551134168019,1.51086457940087,0.9867108086669816,-2.909269379238365,-1.1523798714006714,-3.5104154884288965,1.089298768737161,-0.7563352958184046,-0.02105363997354715,0.02,0.9981260165190361,1.0006719701977585e-4,3.09841217893558e-4,0.0014619269797028107,2.148086347687878e-6,0.001889050107788444,0.0029338381228430823,0.5022689941630447,0.6174072553705768,11,2
1,0.13849046385824723,0.1399709971483963,2.0638560611117915,23.74218146525526,10.60705177895283,1.985030644624604,5.7697845085753214e-5,0.01199513936363636,0.00619455113416802,1.51086457940087,0.9867108086669816,-2.909269379238365,-1.1523798714006714,-3.5104154884288965,1.089298768737161,-0.7563352958184046,-0.02105363997354715,0.02,0.30182041888512834,6.207955855627253e-4,0.0049228083585139,0.6058352229018801,0.08680075426891494,0.04985305754926784,0.7153054644371083,0.5022689941630447,1,10,2
2,0.13849046385824723,0.1399709971483963,2.0638560611117915,23.74218146525526,10.60705177895283,1.985030644624604,5.7697845085753214e-5,0.011995139363636362,0.006194551134168019,1.51086457940087,0.9867108086669816,-2.909269379238365,-1.1523798714006714,-3.5104154884288965,1.089298768737161,-0.7563352958184046,-0.02105363997354715,0.02,0.9861823707560058,6.115475198081511e-4,0.0022599545322541524,0.010840659712852294,1.0546747907960922e-4,0.013295515091436,0.010081750183041657,0.5022689941630447,0.9410730812090183,10,2
3,0.13849046385824723,0.1399709971483963,2.0638560611117915,23.74218146525526,10.60705177895283,1.985030644624604,5.7697845085753214e-5,0.011995139363636362,0.006194551134168019,1.51086457940087,0.9867108086669816,-2.909269379238365,-1.1523798714006714,-3.5104154884288965,1.089298768737161,-0.7563352958184046,-0.02105363997354715,0.02,0.9580208362908249,0.001419764295859797,0.006942724350467434,0.03306515572907099,5.515193337769379e-4,0.022545585258107903,0.019740661476275817,0.5022689941630447,0.9687067028795562,10,2
4,0.13849046385824723,0.1399709971483963,2.0638560611117915,23.74218146525526,10.60705177895283,1.985030644624604,5.7697845085753214e-5,0.011995139363636362,0.006194551134168019,1.51086457940087,0.9867108086669816,-2.909269379238365,-1.1523798714006714,-3.5104154884288965,1.089298768737161,-0.7563352958184046,-0.02105363997354715,0.02,0.9659107406761531,9.078062144384072e-4,0.0044914874876175355,0.028192846215758616,4.971194060323517e-4,0.02076507602094521,0.019256400709936058,0.5022689941630447,0.9306826282984129,10,2
5,0.13849046385824723,0.1399709971483963,2.0638560611117915,23.74218146525526,10.60705177895283,1.985030644624604,5.7697845085753214e-5,0.011995139363636362,0.006194551134168019,1.51086457940087,0.9867108086669816,-2.909269379238365,-1.1523798714006714,-3.5104154884288965,1.089298768737161,-0.7563352958184046,-0.02105363997354715,0.02,0.9860555516168763,2.810642870327493e-4,0.0013926029331446498,0.012109713086558959,1.6106807638730292e-4,0.007081162362175993,0.011572104150412023,0.5022689941630447,0.6997346424786391,10,2
6,0.13849046385824723,0.1399709971483963,2.0638560611117915,23.74218146525526,10.60705177895283,1.985030644624604,5.7697845085753214e-5,0.011995139363636362,0.006194551134168019,1.51086457940087,0.9867108086669816,-2.909269379238365,-1.1523798714006714,-3.5104154884288965,1.089298768737161,-0.7563352958184046,-0.02105363997354715,0.02,0.9928030159657651,4.51793929832334e-4,0.0013316382828592976,0.005372922591239862,4.062923030334875e-5,0.006241085885191271,0.005658795083296228,0.5022689941630447,0.7666155769881768,10,2
7,0.13849046385824723,0.1399709971483963,2.0638560611117915,23.74218146525526,10.60705177895283,1.985030644624604,5.7697845085753214e-5,0.011995139363636362,0.006194551134168019,1.51086457940087,0.9867108086669816,-2.909269379238365,-1.1523798714006714,-3.5104154884288965,1.089298768737161,-0.7563352958184046,-0.02105363997354715,0.02,0.9867553118982972,5.978630969275762e-4,0.0023349124497610697,0.010248563827067183,6.334872794696728e-5,0.007704660464447313,0.008773094964783106,0.5022689941630447,0.7836589441214885,10,2
8,0.13849046385824723,0.1399709971483963,2.0638560611117915,23.74218146525526,10.60705177895283,1.985030644624604,5.7697845085753214e-5,0.011995139363636362,0.006194551134168019,1.51086457940087,0.9867108086669816,-2.909269379238365,-1.1523798714006714,-3.5104154884288965,1.089298768737161,-0.7563352958184046,-0.02105363997354715,0.02,0.9810702685018451,5.510913305667679e-4,0.003146234392371474,0.015108203279921108,1.2420249529553458e-4,0.011357863466612121,0.00844903208101214,0.5022689941630447,0.7735011759572368,10,2
9,0.13849046385824723,0.1399709971483963,2.0638560611117915,23.74218146525526,10.60705177895283,1.985030644624604,5.7697845085753214e-5,0.011995139363636362,0.006194551134168019,1.51086457940087,0.9867108086669816,-2.909269379238365,-1.1523798714006714,-3.5104154884288965,1.089298768737161,-0.7563352958184046,-0.02105363997354715,0.02,0.9860469996278408,3.8121804096115174e-4,0.0017382467650873628,0.011738308614602842,9.522695150791413e-5,0.008192684303640832,0.00863622403644762,0.5022689941630447,0.7123191470303311,10,2
10,0.13849046385824723,0.1399709971483963,2.0638560611117915,23.74218146525526,10.60705177895283,1.985030644624604,5.7697845085753214e-5,0.011995139363636362,0.006194551134168019,1.51086457940087,0.9867108086669816,-2.909269379238365,-1.1523798714006714,-3.5104154884288965,1.089298768737161,-0.7563352958184046,-0.02105363997354715,0.02,0.992538137225374,2.1668045687614991e-4,7.50135084777703e-4,0.006458062343753498,3.6984889218679515e-5,0.004614051813361279,0.004594837534926484,0.5022689941630447,0.6258251799277905,10,2
11,0.13849046385824723,0.1399709971483963,2.0638560611117915,23.74218146525526,10.60705177895283,1.985030644624604,5.7697845085753214e-5,0.011995139363636362,0.006194551134168019,1.51086457940087,0.9867108086669816,-2.909269379238365,-1.1523798714006714,-3.5104154884288965,1.089298768737161,-0.7563352958184046,-0.02105363997354715,0.02,0.9971476345719542,1.4481960288659852e-4,4.29123804602651e-4,0.0022703829753200045,8.039045236547756e-6,0.0028737568043181476,0.002988360549557103,0.5022689941630447,0.6292312001372439,10,2
12,0.13849046385824723,0.1399709971483963,2.0638560611117915,23.74218146525526,10.60705177895283,1.985030644624604,5.7697845085753214e-5,0.011995139363636362,0.006194551134168019,1.51086457940087,0.9867108086669816,-2.909269379238365,-1.1523798714006714,-3.5104154884288965,1.089298768737161,-0.7563352958184046,-0.02105363997354715,0.02,0.9896043888827784,4.860675070495524e-4,0.0019443980395915845,0.007929590879660947,3.555469091959919e-5,0.006730225183592306,0.007145997767090545,0.5022689941630447,0.5414257290369305,10,2
13,0.13849046385824723,0.1399709971483963,2.0638560611117915,23.74218146525526,10.60705177895283,1.985030644624604,5.7697845085753214e-5,0.011995139363636362,0.006194551134168019,1.51086457940087,0.9867108086669816,-2.909269379238365,-1.1523798714006714,-3.5104154884288965,1.089298768737161,-0.7563352958184046,-0.02105363997354715,0.02,0.9978843339064069,8.221731546270146e-5,2.993155565327798e-4,0.0017309590945095022,3.1741270882362432e-6,0.0024997383208168666,0.001971911138685234,0.5022689941630447,0.4445296736615203,10,2
1,0.13849046385824723,0.1399709971483963,2.0638560611117915,23.74218146525526,10.60705177895283,1.985030644624604,5.7697845085753214e-5,0.01199513936363636,0.00619455113416802,1.51086457940087,0.9867108086669816,-2.909269379238365,-1.1523798714006714,-3.5104154884288965,1.089298768737161,-0.7563352958184046,-0.02105363997354715,0.02,0.30182041888512834,6.207955855627253e-4,0.0049228083585139,0.6058352229018801,0.08680075426891494,0.04985305754926784,0.7153054644371083,0.5022689941630447,1,9,2
2,0.13849046385824723,0.1399709971483963,2.0638560611117915,23.74218146525526,10.60705177895283,1.985030644624604,5.7697845085753214e-5,0.011995139363636362,0.006194551134168019,1.51086457940087,0.9867108086669816,-2.909269379238365,-1.1523798714006714,-3.5104154884288965,1.089298768737161,-0.7563352958184046,-0.02105363997354715,0.02,0.9902770390869622,4.981519587570111e-4,0.001506255620963731,0.007664945236665518,5.360809665158257e-5,0.007157722993754421,0.008448893263218236,0.5022689941630447,0.9902514314214349,9,2
3,0.13849046385824723,0.1399709971483963,2.0638560611117915,23.74218146525526,10.60705177895283,1.985030644624604,5.7697845085753214e-5,0.011995139363636362,0.006194551134168019,1.51086457940087,0.9867108086669816,-2.909269379238365,-1.1523798714006714,-3.5104154884288965,1.089298768737161,-0.7563352958184046,-0.02105363997354715,0.02,0.9579422357550699,0.0014014058673118288,0.006966492090118953,0.03313129244088499,5.585738466143549e-4,0.020742103210853898,0.022453096966438768,0.5022689941630447,0.9941531838468091,9,2
4,0.13849046385824723,0.1399709971483963,2.0638560611117915,23.74218146525526,10.60705177895283,1.985030644624604,5.7697845085753214e-5,0.011995139363636362,0.006194551134168019,1.51086457940087,0.9867108086669816,-2.909269379238365,-1.1523798714006714,-3.5104154884288965,1.089298768737161,-0.7563352958184046,-0.02105363997354715,0.02,0.9659292934646002,8.136432466905264e-4,0.004429150021375133,0.028326703936894626,5.012093304394738e-4,0.017921224284528338,0.019008964635078805,0.5022689941630447,0.9033938624033708,9,2
5,0.13849046385824723,0.1399709971483963,2.0638560611117915,23.74218146525526,10.60705177895283,1.985030644624604,5.7697845085753214e-5,0.011995139363636362,0.006194551134168019,1.51086457940087,0.9867108086669816,-2.909269379238365,-1.1523798714006714,-3.5104154884288965,1.089298768737161,-0.7563352958184046,-0.02105363997354715,0.02,0.9864573617927519,2.570912464894532e-4,0.0013687837892383827,0.011773584052862104,1.4317911865814988e-4,0.008669290833576865,0.006490833179795514,0.5022689941630447,0.8624965286212357,9,2
6,0.13849046385824723,0.1399709971483963,2.0638560611117915,23.74218146525526,10.60705177895283,1.985030644624604,5.7697845085753214e-5,0.011995139363636362,0.006194551134168019,1.51086457940087,0.9867108086669816,-2.909269379238365,-1.1523798714006714,-3.5104154884288965,1.089298768737161,-0.7563352958184046,-0.02105363997354715,0.02,0.9927243428738304,4.914640389297148e-4,0.001360215934799922,0.00538292743099712,4.104972144290099e-5,0.007856444888490832,0.007050882913588662,0.5022689941630447,0.8502290438531662,9,2
7,0.13849046385824723,0.1399709971483963,2.0638560611117915,23.74218146525526,10.60705177895283,1.985030644624604,5.7697845085753214e-5,0.011995139363636362,0.006194551134168019,1.51086457940087,0.9867108086669816,-2.909269379238365,-1.1523798714006714,-3.5104154884288965,1.089298768737161,-0.7563352958184046,-0.02105363997354715,0.02,0.9867555809077636,6.545856219807794e-4,0.0023393349634192183,0.010186364821842672,6.413368499384499e-5,0.00972136123024405,0.010332665990996784,0.5022689941630447,0.8606659871560525,9,2
8,0.13849046385824723,0.1399709971483963,2.0638560611117915,23.74218146525526,10.60705177895283,1.985030644624604,5.7697845085753214e-5,0.011995139363636362,0.006194551134168019,1.51086457940087,0.9867108086669816,-2.909269379238365,-1.1523798714006714,-3.5104154884288965,1.089298768737161,-0.7563352958184046,-0.02105363997354715,0.02,0.9808262508341385,5.255212226894068e-4,0.0032182544016051058,0.015300937791436027,1.2903575013095082e-4,0.013397968262832667,0.012788065307252107,0.5022689941630447,0.7247339969200387,9,2
9,0.13849046385824723,0.1399709971483963,2.0638560611117915,23.74218146525526,10.60705177895283,1.985030644624604,5.7697845085753214e-5,0.011995139363636362,0.006194551134168019,1.51086457940087,0.9867108086669816,-2.909269379238365,-1.1523798714006714,-3.5104154884288965,1.089298768737161,-0.7563352958184046,-0.02105363997354715,0.02,0.9863165724913463,3.5968920489188184e-4,0.001726904658241677,0.01150535317151038,9.148047400976879e-5,0.008234833717006885,0.00988546589822992,0.5022689941630447,0.6711363147061803,9,2
10,0.13849046385824723,0.1399709971483963,2.0638560611117915,23.74218146525526,10.60705177895283,1.985030644624604,5.7697845085753214e-5,0.011995139363636362,0.006194551134168019,1.51086457940087,0.9867108086669816,-2.909269379238365,-1.1523798714006714,-3.5104154884288965,1.089298768737161,-0.7563352958184046,-0.02105363997354715,0.02,0.9925867014586786,2.1253500574325906e-4,7.361859250364967e-4,0.006428107738491697,3.646987205002307e-5,0.004800329615091223,0.004459632526578342,0.5022689941630447,0.5867440075198463,9,2
11,0.13849046385824723,0.1399709971483963,2.0638560611117915,23.74218146525526,10.60705177895283,1.985030644624604,5.7697845085753214e-5,0.011995139363636362,0.006194551134168019,1.51086457940087,0.9867108086669816,-2.909269379238365,-1.1523798714006714,-3.5104154884288965,1.089298768737161,-0.7563352958184046,-0.02105363997354715,0.02,0.9971665594882378,1.3463119485907502e-4,4.170522920595598e-4,0.0022738300595483213,7.926965295278621e-6,0.0025832179615675006,0.0030315155334745218,0.5022689941630447,0.6027685113317578,9,2
12,0.13849046385824723,0.1399709971483963,2.0638560611117915,23.74218146525526,10.60705177895283,1.985030644624604,5.7697845085753214e-5,0.011995139363636362,0.006194551134168019,1.51086457940087,0.9867108086669816,-2.909269379238365,-1.1523798714006714,-3.5104154884288965,1.089298768737161,-0.7563352958184046,-0.02105363997354715,0.02,0.9900461672525908,4.605771653600123e-4,0.0018474905323524612,0.007613201479771964,3.2563569924897355e-5,0.005584336178233492,0.006484288428969084,0.5022689941630447,0.545488585334784,9,2
13,0.13849046385824723,0.1399709971483963,2.0638560611117915,23.74218146525526,10.60705177895283,1.985030644624604,5.7697845085753214e-5,0.011995139363636362,0.006194551134168019,1.51086457940087,0.9867108086669816,-2.909269379238365,-1.1523798714006714,-3.5104154884288965,1.089298768737161,-0.7563352958184046,-0.02105363997354715,0.02,0.9982059214917036,8.369507600018792e-5,2.9904042334043246e-4,0.0014095167848453287,1.8262241105342012e-6,0.0014606229200322754,0.0017602356712525657,0.5022689941630447,0.44622459437101203,9,2
1,0.13849046385824723,0.1399709971483963,2.0638560611117915,23.74218146525526,10.60705177895283,1.985030644624604,5.7697845085753214e-5,0.01199513936363636,0.00619455113416802,1.51086457940087,0.9867108086669816,-2.909269379238365,-1.1523798714006714,-3.5104154884288965,1.089298768737161,-0.7563352958184046,-0.02105363997354715,0.02,0.30182041888512834,6.207955855627253e-4,0.0049228083585139,0.6058352229018801,0.08680075426891494,0.04985305754926784,0.7153054644371083,0.5022689941630447,1,8,2
2,0.13849046385824723,0.1399709971483963,2.0638560611117915,23.74218146525526,10.60705177895283,1.985030644624604,5.7697845085753214e-5,0.011995139363636362,0.006194551134168019,1.51086457940087,0.9867108086669816,-2.909269379238365,-1.1523798714006714,-3.5104154884288965,1.089298768737161,-0.7563352958184046,-0.02105363997354715,0.02,0.9836444926037436,0.0011316724700815913,0.0037199757655750764,0.011409523553140255,9.4335607459383e-5,0.014891707977438239,0.017310937146519448,0.5022689941630447,1.0052929028454711,8,2
3,0.13849046385824723,0.1399709971483963,2.0638560611117915,23.74218146525526,10.60705177895283,1.985030644624604,5.7697845085753214e-5,0.011995139363636362,0.006194551134168019,1.51086457940087,0.9867108086669816,-2.909269379238365,-1.1523798714006714,-3.5104154884288965,1.089298768737161,-0.7563352958184046,-0.02105363997354715,0.02,0.9581762723730701,0.001430858589889475,0.006919088127288853,0.03292200869078754,5.51772218964095e-4,0.018460048358194564,0.02338015636848098,0.5022689941630447,0.9605541736598162,8,2
4,0.13849046385824723,0.1399709971483963,2.0638560611117915,23.74218146525526,10.60705177895283,1.985030644624604,5.7697845085753214e-5,0.011995139363636362,0.006194551134168019,1.51086457940087,0.9867108086669816,-2.909269379238365,-1.1523798714006714,-3.5104154884288965,1.089298768737161,-0.7563352958184046,-0.02105363997354715,0.02,0.9661449329783768,8.423308322183867e-4,0.0044218934289203295,0.02808923141481478,5.016113456697843e-4,0.018680092616745737,0.013762011380429241,0.5022689941630447,0.8924375715366742,8,2
5,0.13849046385824723,0.1399709971483963,2.0638560611117915,23.74218146525526,10.60705177895283,1.985030644624604,5.7697845085753214e-5,0.011995139363636362,0.006194551134168019,1.51086457940087,0.9867108086669816,-2.909269379238365,-1.1523798714006714,-3.5104154884288965,1.089298768737161,-0.7563352958184046,-0.02105363997354715,0.02,0.9865818870019627,3.008475744890375e-4,0.0013710095998350383,0.011600419999670077,1.458358240431938e-4,0.004066984845935302,0.005648186891281893,0.5022689941630447,0.7490177218653742,8,2
6,0.13849046385824723,0.1399709971483963,2.0638560611117915,23.74218146525526,10.60705177895283,1.985030644624604,5.7697845085753214e-5,0.011995139363636362,0.006194551134168019,1.51086457940087,0.9867108086669816,-2.909269379238365,-1.1523798714006714,-3.5104154884288965,1.089298768737161,-0.7563352958184046,-0.02105363997354715,0.02,0.9928443887316745,4.7421673762439355e-4,0.0013402480999053037,0.005301669166061179,3.947726473468386e-5,0.006617060371091985,0.008137324541078877,0.5022689941630447,0.8406056079687013,8,2
7,0.13849046385824723,0.1399709971483963,2.0638560611117915,23.74218146525526,10.60705177895283,1.985030644624604,5.7697845085753214e-5,0.011995139363636362,0.006194551134168019,1.51086457940087,0.9867108086669816,-2.909269379238365,-1.1523798714006714,-3.5104154884288965,1.089298768737161,-0.7563352958184046,-0.02105363997354715,0.02,0.9867374707889789,6.290991770286659e-4,0.0023393525319416425,0.010230157148453363,6.392035359745115e-5,0.009213890560057622,0.009759613322749714,0.5022689941630447,0.7415344682020715,8,2
8,0.13849046385824723,0.1399709971483963,2.0638560611117915,23.74218146525526,10.60705177895283,1.985030644624604,5.7697845085753214e-5,0.011995139363636362,0.006194551134168019,1.51086457940087,0.9867108086669816,-2.909269379238365,-1.1523798714006714,-3.5104154884288965,1.089298768737161,-0.7563352958184046,-0.02105363997354715,0.02,0.9810486533013617,5.177782065132149e-4,0.0032131625839888576,0.015098237557869463,1.2216835026678815e-4,0.006745935152959952,0.010456717154754372,0.5022689941630447,0.8036300602590104,8,2
9,0.13849046385824723,0.1399709971483963,2.0638560611117915,23.74218146525526,10.60705177895283,1.985030644624604,5.7697845085753214e-5,0.011995139363636362,0.006194551134168019,1.51086457940087,0.9867108086669816,-2.909269379238365,-1.1523798714006714,-3.5104154884288965,1.089298768737161,-0.7563352958184046,-0.02105363997354715,0.02,0.9861370121553674,3.700554819936453e-4,0.0017447726663611923,0.011655247843993606,9.291185228419468e-5,0.007097097248842421,0.010697068374480133,0.5022689941630447,0.7327218926289358,8,2
10,0.13849046385824723,0.1399709971483963,2.0638560611117915,23.74218146525526,10.60705177895283,1.985030644624604,5.7697845085753214e-5,0.011995139363636362,0.006194551134168019,1.51086457940087,0.9867108086669816,-2.909269379238365,-1.1523798714006714,-3.5104154884288965,1.089298768737161,-0.7563352958184046,-0.02105363997354715,0.02,0.9924435445694572,2.2772920880818139e-4,7.524328617948395e-4,0.00653774188020184,3.855147973805262e-5,0.005414106020526313,0.004521672136126672,0.5022689941630447,0.6366921163678715,8,2
11,0.13849046385824723,0.1399709971483963,2.0638560611117915,23.74218146525526,10.60705177895283,1.985030644624604,5.7697845085753214e-5,0.011995139363636362,0.006194551134168019,1.51086457940087,0.9867108086669816,-2.909269379238365,-1.1523798714006714,-3.5104154884288965,1.089298768737161,-0.7563352958184046,-0.02105363997354715,0.02,0.9970051483433822,1.4822326258750876e-4,0.00043125578541425053,0.002406594200979736,8.778407636306437e-6,0.003390010328498473,0.003068903963865367,0.5022689941630447,0.7075914433086944,8,2
12,0.13849046385824723,0.1399709971483963,2.0638560611117915,23.74218146525526,10.60705177895283,1.985030644624604,5.7697845085753214e-5,0.011995139363636362,0.006194551134168019,1.51086457940087,0.9867108086669816,-2.909269379238365,-1.1523798714006714,-3.5104154884288965,1.089298768737161,-0.7563352958184046,-0.02105363997354715,0.02,0.9865570726956746,6.105839026402218e-4,0.00251499172842071,0.010260377472086218,5.697420117820236e-5,0.00825444410118482,0.007688489466719024,0.5022689941630447,0.47873742237089173,8,2
13,0.13849046385824723,0.1399709971483963,2.0638560611117915,23.74218146525526,10.60705177895283,1.985030644624604,5.7697845085753214e-5,0.011995139363636362,0.006194551134168019,1.51086457940087,0.9867108086669816,-2.909269379238365,-1.1523798714006714,-3.5104154884288965,1.089298768737161,-0.7563352958184046,-0.02105363997354715,0.02,0.9980968779543196,7.390057402287002e-5,2.9211891908577646e-4,0.0015349077744632473,2.194778108559943e-6,0.002423527948570958,0.0015652217718701107,0.5022689941630447,0.4423233929925941,8,2
1,0.13849046385824723,0.1399709971483963,2.0638560611117915,23.74218146525526,10.60705177895283,1.985030644624604,5.7697845085753214e-5,0.01199513936363636,0.00619455113416802,1.51086457940087,0.9867108086669816,-2.909269379238365,-1.1523798714006714,-3.5104154884288965,1.089298768737161,-0.7563352958184046,-0.02105363997354715,0.02,0.30182041888512834,6.207955855627253e-4,0.0049228083585139,0.6058352229018801,0.08680075426891494,0.04985305754926784,0.7153054644371083,0.5022689941630447,1,7,2
2,0.13849046385824723,0.1399709971483963,2.0638560611117915,23.74218146525526,10.60705177895283,1.985030644624604,5.7697845085753214e-5,0.011995139363636362,0.006194551134168019,1.51086457940087,0.9867108086669816,-2.909269379238365,-1.1523798714006714,-3.5104154884288965,1.089298768737161,-0.7563352958184046,-0.02105363997354715,0.02,0.9689300031308382,0.0018253800968505022,0.0072700537307597065,0.02166338244246329,3.1118059908832505e-4,0.020064192788928424,0.023738765326030493,0.5022689941630447,0.9193435800632149,7,2
3,0.13849046385824723,0.1399709971483963,2.0638560611117915,23.74218146525526,10.60705177895283,1.985030644624604,5.7697845085753214e-5,0.011995139363636362,0.006194551134168019,1.51086457940087,0.9867108086669816,-2.909269379238365,-1.1523798714006714,-3.5104154884288965,1.089298768737161,-0.7563352958184046,-0.02105363997354715,0.02,0.9584255798380372,0.0013760433435815555,0.006878841239890828,0.03277594180881426,5.435937696761749e-4,0.020384259390960044,0.016569169286476976,0.5022689941630447,0.9130414922683198,7,2
4,0.13849046385824723,0.1399709971483963,2.0638560611117915,23.74218146525526,10.60705177895283,1.985030644624604,5.7697845085753214e-5,0.011995139363636362,0.006194551134168019,1.51086457940087,0.9867108086669816,-2.909269379238365,-1.1523798714006714,-3.5104154884288965,1.089298768737161,-0.7563352958184046,-0.02105363997354715,0.02,0.966419526177891,8.410904795372446e-4,0.004404467776575815,0.027841077240297153,4.938383256988064e-4,0.016377829772467326,0.01730944579983643,0.5022689941630447,0.8434785884369155,7,2
5,0.13849046385824723,0.1399709971483963,2.0638560611117915,23.74218146525526,10.60705177895283,1.985030644624604,5.7697845085753214e-5,0.011995139363636362,0.006194551134168019,1.51086457940087,0.9867108086669816,-2.909269379238365,-1.1523798714006714,-3.5104154884288965,1.089298768737161,-0.7563352958184046,-0.02105363997354715,0.02,0.986615209526155,2.384924336045721e-4,0.001355361358333483,0.01164371191651506,1.4722476539195118e-4,0.006002545333172388,0.002584238089791318,0.5022689941630447,0.770185729321826,7,2
6,0.13849046385824723,0.1399709971483963,2.0638560611117915,23.74218146525526,10.60705177895283,1.985030644624604,5.7697845085753214e-5,0.011995139363636362,0.006194551134168019,1.51086457940087,0.9867108086669816,-2.909269379238365,-1.1523798714006714,-3.5104154884288965,1.089298768737161,-0.7563352958184046,-0.02105363997354715,0.02,0.9928662680185416,4.6061051865430995e-4,0.0013425646506717063,0.005291387155152448,3.916965697991051e-5,0.0059314430971831025,0.006928006311942248,0.5022689941630447,0.7327417285718079,7,2
7,0.13849046385824723,0.1399709971483963,2.0638560611117915,23.74218146525526,10.60705177895283,1.985030644624604,5.7697845085753214e-5,0.011995139363636362,0.006194551134168019,1.51086457940087,0.9867108086669816,-2.909269379238365,-1.1523798714006714,-3.5104154884288965,1.089298768737161,-0.7563352958184046,-0.02105363997354715,0.02,0.986786840203605,6.051514821188517e-4,0.002320905980786705,0.010224107248975565,6.299508451391491e-5,0.008796407621152556,0.00807376311172844,0.5022689941630447,0.8198089663336791,7,2
8,0.13849046385824723,0.1399709971483963,2.0638560611117915,23.74218146525526,10.60705177895283,1.985030644624604,5.7697845085753214e-5,0.011995139363636362,0.006194551134168019,1.51086457940087,0.9867108086669816,-2.909269379238365,-1.1523798714006714,-3.5104154884288965,1.089298768737161,-0.7563352958184046,-0.02105363997354715,0.02,0.9806398177541569,5.602867616461536e-4,0.003301907317024969,0.015370797796121431,1.2719037105070964e-4,0.013698471939018925,0.017306356533712274,0.5022689941630447,0.6993356536722379,7,2
9,0.13849046385824723,0.1399709971483963,2.0638560611117915,23.74218146525526,10.60705177895283,1.985030644624604,5.7697845085753214e-5,0.011995139363636362,0.006194551134168019,1.51086457940087,0.9867108086669816,-2.909269379238365,-1.1523798714006714,-3.5104154884288965,1.089298768737161,-0.7563352958184046,-0.02105363997354715,0.02,0.9863560939063284,3.481161351119209e-4,0.001713576802953207,0.011492523501147562,8.96896544588909e-5,0.007955683474183996,0.006042061500685665,0.5022689941630447,0.7637260860787973,7,2
10,0.13849046385824723,0.1399709971483963,2.0638560611117915,23.74218146525526,10.60705177895283,1.985030644624604,5.7697845085753214e-5,0.011995139363636362,0.006194551134168019,1.51086457940087,0.9867108086669816,-2.909269379238365,-1.1523798714006714,-3.5104154884288965,1.089298768737161,-0.7563352958184046,-0.02105363997354715,0.02,0.9924066751326477,2.195671683412846e-4,7.452970967848375e-4,0.006589711337907727,3.874926431846431e-5,0.0041497230129205745,0.003667046882814897,0.5022689941630447,0.6440315957541182,7,2
11,0.13849046385824723,0.1399709971483963,2.0638560611117915,23.74218146525526,10.60705177895283,1.985030644624604,5.7697845085753214e-5,0.011995139363636362,0.006194551134168019,1.51086457940087,0.9867108086669816,-2.909269379238365,-1.1523798714006714,-3.5104154884288965,1.089298768737161,-0.7563352958184046,-0.02105363997354715,0.02,0.9970908475432186,1.433082733273597e-4,4.331530937838828e-4,0.0023242553353845443,8.435754285645611e-6,0.002955578180950654,0.002724222907614531,0.5022689941630447,0.6375377176345693,7,2
12,0.13849046385824723,0.1399709971483963,2.0638560611117915,23.74218146525526,10.60705177895283,1.985030644624604,5.7697845085753214e-5,0.011995139363636362,0.006194551134168019,1.51086457940087,0.9867108086669816,-2.909269379238365,-1.1523798714006714,-3.5104154884288965,1.089298768737161,-0.7563352958184046,-0.02105363997354715,0.02,0.9890364705254919,4.968115863053048e-4,0.002031037648135709,0.008396946020359931,3.873421970710969e-5,0.007563657333685399,0.006294818965536868,0.5022689941630447,0.6314082693450628,7,2
13,0.13849046385824723,0.1399709971483963,2.0638560611117915,23.74218146525526,10.60705177895283,1.985030644624604,5.7697845085753214e-5,0.011995139363636362,0.006194551134168019,1.51086457940087,0.9867108086669816,-2.909269379238365,-1.1523798714006714,-3.5104154884288965,1.089298768737161,-0.7563352958184046,-0.02105363997354715,0.02,0.9979495491017685,8.011867450170627e-5,3.0035530961248895e-4,0.0016669402465464898,3.0366675708633633e-6,0.005025146104106426,0.004804177972294167,0.5022689941630447,0.361396787372454,7,2
1,0.13849046385824723,0.1399709971483963,2.0638560611117915,23.74218146525526,10.60705177895283,1.985030644624604,5.7697845085753214e-5,0.01199513936363636,0.00619455113416802,1.51086457940087,0.9867108086669816,-2.909269379238365,-1.1523798714006714,-3.5104154884288965,1.089298768737161,-0.7563352958184046,-0.02105363997354715,0.02,0.30182041888512834,6.207955855627253e-4,0.0049228083585139,0.6058352229018801,0.08680075426891494,0.04985305754926784,0.7153054644371083,0.5022689941630447,1,6,2
2,0.13849046385824723,0.1399709971483963,2.0638560611117915,23.74218146525526,10.60705177895283,1.985030644624604,5.7697845085753214e-5,0.011995139363636362,0.006194551134168019,1.51086457940087,0.9867108086669816,-2.909269379238365,-1.1523798714006714,-3.5104154884288965,1.089298768737161,-0.7563352958184046,-0.02105363997354715,0.02,0.9647603057906384,0.0013577881177751236,0.006022305382889798,0.02735134406383865,5.082566448580386e-4,0.02025125296434971,0.018127335311126418,0.5022689941630447,0.8973764357342289,6,2
3,0.13849046385824723,0.1399709971483963,2.0638560611117915,23.74218146525526,10.60705177895283,1.985030644624604,5.7697845085753214e-5,0.011995139363636362,0.006194551134168019,1.51086457940087,0.9867108086669816,-2.909269379238365,-1.1523798714006714,-3.5104154884288965,1.089298768737161,-0.7563352958184046,-0.02105363997354715,0.02,0.9582740983145218,0.0013867540807107046,0.006871821216896544,0.032921413891173694,5.459124966973555e-4,0.017778956438904474,0.02150766077975155,0.5022689941630447,0.8618581102605694,6,2
4,0.13849046385824723,0.1399709971483963,2.0638560611117915,23.74218146525526,10.60705177895283,1.985030644624604,5.7697845085753214e-5,0.011995139363636362,0.006194551134168019,1.51086457940087,0.9867108086669816,-2.909269379238365,-1.1523798714006714,-3.5104154884288965,1.089298768737161,-0.7563352958184046,-0.02105363997354715,0.02,0.966651539065089,7.959856203332643e-4,0.004351880425268355,0.02771553523505579,4.850596542536274e-4,0.012469851638590452,0.013747168130417787,0.5022689941630447,0.840482928379855,6,2
5,0.13849046385824723,0.1399709971483963,2.0638560611117915,23.74218146525526,10.60705177895283,1.985030644624604,5.7697845085753214e-5,0.011995139363636362,0.006194551134168019,1.51086457940087,0.9867108086669816,-2.909269379238365,-1.1523798714006714,-3.5104154884288965,1.089298768737161,-0.7563352958184046,-0.02105363997354715,0.02,0.9865826309539648,2.2709390296009815e-4,0.0013628464663059136,0.011680008276834788,1.474203999344423e-4,0.006835994790921032,0.005558769009686176,0.5022689941630447,0.8145369362694539,6,2
6,0.13849046385824723,0.1399709971483963,2.0638560611117915,23.74218146525526,10.60705177895283,1.985030644624604,5.7697845085753214e-5,0.011995139363636362,0.006194551134168019,1.51086457940087,0.9867108086669816,-2.909269379238365,-1.1523798714006714,-3.5104154884288965,1.089298768737161,-0.7563352958184046,-0.02105363997354715,0.02,0.9928310385436713,4.873240093492874e-4,0.001348280814929762,0.005294535621064463,3.88210109853355e-5,0.006914852343756473,0.006470506485787535,0.5022689941630447,0.8118825707107166,6,2
7,0.13849046385824723,0.1399709971483963,2.0638560611117915,23.74218146525526,10.60705177895283,1.985030644624604,5.7697845085753214e-5,0.011995139363636362,0.006194551134168019,1.51086457940087,0.9867108086669816,-2.909269379238365,-1.1523798714006714,-3.5104154884288965,1.089298768737161,-0.7563352958184046,-0.02105363997354715,0.02,0.9867858721842614,6.237216679563912e-4,0.0023309940262389636,0.01019708860141474,6.23235201285026e-5,0.008967519525436212,0.011244377961896871,0.5022689941630447,0.8433613895785047,6,2
8,0.13849046385824723,0.1399709971483963,2.0638560611117915,23.74218146525526,10.60705177895283,1.985030644624604,5.7697845085753214e-5,0.011995139363636362,0.006194551134168019,1.51086457940087,0.9867108086669816,-2.909269379238365,-1.1523798714006714,-3.5104154884288965,1.089298768737161,-0.7563352958184046,-0.02105363997354715,0.02,0.9806814327371114,5.734414196393438e-4,0.0032485536610021085,0.01536830689024775,1.2826529199950665e-4,0.005271428693959172,0.009558719914053257,0.5022689941630447,0.8140823960383312,6,2
9,0.13849046385824723,0.1399709971483963,2.0638560611117915,23.74218146525526,10.60705177895283,1.985030644624604,5.7697845085753214e-5,0.011995139363636362,0.006194551134168019,1.51086457940087,0.9867108086669816,-2.909269379238365,-1.1523798714006714,-3.5104154884288965,1.089298768737161,-0.7563352958184046,-0.02105363997354715,0.02,0.9862369212963217,3.6631214537686017e-4,0.0017279023790169885,0.011575425057758588,9.343912152589976e-5,0.008420385575679592,0.013180797084061242,0.5022689941630447,0.6372930647451027,6,2
10,0.13849046385824723,0.1399709971483963,2.0638560611117915,23.74218146525526,10.60705177895283,1.985030644624604,5.7697845085753214e-5,0.011995139363636362,0.006194551134168019,1.51086457940087,0.9867108086669816,-2.909269379238365,-1.1523798714006714,-3.5104154884288965,1.089298768737161,-0.7563352958184046,-0.02105363997354715,0.02,0.9926683723773214,2.0988301629389943e-4,7.302686542065638e-4,0.006356014870043836,3.546108213436141e-5,0.004182570468746827,0.004979132750598125,0.5022689941630447,0.5711588722639431,6,2
11,0.13849046385824723,0.1399709971483963,2.0638560611117915,23.74218146525526,10.60705177895283,1.985030644624604,5.7697845085753214e-5,0.011995139363636362,0.006194551134168019,1.51086457940087,0.9867108086669816,-2.909269379238365,-1.1523798714006714,-3.5104154884288965,1.089298768737161,-0.7563352958184046,-0.02105363997354715,0.02,0.9971089170571923,1.3305845054764257e-4,0.00042121160519822183,0.0023283875164696257,8.425370592275629e-6,0.0027940753066478382,0.0023851827810883208,0.5022689941630447,0.6126623783279415,6,2
12,0.13849046385824723,0.1399709971483963,2.0638560611117915,23.74218146525526,10.60705177895283,1.985030644624604,5.7697845085753214e-5,0.011995139363636362,0.006194551134168019,1.51086457940087,0.9867108086669816,-2.909269379238365,-1.1523798714006714,-3.5104154884288965,1.089298768737161,-0.7563352958184046,-0.02105363997354715,0.02,0.989848570695449,4.713912146930493e-4,0.0019053044284531634,0.007741142339584723,3.359132182010763e-5,0.00565726642791358,0.006360080599175876,0.5022689941630447,0.3744901446239908,6,2
13,0.13849046385824723,0.1399709971483963,2.0638560611117915,23.74218146525526,10.60705177895283,1.985030644624604,5.7697845085753214e-5,0.011995139363636362,0.006194551134168019,1.51086457940087,0.9867108086669816,-2.909269379238365,-1.1523798714006714,-3.5104154884288965,1.089298768737161,-0.7563352958184046,-0.02105363997354715,0.02,0.9983086661588072,7.112647286366002e-5,2.7718377455758405e-4,0.0013414155613805483,1.6080323910087378e-6,0.0011910638075559668,0.0012873115448719804,0.5022689941630447,0.3255536079550603,6,2
1,0.13849046385824723,0.1399709971483963,2.0638560611117915,23.74218146525526,10.60705177895283,1.985030644624604,5.7697845085753214e-5,0.01199513936363636,0.00619455113416802,1.51086457940087,0.9867108086669816,-2.909269379238365,-1.1523798714006714,-3.5104154884288965,1.089298768737161,-0.7563352958184046,-0.02105363997354715,0.02,0.30182041888512834,6.207955855627253e-4,0.0049228083585139,0.6058352229018801,0.08680075426891494,0.04985305754926784,0.7153054644371083,0.5022689941630447,1,5,2
2,0.13849046385824723,0.1399709971483963,2.0638560611117915,23.74218146525526,10.60705177895283,1.985030644624604,5.7697845085753214e-5,0.011995139363636362,0.006194551134168019,1.51086457940087,0.9867108086669816,-2.909269379238365,-1.1523798714006714,-3.5104154884288965,1.089298768737161,-0.7563352958184046,-0.02105363997354715,0.02,0.9714479693418681,0.0010497988273543096,0.004251479948516785,0.022843103851209495,4.0764803105126414e-4,0.017521984665034393,0.017524747264524274,0.5022689941630447,0.9019279434415101,5,2
3,0.13849046385824723,0.1399709971483963,2.0638560611117915,23.74218146525526,10.60705177895283,1.985030644624604,5.7697845085753214e-5,0.011995139363636362,0.006194551134168019,1.51086457940087,0.9867108086669816,-2.909269379238365,-1.1523798714006714,-3.5104154884288965,1.089298768737161,-0.7563352958184046,-0.02105363997354715,0.02,0.9580359015609091,0.0013668947178279705,0.00692198770030687,0.033120456834866675,5.547591860895376e-4,0.020492972652133713,0.02164266183368287,0.5022689941630447,0.8960855033484624,5,2
4,0.13849046385824723,0.1399709971483963,2.0638560611117915,23.74218146525526,10.60705177895283,1.985030644624604,5.7697845085753214e-5,0.011995139363636362,0.006194551134168019,1.51086457940087,0.9867108086669816,-2.909269379238365,-1.1523798714006714,-3.5104154884288965,1.089298768737161,-0.7563352958184046,-0.02105363997354715,0.02,0.9664957937970365,7.931923535401872e-4,0.004374988490329365,0.0278468531790398,4.89172180054228e-4,0.014349697637326544,0.019173123842687947,0.5022689941630447,0.8440228201771298,5,2
5,0.13849046385824723,0.1399709971483963,2.0638560611117915,23.74218146525526,10.60705177895283,1.985030644624604,5.7697845085753214e-5,0.011995139363636362,0.006194551134168019,1.51086457940087,0.9867108086669816,-2.909269379238365,-1.1523798714006714,-3.5104154884288965,1.089298768737161,-0.7563352958184046,-0.02105363997354715,0.02,0.9866701707392043,2.5085418496029405e-4,0.0013542574569075868,0.011584410211122362,1.403074078055895e-4,0.00702410093522526,0.011564207173918255,0.5022689941630447,0.7520074727523136,5,2
6,0.13849046385824723,0.1399709971483963,2.0638560611117915,23.74218146525526,10.60705177895283,1.985030644624604,5.7697845085753214e-5,0.011995139363636362,0.006194551134168019,1.51086457940087,0.9867108086669816,-2.909269379238365,-1.1523798714006714,-3.5104154884288965,1.089298768737161,-0.7563352958184046,-0.02105363997354715,0.02,0.9928239406602297,4.7136030967698185e-4,0.001333625304603307,0.005331678558675567,3.9395166814421446e-5,0.005973417601458674,0.006875026176839022,0.5022689941630447,0.6722344639792875,5,2
7,0.13849046385824723,0.1399709971483963,2.0638560611117915,23.74218146525526,10.60705177895283,1.985030644624604,5.7697845085753214e-5,0.011995139363636362,0.006194551134168019,1.51086457940087,0.9867108086669816,-2.909269379238365,-1.1523798714006714,-3.5104154884288965,1.089298768737161,-0.7563352958184046,-0.02105363997354715,0.02,0.9869265898801987,5.839528257620344e-4,0.0022817835257135047,0.01014504424215986,6.262952616596724e-5,0.008036734183207755,0.007600895375257555,0.5022689941630447,0.8093679681201467,5,2
8,0.13849046385824723,0.1399709971483963,2.0638560611117915,23.74218146525526,10.60705177895283,1.985030644624604,5.7697845085753214e-5,0.011995139363636362,0.006194551134168019,1.51086457940087,0.9867108086669816,-2.909269379238365,-1.1523798714006714,-3.5104154884288965,1.089298768737161,-0.7563352958184046,-0.02105363997354715,0.02,0.980942016585699,5.385705089935356e-4,0.0032455304104724017,0.015150672165364644,1.2321032947053604e-4,0.009215986559679881,0.016354698595118476,0.5022689941630447,0.7808175802045323,5,2
9,0.13849046385824723,0.1399709971483963,2.0638560611117915,23.74218146525526,10.60705177895283,1.985030644624604,5.7697845085753214e-5,0.011995139363636362,0.006194551134168019,1.51086457940087,0.9867108086669816,-2.909269379238365,-1.1523798714006714,-3.5104154884288965,1.089298768737161,-0.7563352958184046,-0.02105363997354715,0.02,0.9860893796919364,3.778396614368592e-4,0.0017570687764197602,0.011679512389531388,9.619948067554335e-5,0.007744308925949264,0.00618231128915469,0.5022689941630447,0.6247829072896611,5,2
10,0.13849046385824723,0.1399709971483963,2.0638560611117915,23.74218146525526,10.60705177895283,1.985030644624604,5.7697845085753214e-5,0.011995139363636362,0.006194551134168019,1.51086457940087,0.9867108086669816,-2.909269379238365,-1.1523798714006714,-3.5104154884288965,1.089298768737161,-0.7563352958184046,-0.02105363997354715,0.02,0.9925962358985957,2.0906155832687561e-4,7.319703921498978e-4,0.006426463355516909,3.6268795410701875e-5,0.003829042859541442,0.004413036456084125,0.5022689941630447,0.568869542680411,5,2
11,0.13849046385824723,0.1399709971483963,2.0638560611117915,23.74218146525526,10.60705177895283,1.985030644624604,5.7697845085753214e-5,0.011995139363636362,0.006194551134168019,1.51086457940087,0.9867108086669816,-2.909269379238365,-1.1523798714006714,-3.5104154884288965,1.089298768737161,-0.7563352958184046,-0.02105363997354715,0.02,0.997280020600344,1.3538740499628192e-4,4.216132621224215e-4,0.0021555253639300213,7.453368607217615e-6,0.0032463052966538544,0.0030722794576172052,0.5022689941630447,0.62783046909044,5,2
12,0.13849046385824723,0.1399709971483963,2.0638560611117915,23.74218146525526,10.60705177895283,1.985030644624604,5.7697845085753214e-5,0.011995139363636362,0.006194551134168019,1.51086457940087,0.9867108086669816,-2.909269379238365,-1.1523798714006714,-3.5104154884288965,1.089298768737161,-0.7563352958184046,-0.02105363997354715,0.02,0.9895658967260201,4.7611401660225817e-4,0.001936647817279555,0.007986087774482117,3.525366561595342e-5,0.006508314160340827,0.00682873303504727,0.5022689941630447,0.38809749918820496,5,2
13,0.13849046385824723,0.1399709971483963,2.0638560611117915,23.74218146525526,10.60705177895283,1.985030644624604,5.7697845085753214e-5,0.011995139363636362,0.006194551134168019,1.51086457940087,0.9867108086669816,-2.909269379238365,-1.1523798714006714,-3.5104154884288965,1.089298768737161,-0.7563352958184046,-0.02105363997354715,0.02,0.9983139488270967,6.989859012328607e-5,2.8540091930700373e-4,0.0013291972033031112,1.5544601699403831e-6,0.0014853373770683594,0.0012988699895694353,0.5022689941630447,0.3296622358955796,5,2
1,0.13849046385824723,0.1399709971483963,2.0638560611117915,23.74218146525526,10.60705177895283,1.985030644624604,5.7697845085753214e-5,0.01199513936363636,0.00619455113416802,1.51086457940087,0.9867108086669816,-2.909269379238365,-1.1523798714006714,-3.5104154884288965,1.089298768737161,-0.7563352958184046,-0.02105363997354715,0.02,0.30182041888512834,6.207955855627253e-4,0.0049228083585139,0.6058352229018801,0.08680075426891494,0.04985305754926784,0.7153054644371083,0.5022689941630447,1,4,2
2,0.13849046385824723,0.1399709971483963,2.0638560611117915,23.74218146525526,10.60705177895283,1.985030644624604,5.7697845085753214e-5,0.011995139363636362,0.006194551134168019,1.51086457940087,0.9867108086669816,-2.909269379238365,-1.1523798714006714,-3.5104154884288965,1.089298768737161,-0.7563352958184046,-0.02105363997354715,0.02,0.97252634393819,9.96920112922174e-4,0.0042291420843459365,0.02192833234899028,3.1926151555162807e-4,0.018089972476576944,0.016900408674529972,0.5022689941630447,0.9283737034158782,4,2
3,0.13849046385824723,0.1399709971483963,2.0638560611117915,23.74218146525526,10.60705177895283,1.985030644624604,5.7697845085753214e-5,0.011995139363636362,0.006194551134168019,1.51086457940087,0.9867108086669816,-2.909269379238365,-1.1523798714006714,-3.5104154884288965,1.089298768737161,-0.7563352958184046,-0.02105363997354715,0.02,0.958755453290443,0.0013640294880285107,0.006847078413553361,0.032502062693569755,5.313761144052719e-4,0.019816928010840205,0.021198558345366162,0.5022689941630447,0.8479448267391272,4,2
4,0.13849046385824723,0.1399709971483963,2.0638560611117915,23.74218146525526,10.60705177895283,1.985030644624604,5.7697845085753214e-5,0.011995139363636362,0.006194551134168019,1.51086457940087,0.9867108086669816,-2.909269379238365,-1.1523798714006714,-3.5104154884288965,1.089298768737161,-0.7563352958184046,-0.02105363997354715,0.02,0.9660144223637902,8.230266984289096e-4,0.00441190632631041,0.02824743088203552,5.032137294349854e-4,0.016388685935138366,0.01638495486085231,0.5022689941630447,0.8569015260418916,4,2
5,0.13849046385824723,0.1399709971483963,2.0638560611117915,23.74218146525526,10.60705177895283,1.985030644624604,5.7697845085753214e-5,0.011995139363636362,0.006194551134168019,1.51086457940087,0.9867108086669816,-2.909269379238365,-1.1523798714006714,-3.5104154884288965,1.089298768737161,-0.7563352958184046,-0.02105363997354715,0.02,0.9873016099331697,2.563344711503327e-4,0.001259226295461823,0.011046941588665165,1.3588771155300817e-4,0.006556101597101786,0.010913088953515924,0.5022689941630447,0.9232717097943381,4,2
6,0.13849046385824723,0.1399709971483963,2.0638560611117915,23.74218146525526,10.60705177895283,1.985030644624604,5.7697845085753214e-5,0.011995139363636362,0.006194551134168019,1.51086457940087,0.9867108086669816,-2.909269379238365,-1.1523798714006714,-3.5104154884288965,1.089298768737161,-0.7563352958184046,-0.02105363997354715,0.02,0.9926820329319103,5.088032588325828e-4,0.0013684850059124069,0.005398879567136473,4.1799236208368184e-5,0.008155957416406543,0.009118540760644745,0.5022689941630447,0.924715930417504,4,2
7,0.13849046385824723,0.1399709971483963,2.0638560611117915,23.74218146525526,10.60705177895283,1.985030644624604,5.7697845085753214e-5,0.011995139363636362,0.006194551134168019,1.51086457940087,0.9867108086669816,-2.909269379238365,-1.1523798714006714,-3.5104154884288965,1.089298768737161,-0.7563352958184046,-0.02105363997354715,0.02,0.9865150424240432,6.870086724391284e-4,0.0023744899951779835,0.010358806339974335,6.465256836542345e-5,0.010895037833045547,0.010111666713607668,0.5022689941630447,0.7321171001707621,4,2
8,0.13849046385824723,0.1399709971483963,2.0638560611117915,23.74218146525526,10.60705177895283,1.985030644624604,5.7697845085753214e-5,0.011995139363636362,0.006194551134168019,1.51086457940087,0.9867108086669816,-2.909269379238365,-1.1523798714006714,-3.5104154884288965,1.089298768737161,-0.7563352958184046,-0.02105363997354715,0.02,0.9811953413327072,5.5555551692494e-4,0.0031920669184093754,0.014936488810332205,1.2054742162630064e-4,0.011262358790680299,0.012396563643971344,0.5022689941630447,0.648252682339469,4,2
9,0.13849046385824723,0.1399709971483963,2.0638560611117915,23.74218146525526,10.60705177895283,1.985030644624604,5.7697845085753214e-5,0.011995139363636362,0.006194551134168019,1.51086457940087,0.9867108086669816,-2.909269379238365,-1.1523798714006714,-3.5104154884288965,1.089298768737161,-0.7563352958184046,-0.02105363997354715,0.02,0.9864519547851411,3.396321322683925e-4,0.0017060329571823873,0.011413200617652127,8.917950775594015e-5,0.00687544021370712,0.006595720394129621,0.5022689941630447,0.6068090191527638,4,2
10,0.13849046385824723,0.1399709971483963,2.0638560611117915,23.74218146525526,10.60705177895283,1.985030644624604,5.7697845085753214e-5,0.011995139363636362,0.006194551134168019,1.51086457940087,0.9867108086669816,-2.909269379238365,-1.1523798714006714,-3.5104154884288965,1.089298768737161,-0.7563352958184046,-0.02105363997354715,0.02,0.9925448171978245,2.044546345586984e-4,7.351353837753795e-4,0.00647823694977098,3.7355834070443135e-5,0.003663683003053602,0.0042714934189486235,0.5022689941630447,0.5813504644176716,4,2
11,0.13849046385824723,0.1399709971483963,2.0638560611117915,23.74218146525526,10.60705177895283,1.985030644624604,5.7697845085753214e-5,0.011995139363636362,0.006194551134168019,1.51086457940087,0.9867108086669816,-2.909269379238365,-1.1523798714006714,-3.5104154884288965,1.089298768737161,-0.7563352958184046,-0.02105363997354715,0.02,0.9970963073775131,1.4040051795565484e-4,4.1996604906896403e-4,0.002334823670634459,8.502384828006347e-6,0.0029891374346773026,0.0028185498220690674,0.5022689941630447,0.5959486310325518,4,2
12,0.13849046385824723,0.1399709971483963,2.0638560611117915,23.74218146525526,10.60705177895283,1.985030644624604,5.7697845085753214e-5,0.011995139363636362,0.006194551134168019,1.51086457940087,0.9867108086669816,-2.909269379238365,-1.1523798714006714,-3.5104154884288965,1.089298768737161,-0.7563352958184046,-0.02105363997354715,0.02,0.9904937127266853,4.447067723181509e-4,0.0017720638778652353,0.007259555534977863,2.9961088153532986e-5,0.006226227801762191,0.006149118916463308,0.5022689941630447,0.36895176411521147,4,2
13,0.13849046385824723,0.1399709971483963,2.0638560611117915,23.74218146525526,10.60705177895283,1.985030644624604,5.7697845085753214e-5,0.011995139363636362,0.006194551134168019,1.51086457940087,0.9867108086669816,-2.909269379238365,-1.1523798714006714,-3.5104154884288965,1.089298768737161,-0.7563352958184046,-0.02105363997354715,0.02,0.9983233305907036,7.212078651187275e-5,2.7948369707153913e-4,0.0013235709312308188,1.4939944822686453e-6,0.002509664397879818,0.0018868048995341195,0.5022689941630447,0.23483068733755136,4,2
1,0.13849046385824723,0.1399709971483963,2.0638560611117915,23.74218146525526,10.60705177895283,1.985030644624604,5.7697845085753214e-5,0.01199513936363636,0.00619455113416802,1.51086457940087,0.9867108086669816,-2.909269379238365,-1.1523798714006714,-3.5104154884288965,1.089298768737161,-0.7563352958184046,-0.02105363997354715,0.02,0.30182041888512834,6.207955855627253e-4,0.0049228083585139,0.6058352229018801,0.08680075426891494,0.04985305754926784,0.7153054644371083,0.5022689941630447,1,3,2
2,0.13849046385824723,0.1399709971483963,2.0638560611117915,23.74218146525526,10.60705177895283,1.985030644624604,5.7697845085753214e-5,0.011995139363636362,0.006194551134168019,1.51086457940087,0.9867108086669816,-2.909269379238365,-1.1523798714006714,-3.5104154884288965,1.089298768737161,-0.7563352958184046,-0.02105363997354715,0.02,0.9815710091602713,5.263086956549425e-4,0.002301043125009336,0.015424356001863353,1.7728301720105937e-4,0.010921897713944837,0.01304792652888682,0.5022689941630447,0.9204041680795156,3,2
3,0.13849046385824723,0.1399709971483963,2.0638560611117915,23.74218146525526,10.60705177895283,1.985030644624604,5.7697845085753214e-5,0.011995139363636362,0.006194551134168019,1.51086457940087,0.9867108086669816,-2.909269379238365,-1.1523798714006714,-3.5104154884288965,1.089298768737161,-0.7563352958184046,-0.02105363997354715,0.02,0.9581944710705701,0.0013744571238665294,0.006900641114434446,0.0329797513960345,5.506792950944835e-4,0.019695479957218587,0.0237752417699309,0.5022689941630447,0.9054835508457101,3,2
4,0.13849046385824723,0.1399709971483963,2.0638560611117915,23.74218146525526,10.60705177895283,1.985030644624604,5.7697845085753214e-5,0.011995139363636362,0.006194551134168019,1.51086457940087,0.9867108086669816,-2.909269379238365,-1.1523798714006714,-3.5104154884288965,1.089298768737161,-0.7563352958184046,-0.02105363997354715,0.02,0.9664334301958052,8.288762255702685e-4,0.004399523729527965,0.027845288301994595,4.928815471019652e-4,0.014703387388632883,0.013309456508125135,0.5022689941630447,0.7507930217920633,3,2
5,0.13849046385824723,0.1399709971483963,2.0638560611117915,23.74218146525526,10.60705177895283,1.985030644624604,5.7697845085753214e-5,0.011995139363636362,0.006194551134168019,1.51086457940087,0.9867108086669816,-2.909269379238365,-1.1523798714006714,-3.5104154884288965,1.089298768737161,-0.7563352958184046,-0.02105363997354715,0.02,0.9864704923717985,2.4328759454595608e-4,0.001348344353754353,0.011786087750820332,1.5178792908082967e-4,0.0074273484433325584,0.012236317430015228,0.5022689941630447,0.6342502388112143,3,2
6,0.13849046385824723,0.1399709971483963,2.0638560611117915,23.74218146525526,10.60705177895283,1.985030644624604,5.7697845085753214e-5,0.011995139363636362,0.006194551134168019,1.51086457940087,0.9867108086669816,-2.909269379238365,-1.1523798714006714,-3.5104154884288965,1.089298768737161,-0.7563352958184046,-0.02105363997354715,0.02,0.9930359118611113,4.1932103688813285e-4,0.001304600547293395,0.005206112603865366,3.405395084184859e-5,0.0064963973065344125,0.0067899941481233935,0.5022689941630447,0.7362174367384052,3,2
7,0.13849046385824723,0.1399709971483963,2.0638560611117915,23.74218146525526,10.60705177895283,1.985030644624604,5.7697845085753214e-5,0.011995139363636362,0.006194551134168019,1.51086457940087,0.9867108086669816,-2.909269379238365,-1.1523798714006714,-3.5104154884288965,1.089298768737161,-0.7563352958184046,-0.02105363997354715,0.02,0.9870337624294744,6.09311310725801e-4,0.002311079483451501,0.009987808771669807,5.8038004678472584e-5,0.008320828386996746,0.008682787968704891,0.5022689941630447,0.6981363002046979,3,2
8,0.13849046385824723,0.1399709971483963,2.0638560611117915,23.74218146525526,10.60705177895283,1.985030644624604,5.7697845085753214e-5,0.011995139363636362,0.006194551134168019,1.51086457940087,0.9867108086669816,-2.909269379238365,-1.1523798714006714,-3.5104154884288965,1.089298768737161,-0.7563352958184046,-0.02105363997354715,0.02,0.9812167275141952,5.466374970251044e-4,0.003163791628087549,0.014949970288744046,1.2287307194816486e-4,0.011635506525207477,0.010766580416213988,0.5022689941630447,0.7565145837368865,3,2
9,0.13849046385824723,0.1399709971483963,2.0638560611117915,23.74218146525526,10.60705177895283,1.985030644624604,5.7697845085753214e-5,0.011995139363636362,0.006194551134168019,1.51086457940087,0.9867108086669816,-2.909269379238365,-1.1523798714006714,-3.5104154884288965,1.089298768737161,-0.7563352958184046,-0.02105363997354715,0.02,0.9862436308219744,3.536475098875443e-4,0.0017312853511011206,0.01157821170766179,9.322460937513004e-5,0.006355477494377372,0.007350269070213117,0.5022689941630447,0.635861320928516,3,2
10,0.13849046385824723,0.1399709971483963,2.0638560611117915,23.74218146525526,10.60705177895283,1.985030644624604,5.7697845085753214e-5,0.011995139363636362,0.006194551134168019,1.51086457940087,0.9867108086669816,-2.909269379238365,-1.1523798714006714,-3.5104154884288965,1.089298768737161,-0.7563352958184046,-0.02105363997354715,0.02,0.9927055779424747,2.0744364022402736e-4,7.32968760519333e-4,0.006318893933415748,3.511572336615694e-5,0.004563924757307404,0.004927300483429469,0.5022689941630447,0.5717548005417268,3,2
11,0.13849046385824723,0.1399709971483963,2.0638560611117915,23.74218146525526,10.60705177895283,1.985030644624604,5.7697845085753214e-5,0.011995139363636362,0.006194551134168019,1.51086457940087,0.9867108086669816,-2.909269379238365,-1.1523798714006714,-3.5104154884288965,1.089298768737161,-0.7563352958184046,-0.02105363997354715,0.02,0.9970574929456107,1.3779933082872905e-4,4.290274904338897e-4,0.002367845603413613,7.834629713077482e-6,0.0023004374150337337,0.003708239670934832,0.5022689941630447,0.5567144909425181,3,2
12,0.13849046385824723,0.1399709971483963,2.0638560611117915,23.74218146525526,10.60705177895283,1.985030644624604,5.7697845085753214e-5,0.011995139363636362,0.006194551134168019,1.51086457940087,0.9867108086669816,-2.909269379238365,-1.1523798714006714,-3.5104154884288965,1.089298768737161,-0.7563352958184046,-0.02105363997354715,0.02,0.9916551670201738,3.7798626400951116e-4,0.0015338360391547545,0.006410063665229322,2.2947011432578936e-5,0.004800632793546873,0.0056947453222412885,0.5022689941630447,0.23488215735566365,3,2
13,0.13849046385824723,0.1399709971483963,2.0638560611117915,23.74218146525526,10.60705177895283,1.985030644624604,5.7697845085753214e-5,0.011995139363636362,0.006194551134168019,1.51086457940087,0.9867108086669816,-2.909269379238365,-1.1523798714006714,-3.5104154884288965,1.089298768737161,-0.7563352958184046,-0.02105363997354715,0.02,0.9985460209925069,5.4464976626819e-5,2.512064870446763e-4,0.001147305639258327,1.0019045632493725e-6,7.69019674877767e-4,0.0011589698097419423,0.5022689941630447,0.21343814590226098,3,2
1,0.13849046385824723,0.1399709971483963,2.0638560611117915,23.74218146525526,10.60705177895283,1.985030644624604,5.7697845085753214e-5,0.01199513936363636,0.00619455113416802,1.51086457940087,0.9867108086669816,-2.909269379238365,-1.1523798714006714,-3.5104154884288965,1.089298768737161,-0.7563352958184046,-0.02105363997354715,0.02,0.30182041888512834,6.207955855627253e-4,0.0049228083585139,0.6058352229018801,0.08680075426891494,0.04985305754926784,0.7153054644371083,0.5022689941630447,1,2,2
2,0.13849046385824723,0.1399709971483963,2.0638560611117915,23.74218146525526,10.60705177895283,1.985030644624604,5.7697845085753214e-5,0.011995139363636362,0.006194551134168019,1.51086457940087,0.9867108086669816,-2.909269379238365,-1.1523798714006714,-3.5104154884288965,1.089298768737161,-0.7563352958184046,-0.02105363997354715,0.02,0.986375449829956,7.649209085509892e-4,0.0026941809924487096,0.010071616068475541,9.383220056887034e-5,0.013452578244696894,0.013548512121695033,0.5022689941630447,0.9383776230265276,2,2
3,0.13849046385824723,0.1399709971483963,2.0638560611117915,23.74218146525526,10.60705177895283,1.985030644624604,5.7697845085753214e-5,0.011995139363636362,0.006194551134168019,1.51086457940087,0.9867108086669816,-2.909269379238365,-1.1523798714006714,-3.5104154884288965,1.089298768737161,-0.7563352958184046,-0.02105363997354715,0.02,0.9579018488759147,0.0013696160718679276,0.006885322966362044,0.03328636127002913,5.568508158262578e-4,0.020799636570544833,0.02009831947872204,0.5022689941630447,0.888740705726421,2,2
4,0.13849046385824723,0.1399709971483963,2.0638560611117915,23.74218146525526,10.60705177895283,1.985030644624604,5.7697845085753214e-5,0.011995139363636362,0.006194551134168019,1.51086457940087,0.9867108086669816,-2.909269379238365,-1.1523798714006714,-3.5104154884288965,1.089298768737161,-0.7563352958184046,-0.02105363997354715,0.02,0.9658717447416152,8.159071550823734e-4,0.004392836371214203,0.028390768453509574,5.287432785786885e-4,0.013794628770679117,0.014436227681576081,0.5022689941630447,0.763072394868704,2,2
5,0.13849046385824723,0.1399709971483963,2.0638560611117915,23.74218146525526,10.60705177895283,1.985030644624604,5.7697845085753214e-5,0.011995139363636362,0.006194551134168019,1.51086457940087,0.9867108086669816,-2.909269379238365,-1.1523798714006714,-3.5104154884288965,1.089298768737161,-0.7563352958184046,-0.02105363997354715,0.02,0.9867684218126648,2.989489642172392e-4,0.0013122644660266184,0.011481206591341801,1.3915816574955556e-4,0.0026629662970961343,0.00320502998858535,0.5022689941630447,0.6870735736135473,2,2
6,0.13849046385824723,0.1399709971483963,2.0638560611117915,23.74218146525526,10.60705177895283,1.985030644624604,5.7697845085753214e-5,0.011995139363636362,0.006194551134168019,1.51086457940087,0.9867108086669816,-2.909269379238365,-1.1523798714006714,-3.5104154884288965,1.089298768737161,-0.7563352958184046,-0.02105363997354715,0.02,0.9932189417569163,4.4870453927033213e-4,0.0013268014740518198,0.004978799918736208,2.6752311025323634e-5,0.005876557660273839,0.006770563012787709,0.5022689941630447,0.7257572631203569,2,2
7,0.13849046385824723,0.1399709971483963,2.0638560611117915,23.74218146525526,10.60705177895283,1.985030644624604,5.7697845085753214e-5,0.011995139363636362,0.006194551134168019,1.51086457940087,0.9867108086669816,-2.909269379238365,-1.1523798714006714,-3.5104154884288965,1.089298768737161,-0.7563352958184046,-0.02105363997354715,0.02,0.9869131808972593,5.96127117100258e-4,0.002307537994437902,0.010125827518788997,5.732647241348316e-5,0.009783200279360449,0.008658496837992673,0.5022689941630447,0.7956509907839342,2,2
8,0.13849046385824723,0.1399709971483963,2.0638560611117915,23.74218146525526,10.60705177895283,1.985030644624604,5.7697845085753214e-5,0.011995139363636362,0.006194551134168019,1.51086457940087,0.9867108086669816,-2.909269379238365,-1.1523798714006714,-3.5104154884288965,1.089298768737161,-0.7563352958184046,-0.02105363997354715,0.02,0.9808425138130475,5.526429847353946e-4,0.003177663839900013,0.015298038629564819,1.2914073275230772e-4,0.013174029853906833,0.010186597264987468,0.5022689941630447,0.6389782540175479,2,2
9,0.13849046385824723,0.1399709971483963,2.0638560611117915,23.74218146525526,10.60705177895283,1.985030644624604,5.7697845085753214e-5,0.011995139363636362,0.006194551134168019,1.51086457940087,0.9867108086669816,-2.909269379238365,-1.1523798714006714,-3.5104154884288965,1.089298768737161,-0.7563352958184046,-0.02105363997354715,0.02,0.9861097563274068,3.405217550874499e-4,0.0017205901395994658,0.011730750815030257,9.838096287598636e-5,0.007732648663454796,0.007205217376464791,0.5022689941630447,0.6197136317182745,2,2
10,0.13849046385824723,0.1399709971483963,2.0638560611117915,23.74218146525526,10.60705177895283,1.985030644624604,5.7697845085753214e-5,0.011995139363636362,0.006194551134168019,1.51086457940087,0.9867108086669816,-2.909269379238365,-1.1523798714006714,-3.5104154884288965,1.089298768737161,-0.7563352958184046,-0.02105363997354715,0.02,0.9926375441466158,2.0532620012804977e-4,7.331300374175017e-4,0.006389518889407731,3.448072643096711e-5,0.004328097436464837,0.0053816445826870615,0.5022689941630447,0.6720407570160482,2,2
11,0.13849046385824723,0.1399709971483963,2.0638560611117915,23.74218146525526,10.60705177895283,1.985030644624604,5.7697845085753214e-5,0.011995139363636362,0.006194551134168019,1.51086457940087,0.9867108086669816,-2.909269379238365,-1.1523798714006714,-3.5104154884288965,1.089298768737161,-0.7563352958184046,-0.02105363997354715,0.02,0.997228993551384,1.4341593124426408e-4,4.252734818924203e-4,0.002196071925312283,6.245110167130737e-6,0.003362389601386734,0.0032338079916609534,0.5022689941630447,0.41201955743168944,2,2
12,0.13849046385824723,0.1399709971483963,2.0638560611117915,23.74218146525526,10.60705177895283,1.985030644624604,5.7697845085753214e-5,0.011995139363636362,0.006194551134168019,1.51086457940087,0.9867108086669816,-2.909269379238365,-1.1523798714006714,-3.5104154884288965,1.089298768737161,-0.7563352958184046,-0.02105363997354715,0.02,0.9950694680708282,2.125282772302604e-4,8.766608050063549e-4,0.003832762611239706,8.580235695540119e-6,0.002905551122711514,0.0033364808477069127,0.5022689941630447,0.19284405187666148,2,2
13,0.13849046385824723,0.1399709971483963,2.0638560611117915,23.74218146525526,10.60705177895283,1.985030644624604,5.7697845085753214e-5,0.011995139363636362,0.006194551134168019,1.51086457940087,0.9867108086669816,-2.909269379238365,-1.1523798714006714,-3.5104154884288965,1.089298768737161,-0.7563352958184046,-0.02105363997354715,0.02,0.9985839216690824,4.750733560902028e-5,2.423668952667515e-4,0.0011251707299888133,1.0333700530416372e-6,7.747959544139934e-4,7.635714432099924e-4,0.5022689941630447,0.2257292423521036,2,2
1,0.13849046385824723,0.1399709971483963,2.0638560611117915,23.74218146525526,10.60705177895283,1.985030644624604,5.7697845085753214e-5,0.01199513936363636,0.00619455113416802,1.51086457940087,0.9867108086669816,-2.909269379238365,-1.1523798714006714,-3.5104154884288965,1.089298768737161,-0.7563352958184046,-0.02105363997354715,0.02,0.30182041888512834,6.207955855627253e-4,0.0049228083585139,0.6058352229018801,0.08680075426891494,0.04985305754926784,0.7153054644371083,0.5022689941630447,1,14,3
2,0.13849046385824723,0.1399709971483963,2.0638560611117915,23.74218146525526,10.60705177895283,1.985030644624604,5.7697845085753214e-5,0.011995139363636362,0.006194551134168019,1.51086457940087,0.9867108086669816,-2.909269379238365,-1.1523798714006714,-3.5104154884288965,1.089298768737161,-0.7563352958184046,-0.02105363997354715,0.02,0.8338303928181189,0.0031879108273244025,0.013589963361976902,0.12838152276597278,0.02101021022660699,0.04069560160695171,0.04836376117983594,0.5022689941630447,0.9568260958291337,14,3
3,0.13849046385824723,0.1399709971483963,2.0638560611117915,23.74218146525526,10.60705177895283,1.985030644624604,5.7697845085753214e-5,0.011995139363636362,0.006194551134168019,1.51086457940087,0.9867108086669816,-2.909269379238365,-1.1523798714006714,-3.5104154884288965,1.089298768737161,-0.7563352958184046,-0.02105363997354715,0.02,0.9580850058024786,0.0013968268307268518,0.006880451128957465,0.0330858707367049,5.518455011323159e-4,0.01892968311729236,0.02030540232014452,0.5022689941630447,0.9909314758347554,14,3
4,0.13849046385824723,0.1399709971483963,2.0638560611117915,23.74218146525526,10.60705177895283,1.985030644624604,5.7697845085753214e-5,0.011995139363636362,0.006194551134168019,1.51086457940087,0.9867108086669816,-2.909269379238365,-1.1523798714006714,-3.5104154884288965,1.089298768737161,-0.7563352958184046,-0.02105363997354715,0.02,0.9663727642581879,8.624276236406765e-4,0.004404541450040291,0.027873039249610185,4.8722741852100704e-4,0.01712305857519541,0.013333064857548727,0.5022689941630447,0.8324404798583485,14,3
5,0.13849046385824723,0.1399709971483963,2.0638560611117915,23.74218146525526,10.60705177895283,1.985030644624604,5.7697845085753214e-5,0.011995139363636362,0.006194551134168019,1.51086457940087,0.9867108086669816,-2.909269379238365,-1.1523798714006714,-3.5104154884288965,1.089298768737161,-0.7563352958184046,-0.02105363997354715,0.02,0.9863032334597482,2.7385957929925504e-4,0.0013442228351690077,0.011925810235294248,1.528738904892577e-4,0.011081164353851926,0.00798386340596963,0.5022689941630447,0.8798903702911096,14,3
6,0.13849046385824723,0.1399709971483963,2.0638560611117915,23.74218146525526,10.60705177895283,1.985030644624604,5.7697845085753214e-5,0.011995139363636362,0.006194551134168019,1.51086457940087,0.9867108086669816,-2.909269379238365,-1.1523798714006714,-3.5104154884288965,1.089298768737161,-0.7563352958184046,-0.02105363997354715,0.02,0.992814382325888,4.959831188504256e-4,0.001372256284516652,0.005278824546545298,3.8553724199579064e-5,0.008384058321321932,0.007407824273839607,0.5022689941630447,0.8499183114780081,14,3
7,0.13849046385824723,0.1399709971483963,2.0638560611117915,23.74218146525526,10.60705177895283,1.985030644624604,5.7697845085753214e-5,0.011995139363636362,0.006194551134168019,1.51086457940087,0.9867108086669816,-2.909269379238365,-1.1523798714006714,-3.5104154884288965,1.089298768737161,-0.7563352958184046,-0.02105363997354715,0.02,0.9867071853780913,6.600908725267915e-4,0.002344411507698675,0.010224047276500173,6.426496518300995e-5,0.012189238425331737,0.011762419109788893,0.5022689941630447,0.8826571145401307,14,3
8,0.13849046385824723,0.1399709971483963,2.0638560611117915,23.74218146525526,10.60705177895283,1.985030644624604,5.7697845085753214e-5,0.011995139363636362,0.006194551134168019,1.51086457940087,0.9867108086669816,-2.909269379238365,-1.1523798714006714,-3.5104154884288965,1.089298768737161,-0.7563352958184046,-0.02105363997354715,0.02,0.9805524912754588,5.49666732523835e-4,0.0033174050916098055,0.015453045445375069,1.273914550323279e-4,0.017655208775594778,0.016899629023171076,0.5022689941630447,0.8340230194216163,14,3
9,0.13849046385824723,0.1399709971483963,2.0638560611117915,23.74218146525526,10.60705177895283,1.985030644624604,5.7697845085753214e-5,0.011995139363636362,0.006194551134168019,1.51086457940087,0.9867108086669816,-2.909269379238365,-1.1523798714006714,-3.5104154884288965,1.089298768737161,-0.7563352958184046,-0.02105363997354715,0.02,0.9861507902179122,3.716160516299291e-4,0.0017487680265881956,0.011636191098443015,9.263460542666755e-5,0.009832142662038374,0.00880428194044049,0.5022689941630447,0.7010827804709134,14,3
10,0.13849046385824723,0.1399709971483963,2.0638560611117915,23.74218146525526,10.60705177895283,1.985030644624604,5.7697845085753214e-5,0.011995139363636362,0.006194551134168019,1.51086457940087,0.9867108086669816,-2.909269379238365,-1.1523798714006714,-3.5104154884288965,1.089298768737161,-0.7563352958184046,-0.02105363997354715,0.02,0.9924967949721553,2.1258267626766722e-4,7.433686104268759e-4,0.006509812153734068,3.744158741612219e-5,0.004639089391242955,0.004297314906855141,0.5022689941630447,0.6901377219236619,14,3
11,0.13849046385824723,0.1399709971483963,2.0638560611117915,23.74218146525526,10.60705177895283,1.985030644624604,5.7697845085753214e-5,0.011995139363636362,0.006194551134168019,1.51086457940087,0.9867108086669816,-2.909269379238365,-1.1523798714006714,-3.5104154884288965,1.089298768737161,-0.7563352958184046,-0.02105363997354715,0.02,0.9970419792378592,1.4847264532257836e-4,4.2979446059903265e-4,0.0023710089639124624,8.744692306678588e-6,0.0031371763371338493,0.003198747347991313,0.5022689941630447,0.6669858558685348,14,3
12,0.13849046385824723,0.1399709971483963,2.0638560611117915,23.74218146525526,10.60705177895283,1.985030644624604,5.7697845085753214e-5,0.011995139363636362,0.006194551134168019,1.51086457940087,0.9867108086669816,-2.909269379238365,-1.1523798714006714,-3.5104154884288965,1.089298768737161,-0.7563352958184046,-0.02105363997354715,0.02,0.9882039852482013,5.322456394901531e-4,0.0021910614383933874,0.00902848836814426,4.4219305770782715e-5,0.006550309886580618,0.008216880464020594,0.5022689941630447,0.6393799486814665,14,3
13,0.13849046385824723,0.1399709971483963,2.0638560611117915,23.74218146525526,10.60705177895283,1.985030644624604,5.7697845085753214e-5,0.011995139363636362,0.006194551134168019,1.51086457940087,0.9867108086669816,-2.909269379238365,-1.1523798714006714,-3.5104154884288965,1.089298768737161,-0.7563352958184046,-0.02105363997354715,0.02,0.9978350420480688,9.472452892987068e-5,3.0868997825498777e-4,0.0017579639825057666,3.5794622406357258e-6,0.0034122186746110067,0.005663198791336311,0.5022689941630447,0.5312647192321893,14,3
1,0.13849046385824723,0.1399709971483963,2.0638560611117915,23.74218146525526,10.60705177895283,1.985030644624604,5.7697845085753214e-5,0.01199513936363636,0.00619455113416802,1.51086457940087,0.9867108086669816,-2.909269379238365,-1.1523798714006714,-3.5104154884288965,1.089298768737161,-0.7563352958184046,-0.02105363997354715,0.02,0.30182041888512834,6.207955855627253e-4,0.0049228083585139,0.6058352229018801,0.08680075426891494,0.04985305754926784,0.7153054644371083,0.5022689941630447,1,13,3
2,0.13849046385824723,0.1399709971483963,2.0638560611117915,23.74218146525526,10.60705177895283,1.985030644624604,5.7697845085753214e-5,0.011995139363636362,0.006194551134168019,1.51086457940087,0.9867108086669816,-2.909269379238365,-1.1523798714006714,-3.5104154884288965,1.089298768737161,-0.7563352958184046,-0.02105363997354715,0.02,0.9366696605244336,0.0016894730369218691,0.006325619662640007,0.05089247632595822,0.004422770450046429,0.022790306549836582,0.02610336468317421,0.5022689941630447,0.9584498499371753,13,3
3,0.13849046385824723,0.1399709971483963,2.0638560611117915,23.74218146525526,10.60705177895283,1.985030644624604,5.7697845085753214e-5,0.011995139363636362,0.006194551134168019,1.51086457940087,0.9867108086669816,-2.909269379238365,-1.1523798714006714,-3.5104154884288965,1.089298768737161,-0.7563352958184046,-0.02105363997354715,0.02,0.9581148993705821,0.001423261022717135,0.00694250614032174,0.03296558784744805,5.537456189308777e-4,0.021409293948876664,0.023554881946603674,0.5022689941630447,0.9212713499784154,13,3
4,0.13849046385824723,0.1399709971483963,2.0638560611117915,23.74218146525526,10.60705177895283,1.985030644624604,5.7697845085753214e-5,0.011995139363636362,0.006194551134168019,1.51086457940087,0.9867108086669816,-2.909269379238365,-1.1523798714006714,-3.5104154884288965,1.089298768737161,-0.7563352958184046,-0.02105363997354715,0.02,0.9662097882905678,8.685708486556875e-4,0.0044253013270511826,0.028002230052230397,4.941094814949305e-4,0.017226057137179465,0.01762612693999936,0.5022689941630447,0.9173142296896571,13,3
5,0.13849046385824723,0.1399709971483963,2.0638560611117915,23.74218146525526,10.60705177895283,1.985030644624604,5.7697845085753214e-5,0.011995139363636362,0.006194551134168019,1.51086457940087,0.9867108086669816,-2.909269379238365,-1.1523798714006714,-3.5104154884288965,1.089298768737161,-0.7563352958184046,-0.02105363997354715,0.02,0.9862996197967997,2.5695677382006464e-4,0.001449128065410058,0.011848390920143243,1.4590444382699033e-4,0.00816375148300487,0.005839181688808587,0.5022689941630447,0.9074638544183485,13,3
6,0.13849046385824723,0.1399709971483963,2.0638560611117915,23.74218146525526,10.60705177895283,1.985030644624604,5.7697845085753214e-5,0.011995139363636362,0.006194551134168019,1.51086457940087,0.9867108086669816,-2.909269379238365,-1.1523798714006714,-3.5104154884288965,1.089298768737161,-0.7563352958184046,-0.02105363997354715,0.02,0.992836252193515,5.107665085894734e-4,0.0013638013542501112,0.005250508697240278,3.867124640508828e-5,0.008453870057640901,0.009423255488325507,0.5022689941630447,0.7966762285277301,13,3
7,0.13849046385824723,0.1399709971483963,2.0638560611117915,23.74218146525526,10.60705177895283,1.985030644624604,5.7697845085753214e-5,0.011995139363636362,0.006194551134168019,1.51086457940087,0.9867108086669816,-2.909269379238365,-1.1523798714006714,-3.5104154884288965,1.089298768737161,-0.7563352958184046,-0.02105363997354715,0.02,0.9866362182273313,6.463480235560136e-4,0.002348679146784873,0.010304383035823386,6.437156650451731e-5,0.010372183400830652,0.009978470284367722,0.5022689941630447,0.8228117401854462,13,3
8,0.13849046385824723,0.1399709971483963,2.0638560611117915,23.74218146525526,10.60705177895283,1.985030644624604,5.7697845085753214e-5,0.011995139363636362,0.006194551134168019,1.51086457940087,0.9867108086669816,-2.909269379238365,-1.1523798714006714,-3.5104154884288965,1.089298768737161,-0.7563352958184046,-0.02105363997354715,0.02,0.980585295963136,6.064128513435371e-4,0.0032889183180659586,0.015391385645090929,1.27987222363528e-4,0.010718374444029918,0.012122069254710072,0.5022689941630447,0.8137468926689164,13,3
9,0.13849046385824723,0.1399709971483963,2.0638560611117915,23.74218146525526,10.60705177895283,1.985030644624604,5.7697845085753214e-5,0.011995139363636362,0.006194551134168019,1.51086457940087,0.9867108086669816,-2.909269379238365,-1.1523798714006714,-3.5104154884288965,1.089298768737161,-0.7563352958184046,-0.02105363997354715,0.02,0.9862313597809711,3.630594151438442e-4,0.0017366532244400992,0.011577568630554107,9.135894889087758e-5,0.007446367896329538,0.008589766902438524,0.5022689941630447,0.717446066199815,13,3
10,0.13849046385824723,0.1399709971483963,2.0638560611117915,23.74218146525526,10.60705177895283,1.985030644624604,5.7697845085753214e-5,0.011995139363636362,0.006194551134168019,1.51086457940087,0.9867108086669816,-2.909269379238365,-1.1523798714006714,-3.5104154884288965,1.089298768737161,-0.7563352958184046,-0.02105363997354715,0.02,0.9926470677952804,2.195283090483758e-4,7.371946343373353e-4,0.006360062120439238,3.614714089464235e-5,0.004499649100736301,0.0057787036051505395,0.5022689941630447,0.7579522603930728,13,3
11,0.13849046385824723,0.1399709971483963,2.0638560611117915,23.74218146525526,10.60705177895283,1.985030644624604,5.7697845085753214e-5,0.011995139363636362,0.006194551134168019,1.51086457940087,0.9867108086669816,-2.909269379238365,-1.1523798714006714,-3.5104154884288965,1.089298768737161,-0.7563352958184046,-0.02105363997354715,0.02,0.9968225599036731,1.626151765699955e-4,4.5221959939905075e-4,0.002552794567823237,9.810752534703205e-6,0.003526536719505628,0.004275991770447462,0.5022689941630447,0.6622372972039555,13,3
12,0.13849046385824723,0.1399709971483963,2.0638560611117915,23.74218146525526,10.60705177895283,1.985030644624604,5.7697845085753214e-5,0.011995139363636362,0.006194551134168019,1.51086457940087,0.9867108086669816,-2.909269379238365,-1.1523798714006714,-3.5104154884288965,1.089298768737161,-0.7563352958184046,-0.02105363997354715,0.02,0.9883091116770544,5.394299732141499e-4,0.0021735193239602987,0.00893432627974732,4.361274602394916e-5,0.0076134208138073645,0.009111077759274111,0.5022689941630447,0.5588605589343737,13,3
13,0.13849046385824723,0.1399709971483963,2.0638560611117915,23.74218146525526,10.60705177895283,1.985030644624604,5.7697845085753214e-5,0.011995139363636362,0.006194551134168019,1.51086457940087,0.9867108086669816,-2.909269379238365,-1.1523798714006714,-3.5104154884288965,1.089298768737161,-0.7563352958184046,-0.02105363997354715,0.02,0.9979987642967645,7.672488335906376e-5,2.9372041652215355e-4,0.0016280422138433336,2.748189510919019e-6,0.0037669304255055574,0.0018565779778974612,0.5022689941630447,0.5940046900456057,13,3
1,0.13849046385824723,0.1399709971483963,2.0638560611117915,23.74218146525526,10.60705177895283,1.985030644624604,5.7697845085753214e-5,0.01199513936363636,0.00619455113416802,1.51086457940087,0.9867108086669816,-2.909269379238365,-1.1523798714006714,-3.5104154884288965,1.089298768737161,-0.7563352958184046,-0.02105363997354715,0.02,0.30182041888512834,6.207955855627253e-4,0.0049228083585139,0.6058352229018801,0.08680075426891494,0.04985305754926784,0.7153054644371083,0.5022689941630447,1,12,3
2,0.13849046385824723,0.1399709971483963,2.0638560611117915,23.74218146525526,10.60705177895283,1.985030644624604,5.7697845085753214e-5,0.011995139363636362,0.006194551134168019,1.51086457940087,0.9867108086669816,-2.909269379238365,-1.1523798714006714,-3.5104154884288965,1.089298768737161,-0.7563352958184046,-0.02105363997354715,0.02,0.969682316976964,0.0013741745608505062,0.005019733412317534,0.02298573603238977,9.380390174781722e-4,0.02054428110736726,0.022290404739602993,0.5022689941630447,0.9278132782447566,12,3
3,0.13849046385824723,0.1399709971483963,2.0638560611117915,23.74218146525526,10.60705177895283,1.985030644624604,5.7697845085753214e-5,0.011995139363636362,0.006194551134168019,1.51086457940087,0.9867108086669816,-2.909269379238365,-1.1523798714006714,-3.5104154884288965,1.089298768737161,-0.7563352958184046,-0.02105363997354715,0.02,0.9583556777321872,0.0013833656588047283,0.006877659146974089,0.032838612297646605,5.446851643874336e-4,0.01874987408246149,0.021321413011332183,0.5022689941630447,0.9782013665276966,12,3
4,0.13849046385824723,0.1399709971483963,2.0638560611117915,23.74218146525526,10.60705177895283,1.985030644624604,5.7697845085753214e-5,0.011995139363636362,0.006194551134168019,1.51086457940087,0.9867108086669816,-2.909269379238365,-1.1523798714006714,-3.5104154884288965,1.089298768737161,-0.7563352958184046,-0.02105363997354715,0.02,0.9660501830887961,8.770623645005003e-4,0.004429959520223171,0.028145329928728674,4.97465097751588e-4,0.014661530184136785,0.014290378792101315,0.5022689941630447,0.9598746233900898,12,3
5,0.13849046385824723,0.1399709971483963,2.0638560611117915,23.74218146525526,10.60705177895283,1.985030644624604,5.7697845085753214e-5,0.011995139363636362,0.006194551134168019,1.51086457940087,0.9867108086669816,-2.909269379238365,-1.1523798714006714,-3.5104154884288965,1.089298768737161,-0.7563352958184046,-0.02105363997354715,0.02,0.986753176596747,2.298198513738992e-4,0.0012439540744241953,0.011620966386282162,1.5208309117272365e-4,0.002689180822787845,0.0055272596972252876,0.5022689941630447,0.899567393090793,12,3
6,0.13849046385824723,0.1399709971483963,2.0638560611117915,23.74218146525526,10.60705177895283,1.985030644624604,5.7697845085753214e-5,0.011995139363636362,0.006194551134168019,1.51086457940087,0.9867108086669816,-2.909269379238365,-1.1523798714006714,-3.5104154884288965,1.089298768737161,-0.7563352958184046,-0.02105363997354715,0.02,0.9926600200930155,5.074323825674099e-4,0.0013760045483622591,0.005415999145996121,4.0543830058731054e-5,0.00764210150167671,0.008440880786664903,0.5022689941630447,0.769431275586355,12,3
7,0.13849046385824723,0.1399709971483963,2.0638560611117915,23.74218146525526,10.60705177895283,1.985030644624604,5.7697845085753214e-5,0.011995139363636362,0.006194551134168019,1.51086457940087,0.9867108086669816,-2.909269379238365,-1.1523798714006714,-3.5104154884288965,1.089298768737161,-0.7563352958184046,-0.02105363997354715,0.02,0.986820028024826,6.260448960951854e-4,0.0023175721757445135,0.0101739212418763,6.243366145798717e-5,0.006960712410626328,0.009363448154678086,0.5022689941630447,0.8193415503220215,12,3
8,0.13849046385824723,0.1399709971483963,2.0638560611117915,23.74218146525526,10.60705177895283,1.985030644624604,5.7697845085753214e-5,0.011995139363636362,0.006194551134168019,1.51086457940087,0.9867108086669816,-2.909269379238365,-1.1523798714006714,-3.5104154884288965,1.089298768737161,-0.7563352958184046,-0.02105363997354715,0.02,0.9810971023301451,5.387137312027051e-4,0.003233116174367595,0.015009319509739114,1.2174825454537794e-4,0.021674383116162307,0.017793030758505676,0.5022689941630447,0.8574110549490316,12,3
9,0.13849046385824723,0.1399709971483963,2.0638560611117915,23.74218146525526,10.60705177895283,1.985030644624604,5.7697845085753214e-5,0.011995139363636362,0.006194551134168019,1.51086457940087,0.9867108086669816,-2.909269379238365,-1.1523798714006714,-3.5104154884288965,1.089298768737161,-0.7563352958184046,-0.02105363997354715,0.02,0.9861184960191313,3.6500953175787803e-4,0.001762071146225807,0.01165968894155095,9.473436133408183e-5,0.012701754772801215,0.010224053610509813,0.5022689941630447,0.76785034297734,12,3
10,0.13849046385824723,0.1399709971483963,2.0638560611117915,23.74218146525526,10.60705177895283,1.985030644624604,5.7697845085753214e-5,0.011995139363636362,0.006194551134168019,1.51086457940087,0.9867108086669816,-2.909269379238365,-1.1523798714006714,-3.5104154884288965,1.089298768737161,-0.7563352958184046,-0.02105363997354715,0.02,0.9925577685235742,2.2962890886308324e-4,7.479133882073005e-4,0.00642762273209741,3.706644725789095e-5,0.005103488545567142,0.005161826487803118,0.5022689941630447,0.6509912590007554,12,3
11,0.13849046385824723,0.1399709971483963,2.0638560611117915,23.74218146525526,10.60705177895283,1.985030644624604,5.7697845085753214e-5,0.011995139363636362,0.006194551134168019,1.51086457940087,0.9867108086669816,-2.909269379238365,-1.1523798714006714,-3.5104154884288965,1.089298768737161,-0.7563352958184046,-0.02105363997354715,0.02,0.9969566835259407,1.3987283323238826e-4,4.3581423532502615e-4,0.002458552174350155,9.077231151765161e-6,0.005373034986387,0.003943841337656495,0.5022689941630447,0.6867483313764594,12,3
12,0.13849046385824723,0.1399709971483963,2.0638560611117915,23.74218146525526,10.60705177895283,1.985030644624604,5.7697845085753214e-5,0.011995139363636362,0.006194551134168019,1.51086457940087,0.9867108086669816,-2.909269379238365,-1.1523798714006714,-3.5104154884288965,1.089298768737161,-0.7563352958184046,-0.02105363997354715,0.02,0.9874396861601549,5.898649601058394e-4,0.0023795912621571466,0.0095405731098806,5.0284507701443056e-5,0.0072787155230560965,0.0075589157193126436,0.5022689941630447,0.6450455782389367,12,3
13,0.13849046385824723,0.1399709971483963,2.0638560611117915,23.74218146525526,10.60705177895283,1.985030644624604,5.7697845085753214e-5,0.011995139363636362,0.006194551134168019,1.51086457940087,0.9867108086669816,-2.909269379238365,-1.1523798714006714,-3.5104154884288965,1.089298768737161,-0.7563352958184046,-0.02105363997354715,0.02,0.9977651507806402,1.0043429734713268e-4,3.171519465756032e-4,0.0018135555234753376,3.70745196177694e-6,0.004906691639147761,0.0020270645486885424,0.5022689941630447,0.4919420605682562,12,3
1,0.13849046385824723,0.1399709971483963,2.0638560611117915,23.74218146525526,10.60705177895283,1.985030644624604,5.7697845085753214e-5,0.01199513936363636,0.00619455113416802,1.51086457940087,0.9867108086669816,-2.909269379238365,-1.1523798714006714,-3.5104154884288965,1.089298768737161,-0.7563352958184046,-0.02105363997354715,0.02,0.30182041888512834,6.207955855627253e-4,0.0049228083585139,0.6058352229018801,0.08680075426891494,0.04985305754926784,0.7153054644371083,0.5022689941630447,1,11,3
2,0.13849046385824723,0.1399709971483963,2.0638560611117915,23.74218146525526,10.60705177895283,1.985030644624604,5.7697845085753214e-5,0.011995139363636362,0.006194551134168019,1.51086457940087,0.9867108086669816,-2.909269379238365,-1.1523798714006714,-3.5104154884288965,1.089298768737161,-0.7563352958184046,-0.02105363997354715,0.02,0.9850872869698253,5.986679258208153e-4,0.0020349133724782615,0.01205455189866316,2.245798332124465e-4,0.010026611750580613,0.012044444494853682,0.5022689941630447,0.9628932310672511,11,3
3,0.13849046385824723,0.1399709971483963,2.0638560611117915,23.74218146525526,10.60705177895283,1.985030644624604,5.7697845085753214e-5,0.011995139363636362,0.006194551134168019,1.51086457940087,0.9867108086669816,-2.909269379238365,-1.1523798714006714,-3.5104154884288965,1.089298768737161,-0.7563352958184046,-0.02105363997354715,0.02,0.95779002108335,0.0014037115037965355,0.00696560541928883,0.03328205703573878,5.586049578258624e-4,0.020392960340675313,0.020792775010758123,0.5022689941630447,0.9372072165405393,11,3
4,0.13849046385824723,0.1399709971483963,2.0638560611117915,23.74218146525526,10.60705177895283,1.985030644624604,5.7697845085753214e-5,0.011995139363636362,0.006194551134168019,1.51086457940087,0.9867108086669816,-2.909269379238365,-1.1523798714006714,-3.5104154884288965,1.089298768737161,-0.7563352958184046,-0.02105363997354715,0.02,0.9666556453350221,8.557641025164916e-4,0.0043847494896432065,0.027625255960659213,4.7858511215901245e-4,0.012736687171035474,0.017099556191426467,0.5022689941630447,1.0339881879384565,11,3
5,0.13849046385824723,0.1399709971483963,2.0638560611117915,23.74218146525526,10.60705177895283,1.985030644624604,5.7697845085753214e-5,0.011995139363636362,0.006194551134168019,1.51086457940087,0.9867108086669816,-2.909269379238365,-1.1523798714006714,-3.5104154884288965,1.089298768737161,-0.7563352958184046,-0.02105363997354715,0.02,0.9867498304065984,2.589390749229403e-4,0.001394906857289537,0.011451279226052484,1.450444351367618e-4,0.010589488065303748,0.0053070972689097575,0.5022689941630447,0.8713640603681586,11,3
6,0.13849046385824723,0.1399709971483963,2.0638560611117915,23.74218146525526,10.60705177895283,1.985030644624604,5.7697845085753214e-5,0.011995139363636362,0.006194551134168019,1.51086457940087,0.9867108086669816,-2.909269379238365,-1.1523798714006714,-3.5104154884288965,1.089298768737161,-0.7563352958184046,-0.02105363997354715,0.02,0.9926211619662008,4.965811458354379e-4,0.0013701983137102292,0.005470635845892079,4.142272836163425e-5,0.009303731941167624,0.008415378681948015,0.5022689941630447,0.8418885103925835,11,3
7,0.13849046385824723,0.1399709971483963,2.0638560611117915,23.74218146525526,10.60705177895283,1.985030644624604,5.7697845085753214e-5,0.011995139363636362,0.006194551134168019,1.51086457940087,0.9867108086669816,-2.909269379238365,-1.1523798714006714,-3.5104154884288965,1.089298768737161,-0.7563352958184046,-0.02105363997354715,0.02,0.9866254543493066,6.480860823843167e-4,0.0023653556513516224,0.010296533594310923,6.457032264656131e-5,0.008564460967183003,0.009628900535143502,0.5022689941630447,0.8394892813287845,11,3
8,0.13849046385824723,0.1399709971483963,2.0638560611117915,23.74218146525526,10.60705177895283,1.985030644624604,5.7697845085753214e-5,0.011995139363636362,0.006194551134168019,1.51086457940087,0.9867108086669816,-2.909269379238365,-1.1523798714006714,-3.5104154884288965,1.089298768737161,-0.7563352958184046,-0.02105363997354715,0.02,0.9807662416072921,5.529457321328928e-4,0.0032780224029083163,0.015275210629221905,1.275796284448506e-4,0.009468733201031913,0.013291176365185568,0.5022689941630447,0.8419595729290811,11,3
9,0.13849046385824723,0.1399709971483963,2.0638560611117915,23.74218146525526,10.60705177895283,1.985030644624604,5.7697845085753214e-5,0.011995139363636362,0.006194551134168019,1.51086457940087,0.9867108086669816,-2.909269379238365,-1.1523798714006714,-3.5104154884288965,1.089298768737161,-0.7563352958184046,-0.02105363997354715,0.02,0.9861466038827443,3.933707549817265e-4,0.0017628492876297693,0.011603843872199525,9.333220244464931e-5,0.009009860444499786,0.012818207188662506,0.5022689941630447,0.7052857058870311,11,3
10,0.13849046385824723,0.1399709971483963,2.0638560611117915,23.74218146525526,10.60705177895283,1.985030644624604,5.7697845085753214e-5,0.011995139363636362,0.006194551134168019,1.51086457940087,0.9867108086669816,-2.909269379238365,-1.1523798714006714,-3.5104154884288965,1.089298768737161,-0.7563352958184046,-0.02105363997354715,0.02,0.9924526094620078,2.1653999994688188e-4,7.426668723694382e-4,0.0065503661889220795,3.781747675380457e-5,0.006221427386394936,0.004571014015744675,0.5022689941630447,0.6416847713311158,11,3
11,0.13849046385824723,0.1399709971483963,2.0638560611117915,23.74218146525526,10.60705177895283,1.985030644624604,5.7697845085753214e-5,0.011995139363636362,0.006194551134168019,1.51086457940087,0.9867108086669816,-2.909269379238365,-1.1523798714006714,-3.5104154884288965,1.089298768737161,-0.7563352958184046,-0.02105363997354715,0.02,0.9970477860848702,1.402439269535502e-4,4.320184695293963e-4,0.0023713081503561363,8.643368290635836e-6,0.003670340340778016,0.003471091948256624,0.5022689941630447,0.6344735572527177,11,3
12,0.13849046385824723,0.1399709971483963,2.0638560611117915,23.74218146525526,10.60705177895283,1.985030644624604,5.7697845085753214e-5,0.011995139363636362,0.006194551134168019,1.51086457940087,0.9867108086669816,-2.909269379238365,-1.1523798714006714,-3.5104154884288965,1.089298768737161,-0.7563352958184046,-0.02105363997354715,0.02,0.9893524614171493,4.871836075580316e-4,0.001974478797302574,0.008148987300428926,3.6888877561202644e-5,0.006188036098923532,0.007150616906001156,0.5022689941630447,0.6411303825944913,11,3
13,0.13849046385824723,0.1399709971483963,2.0638560611117915,23.74218146525526,10.60705177895283,1.985030644624604,5.7697845085753214e-5,0.011995139363636362,0.006194551134168019,1.51086457940087,0.9867108086669816,-2.909269379238365,-1.1523798714006714,-3.5104154884288965,1.089298768737161,-0.7563352958184046,-0.02105363997354715,0.02,0.9976286827170304,8.854825031219016e-5,2.9198116126501357e-4,0.0019861006287928665,4.687242599442674e-6,0.0025112439412927176,0.004286391874972218,0.5022689941630447,0.4467572473459684,11,3
1,0.13849046385824723,0.1399709971483963,2.0638560611117915,23.74218146525526,10.60705177895283,1.985030644624604,5.7697845085753214e-5,0.01199513936363636,0.00619455113416802,1.51086457940087,0.9867108086669816,-2.909269379238365,-1.1523798714006714,-3.5104154884288965,1.089298768737161,-0.7563352958184046,-0.02105363997354715,0.02,0.30182041888512834,6.207955855627253e-4,0.0049228083585139,0.6058352229018801,0.08680075426891494,0.04985305754926784,0.7153054644371083,0.5022689941630447,1,10,3
2,0.13849046385824723,0.1399709971483963,2.0638560611117915,23.74218146525526,10.60705177895283,1.985030644624604,5.7697845085753214e-5,0.011995139363636362,0.006194551134168019,1.51086457940087,0.9867108086669816,-2.909269379238365,-1.1523798714006714,-3.5104154884288965,1.089298768737161,-0.7563352958184046,-0.02105363997354715,0.02,0.9861276014572642,6.326626303519953e-4,0.0022744269382186117,0.010859393124377172,1.0591584978789731e-4,0.011882481973981588,0.015203683113005313,0.5022689941630447,0.9556942058370065,10,3
3,0.13849046385824723,0.1399709971483963,2.0638560611117915,23.74218146525526,10.60705177895283,1.985030644624604,5.7697845085753214e-5,0.011995139363636362,0.006194551134168019,1.51086457940087,0.9867108086669816,-2.909269379238365,-1.1523798714006714,-3.5104154884288965,1.089298768737161,-0.7563352958184046,-0.02105363997354715,0.02,0.9582443430614092,0.0013823651726534681,0.006909060882212562,0.032914692986941586,5.495378967832052e-4,0.024961799182896136,0.02046291345677581,0.5022689941630447,0.968728153183952,10,3
4,0.13849046385824723,0.1399709971483963,2.0638560611117915,23.74218146525526,10.60705177895283,1.985030644624604,5.7697845085753214e-5,0.011995139363636362,0.006194551134168019,1.51086457940087,0.9867108086669816,-2.909269379238365,-1.1523798714006714,-3.5104154884288965,1.089298768737161,-0.7563352958184046,-0.02105363997354715,0.02,0.9658802673624465,8.668811690972604e-4,0.004446272128080121,0.028297608519754342,5.089708206217363e-4,0.016394874155855315,0.01473086025070957,0.5022689941630447,0.852483852382515,10,3
5,0.13849046385824723,0.1399709971483963,2.0638560611117915,23.74218146525526,10.60705177895283,1.985030644624604,5.7697845085753214e-5,0.011995139363636362,0.006194551134168019,1.51086457940087,0.9867108086669816,-2.909269379238365,-1.1523798714006714,-3.5104154884288965,1.089298768737161,-0.7563352958184046,-0.02105363997354715,0.02,0.9863442890112682,2.6354427741287836e-4,0.0013652698051893162,0.011875930162093255,1.509667440362248e-4,0.0014866138913272695,0.002747196400154175,0.5022689941630447,0.7756911151896443,10,3
6,0.13849046385824723,0.1399709971483963,2.0638560611117915,23.74218146525526,10.60705177895283,1.985030644624604,5.7697845085753214e-5,0.011995139363636362,0.006194551134168019,1.51086457940087,0.9867108086669816,-2.909269379238365,-1.1523798714006714,-3.5104154884288965,1.089298768737161,-0.7563352958184046,-0.02105363997354715,0.02,0.9927673926971476,4.6370400235458723e-4,0.0013476302509867822,0.005380735411347314,4.05376381636164e-5,0.005818923367292455,0.00694278408703272,0.5022689941630447,0.8269806857410696,10,3
7,0.13849046385824723,0.1399709971483963,2.0638560611117915,23.74218146525526,10.60705177895283,1.985030644624604,5.7697845085753214e-5,0.011995139363636362,0.006194551134168019,1.51086457940087,0.9867108086669816,-2.909269379238365,-1.1523798714006714,-3.5104154884288965,1.089298768737161,-0.7563352958184046,-0.02105363997354715,0.02,0.9868037056186169,6.47102911235677e-4,0.0023333700684588796,0.010152799795251577,6.302160643706021e-5,0.009034017187198784,0.010238371056563838,0.5022689941630447,0.7997272178597197,10,3
8,0.13849046385824723,0.1399709971483963,2.0638560611117915,23.74218146525526,10.60705177895283,1.985030644624604,5.7697845085753214e-5,0.011995139363636362,0.006194551134168019,1.51086457940087,0.9867108086669816,-2.909269379238365,-1.1523798714006714,-3.5104154884288965,1.089298768737161,-0.7563352958184046,-0.02105363997354715,0.02,0.9811473854546432,5.574989087575737e-4,0.0031892070688697414,0.01498405022392548,1.2185834380413114e-4,0.010054773634858138,0.015520322617837624,0.5022689941630447,0.7513917867881346,10,3
9,0.13849046385824723,0.1399709971483963,2.0638560611117915,23.74218146525526,10.60705177895283,1.985030644624604,5.7697845085753214e-5,0.011995139363636362,0.006194551134168019,1.51086457940087,0.9867108086669816,-2.909269379238365,-1.1523798714006714,-3.5104154884288965,1.089298768737161,-0.7563352958184046,-0.02105363997354715,0.02,0.986118097191492,3.3982605423353134e-4,0.001738626483813325,0.011709944669220512,9.350560124070374e-5,0.006087331005249349,0.007222542314817578,0.5022689941630447,0.7874862688493195,10,3
10,0.13849046385824723,0.1399709971483963,2.0638560611117915,23.74218146525526,10.60705177895283,1.985030644624604,5.7697845085753214e-5,0.011995139363636362,0.006194551134168019,1.51086457940087,0.9867108086669816,-2.909269379238365,-1.1523798714006714,-3.5104154884288965,1.089298768737161,-0.7563352958184046,-0.02105363997354715,0.02,0.9924465243996177,2.3251648250731443e-4,7.428246184523655e-4,0.006540774839496383,3.7359659926391066e-5,0.004222011854460546,0.00425872329372947,0.5022689941630447,0.6426133575430233,10,3
11,0.13849046385824723,0.1399709971483963,2.0638560611117915,23.74218146525526,10.60705177895283,1.985030644624604,5.7697845085753214e-5,0.011995139363636362,0.006194551134168019,1.51086457940087,0.9867108086669816,-2.909269379238365,-1.1523798714006714,-3.5104154884288965,1.089298768737161,-0.7563352958184046,-0.02105363997354715,0.02,0.997037311504812,1.401273860335076e-4,4.282863800197115e-4,0.0023854760330094737,8.79869612535078e-6,0.002613095186088727,0.004447801357316681,0.5022689941630447,0.6821301715587502,10,3
12,0.13849046385824723,0.1399709971483963,2.0638560611117915,23.74218146525526,10.60705177895283,1.985030644624604,5.7697845085753214e-5,0.011995139363636362,0.006194551134168019,1.51086457940087,0.9867108086669816,-2.909269379238365,-1.1523798714006714,-3.5104154884288965,1.089298768737161,-0.7563352958184046,-0.02105363997354715,0.02,0.9878779758826962,5.428370701511486e-4,0.0022751072218716306,0.00925718540830317,4.6894416977911694e-5,0.007932095599960587,0.008406008393743657,0.5022689941630447,0.5785369599829956,10,3
13,0.13849046385824723,0.1399709971483963,2.0638560611117915,23.74218146525526,10.60705177895283,1.985030644624604,5.7697845085753214e-5,0.011995139363636362,0.006194551134168019,1.51086457940087,0.9867108086669816,-2.909269379238365,-1.1523798714006714,-3.5104154884288965,1.089298768737161,-0.7563352958184046,-0.02105363997354715,0.02,0.9980004322793047,8.01561964808202e-5,2.8527650374584934e-4,0.0016313721947867935,2.762825681890836e-6,0.002511467935791465,0.0021703612013324884,0.5022689941630447,0.585102949763518,10,3
1,0.13849046385824723,0.1399709971483963,2.0638560611117915,23.74218146525526,10.60705177895283,1.985030644624604,5.7697845085753214e-5,0.01199513936363636,0.00619455113416802,1.51086457940087,0.9867108086669816,-2.909269379238365,-1.1523798714006714,-3.5104154884288965,1.089298768737161,-0.7563352958184046,-0.02105363997354715,0.02,0.30182041888512834,6.207955855627253e-4,0.0049228083585139,0.6058352229018801,0.08680075426891494,0.04985305754926784,0.7153054644371083,0.5022689941630447,1,9,3
2,0.13849046385824723,0.1399709971483963,2.0638560611117915,23.74218146525526,10.60705177895283,1.985030644624604,5.7697845085753214e-5,0.011995139363636362,0.006194551134168019,1.51086457940087,0.9867108086669816,-2.909269379238365,-1.1523798714006714,-3.5104154884288965,1.089298768737161,-0.7563352958184046,-0.02105363997354715,0.02,0.9903318728738274,4.967715646922257e-4,0.0014885645193204594,0.007628683347265703,5.410769489426447e-5,0.009706600535640087,0.009395953088770769,0.5022689941630447,0.9505331299685938,9,3
3,0.13849046385824723,0.1399709971483963,2.0638560611117915,23.74218146525526,10.60705177895283,1.985030644624604,5.7697845085753214e-5,0.011995139363636362,0.006194551134168019,1.51086457940087,0.9867108086669816,-2.909269379238365,-1.1523798714006714,-3.5104154884288965,1.089298768737161,-0.7563352958184046,-0.02105363997354715,0.02,0.9582269823173958,0.0014071401744877087,0.0069466955637180906,0.03287064289815614,5.485390462422575e-4,0.01759075736046215,0.02000096202772057,0.5022689941630447,1.0030021962724696,9,3
4,0.13849046385824723,0.1399709971483963,2.0638560611117915,23.74218146525526,10.60705177895283,1.985030644624604,5.7697845085753214e-5,0.011995139363636362,0.006194551134168019,1.51086457940087,0.9867108086669816,-2.909269379238365,-1.1523798714006714,-3.5104154884288965,1.089298768737161,-0.7563352958184046,-0.02105363997354715,0.02,0.9662412924260081,8.750349514487906e-4,0.004414362535846383,0.027972881496969172,4.964285897275871e-4,0.01821188673112744,0.018411964083973244,0.5022689941630447,0.9215266595801919,9,3
5,0.13849046385824723,0.1399709971483963,2.0638560611117915,23.74218146525526,10.60705177895283,1.985030644624604,5.7697845085753214e-5,0.011995139363636362,0.006194551134168019,1.51086457940087,0.9867108086669816,-2.909269379238365,-1.1523798714006714,-3.5104154884288965,1.089298768737161,-0.7563352958184046,-0.02105363997354715,0.02,0.986370683122055,2.6397487048780515e-4,0.0013344899608870183,0.011874100839094048,1.5675120747616898e-4,0.005938780516754771,0.008973783110880786,0.5022689941630447,0.7496132705680109,9,3
6,0.13849046385824723,0.1399709971483963,2.0638560611117915,23.74218146525526,10.60705177895283,1.985030644624604,5.7697845085753214e-5,0.011995139363636362,0.006194551134168019,1.51086457940087,0.9867108086669816,-2.909269379238365,-1.1523798714006714,-3.5104154884288965,1.089298768737161,-0.7563352958184046,-0.02105363997354715,0.02,0.992763763010215,4.652362502662183e-4,0.0013440805451783377,0.005385300585553221,4.161960878739454e-5,0.006501400202649268,0.007500984263970884,0.5022689941630447,0.838867061504678,9,3
7,0.13849046385824723,0.1399709971483963,2.0638560611117915,23.74218146525526,10.60705177895283,1.985030644624604,5.7697845085753214e-5,0.011995139363636362,0.006194551134168019,1.51086457940087,0.9867108086669816,-2.909269379238365,-1.1523798714006714,-3.5104154884288965,1.089298768737161,-0.7563352958184046,-0.02105363997354715,0.02,0.9867553585902812,6.481694977075989e-4,0.002347678569950032,0.010185280772733094,6.351256932814028e-5,0.01217603758105489,0.008804247846828452,0.5022689941630447,0.7603239035270313,9,3
8,0.13849046385824723,0.1399709971483963,2.0638560611117915,23.74218146525526,10.60705177895283,1.985030644624604,5.7697845085753214e-5,0.011995139363636362,0.006194551134168019,1.51086457940087,0.9867108086669816,-2.909269379238365,-1.1523798714006714,-3.5104154884288965,1.089298768737161,-0.7563352958184046,-0.02105363997354715,0.02,0.9809499856485556,5.478364589741938e-4,0.003178308117318626,0.015199503597780845,1.2436617737073626e-4,0.010969933701078658,0.0092199553372753415,0.5022689941630447,0.8193696736243422,9,3
9,0.13849046385824723,0.1399709971483963,2.0638560611117915,23.74218146525526,10.60705177895283,1.985030644624604,5.7697845085753214e-5,0.011995139363636362,0.006194551134168019,1.51086457940087,0.9867108086669816,-2.909269379238365,-1.1523798714006714,-3.5104154884288965,1.089298768737161,-0.7563352958184046,-0.02105363997354715,0.02,0.9861957739424586,3.7319885552876105e-4,0.0017374498094980195,0.011600280485055393,9.3296907459241e-5,0.009549115958089785,0.007175201604387526,0.5022689941630447,0.7218562766127137,9,3
10,0.13849046385824723,0.1399709971483963,2.0638560611117915,23.74218146525526,10.60705177895283,1.985030644624604,5.7697845085753214e-5,0.011995139363636362,0.006194551134168019,1.51086457940087,0.9867108086669816,-2.909269379238365,-1.1523798714006714,-3.5104154884288965,1.089298768737161,-0.7563352958184046,-0.02105363997354715,0.02,0.9926084982366176,2.2541793554977402e-4,7.505829108306386e-4,0.006379138235373344,3.636268162873989e-5,0.004334213802733783,0.005003585788563395,0.5022689941630447,0.5845176004974099,9,3
11,0.13849046385824723,0.1399709971483963,2.0638560611117915,23.74218146525526,10.60705177895283,1.985030644624604,5.7697845085753214e-5,0.011995139363636362,0.006194551134168019,1.51086457940087,0.9867108086669816,-2.909269379238365,-1.1523798714006714,-3.5104154884288965,1.089298768737161,-0.7563352958184046,-0.02105363997354715,0.02,0.9971390867151192,1.4079598580847108e-4,4.3080386932431707e-4,0.0022815840653687483,7.729364379293623e-6,0.0038302613610904325,0.003119955273799828,0.5022689941630447,0.7757861720119399,9,3
12,0.13849046385824723,0.1399709971483963,2.0638560611117915,23.74218146525526,10.60705177895283,1.985030644624604,5.7697845085753214e-5,0.011995139363636362,0.006194551134168019,1.51086457940087,0.9867108086669816,-2.909269379238365,-1.1523798714006714,-3.5104154884288965,1.089298768737161,-0.7563352958184046,-0.02105363997354715,0.02,0.984442003435241,7.274929962401462e-4,0.002919349668732161,0.011835888324452834,7.526557533383865e-5,0.010556774821973054,0.010849480364792765,0.5022689941630447,0.5242256261429821,9,3
13,0.13849046385824723,0.1399709971483963,2.0638560611117915,23.74218146525526,10.60705177895283,1.985030644624604,5.7697845085753214e-5,0.011995139363636362,0.006194551134168019,1.51086457940087,0.9867108086669816,-2.909269379238365,-1.1523798714006714,-3.5104154884288965,1.089298768737161,-0.7563352958184046,-0.02105363997354715,0.02,0.9980063731136531,7.699764404706397e-5,2.9855784022735066e-4,0.0016154766105473894,2.594791525057944e-6,0.0016246402259920802,0.0020938757860365378,0.5022689941630447,0.39425706422792683,9,3
1,0.13849046385824723,0.1399709971483963,2.0638560611117915,23.74218146525526,10.60705177895283,1.985030644624604,5.7697845085753214e-5,0.01199513936363636,0.00619455113416802,1.51086457940087,0.9867108086669816,-2.909269379238365,-1.1523798714006714,-3.5104154884288965,1.089298768737161,-0.7563352958184046,-0.02105363997354715,0.02,0.30182041888512834,6.207955855627253e-4,0.0049228083585139,0.6058352229018801,0.08680075426891494,0.04985305754926784,0.7153054644371083,0.5022689941630447,1,8,3
2,0.13849046385824723,0.1399709971483963,2.0638560611117915,23.74218146525526,10.60705177895283,1.985030644624604,5.7697845085753214e-5,0.011995139363636362,0.006194551134168019,1.51086457940087,0.9867108086669816,-2.909269379238365,-1.1523798714006714,-3.5104154884288965,1.089298768737161,-0.7563352958184046,-0.02105363997354715,0.02,0.9838917677183968,0.0011170179044394947,0.0036804046039548457,0.011219564966509459,9.12448066994577e-5,0.015242602348667051,0.016490395814668816,0.5022689941630447,1.0180777840495103,8,3
3,0.13849046385824723,0.1399709971483963,2.0638560611117915,23.74218146525526,10.60705177895283,1.985030644624604,5.7697845085753214e-5,0.011995139363636362,0.006194551134168019,1.51086457940087,0.9867108086669816,-2.909269379238365,-1.1523798714006714,-3.5104154884288965,1.089298768737161,-0.7563352958184046,-0.02105363997354715,0.02,0.9579655075337837,0.0014692651790051941,0.006932457773661101,0.033073232498297585,5.595370152523172e-4,0.018478306752372546,0.020095510252263808,0.5022689941630447,0.9283658868652387,8,3
4,0.13849046385824723,0.1399709971483963,2.0638560611117915,23.74218146525526,10.60705177895283,1.985030644624604,5.7697845085753214e-5,0.011995139363636362,0.006194551134168019,1.51086457940087,0.9867108086669816,-2.909269379238365,-1.1523798714006714,-3.5104154884288965,1.089298768737161,-0.7563352958184046,-0.02105363997354715,0.02,0.9665797940503438,8.616055835845305e-4,0.004405854706397958,0.027667237044174744,4.8550861549896007e-4,0.015039353187166945,0.014573707558232233,0.5022689941630447,0.902787445961535,8,3
5,0.13849046385824723,0.1399709971483963,2.0638560611117915,23.74218146525526,10.60705177895283,1.985030644624604,5.7697845085753214e-5,0.011995139363636362,0.006194551134168019,1.51086457940087,0.9867108086669816,-2.909269379238365,-1.1523798714006714,-3.5104154884288965,1.089298768737161,-0.7563352958184046,-0.02105363997354715,0.02,0.9864801669410778,2.7537283571757985e-4,0.0013312160178796473,0.011762076002015186,1.511682033099169e-4,0.011792485338203578,0.005947238690219453,0.5022689941630447,0.765806564520153,8,3
6,0.13849046385824723,0.1399709971483963,2.0638560611117915,23.74218146525526,10.60705177895283,1.985030644624604,5.7697845085753214e-5,0.011995139363636362,0.006194551134168019,1.51086457940087,0.9867108086669816,-2.909269379238365,-1.1523798714006714,-3.5104154884288965,1.089298768737161,-0.7563352958184046,-0.02105363997354715,0.02,0.9928430546436359,4.69163376766168e-4,0.0013392371849307403,0.005309903707192788,3.8641087474443384e-5,0.007187964482147567,0.007045892312572544,0.5022689941630447,0.7904431996669514,8,3
7,0.13849046385824723,0.1399709971483963,2.0638560611117915,23.74218146525526,10.60705177895283,1.985030644624604,5.7697845085753214e-5,0.011995139363636362,0.006194551134168019,1.51086457940087,0.9867108086669816,-2.909269379238365,-1.1523798714006714,-3.5104154884288965,1.089298768737161,-0.7563352958184046,-0.02105363997354715,0.02,0.9867163415780397,6.309310245347473e-4,0.00232691729091759,0.010261754849890564,6.40552566175015e-5,0.00837030642525227,0.009613676018797913,0.5022689941630447,0.8032795657863167,8,3
8,0.13849046385824723,0.1399709971483963,2.0638560611117915,23.74218146525526,10.60705177895283,1.985030644624604,5.7697845085753214e-5,0.011995139363636362,0.006194551134168019,1.51086457940087,0.9867108086669816,-2.909269379238365,-1.1523798714006714,-3.5104154884288965,1.089298768737161,-0.7563352958184046,-0.02105363997354715,0.02,0.9807007747759678,5.730706463540973e-4,0.003252032664548905,0.01534700837988838,1.2711353324078683e-4,0.013647410759953014,0.014756742164148838,0.5022689941630447,0.7504243090638184,8,3
9,0.13849046385824723,0.1399709971483963,2.0638560611117915,23.74218146525526,10.60705177895283,1.985030644624604,5.7697845085753214e-5,0.011995139363636362,0.006194551134168019,1.51086457940087,0.9867108086669816,-2.909269379238365,-1.1523798714006714,-3.5104154884288965,1.089298768737161,-0.7563352958184046,-0.02105363997354715,0.02,0.9863386904603266,3.4856550354556045e-4,0.0017163711697788762,0.01150376171244677,9.261115390220078e-5,0.009700468852547904,0.008223568616743676,0.5022689941630447,0.6938172613233441,8,3
10,0.13849046385824723,0.1399709971483963,2.0638560611117915,23.74218146525526,10.60705177895283,1.985030644624604,5.7697845085753214e-5,0.011995139363636362,0.006194551134168019,1.51086457940087,0.9867108086669816,-2.909269379238365,-1.1523798714006714,-3.5104154884288965,1.089298768737161,-0.7563352958184046,-0.02105363997354715,0.02,0.9926303311992356,2.1459674783751262e-4,7.324669095293702e-4,0.006386123942274405,3.6481201123126554e-5,0.004639093680268635,0.005208400131770647,0.5022689941630447,0.6373362965183926,8,3
11,0.13849046385824723,0.1399709971483963,2.0638560611117915,23.74218146525526,10.60705177895283,1.985030644624604,5.7697845085753214e-5,0.011995139363636362,0.006194551134168019,1.51086457940087,0.9867108086669816,-2.909269379238365,-1.1523798714006714,-3.5104154884288965,1.089298768737161,-0.7563352958184046,-0.02105363997354715,0.02,0.9970563437798768,1.4163527314769352e-4,4.3001148648265787e-4,0.002362806423706806,9.203036785959166e-6,0.0032350783771724163,0.003470249898193422,0.5022689941630447,0.599838475510021,8,3
12,0.13849046385824723,0.1399709971483963,2.0638560611117915,23.74218146525526,10.60705177895283,1.985030644624604,5.7697845085753214e-5,0.011995139363636362,0.006194551134168019,1.51086457940087,0.9867108086669816,-2.909269379238365,-1.1523798714006714,-3.5104154884288965,1.089298768737161,-0.7563352958184046,-0.02105363997354715,0.02,0.9904269357240498,4.407773993503363e-4,0.001783006282195893,0.007319182211406239,3.0098382997684954e-5,0.006456985368338198,0.0060964556190780134,0.5022689941630447,0.4821237147717015,8,3
13,0.13849046385824723,0.1399709971483963,2.0638560611117915,23.74218146525526,10.60705177895283,1.985030644624604,5.7697845085753214e-5,0.011995139363636362,0.006194551134168019,1.51086457940087,0.9867108086669816,-2.909269379238365,-1.1523798714006714,-3.5104154884288965,1.089298768737161,-0.7563352958184046,-0.02105363997354715,0.02,0.9981959145275526,7.957547696143078e-5,2.8712294927416574e-4,0.001435451229819929,1.9358163918648266e-6,0.0019913869232916956,0.0019712888944386155,0.5022689941630447,0.4157733238852107,8,3
1,0.13849046385824723,0.1399709971483963,2.0638560611117915,23.74218146525526,10.60705177895283,1.985030644624604,5.7697845085753214e-5,0.01199513936363636,0.00619455113416802,1.51086457940087,0.9867108086669816,-2.909269379238365,-1.1523798714006714,-3.5104154884288965,1.089298768737161,-0.7563352958184046,-0.02105363997354715,0.02,0.30182041888512834,6.207955855627253e-4,0.0049228083585139,0.6058352229018801,0.08680075426891494,0.04985305754926784,0.7153054644371083,0.5022689941630447,1,7,3
2,0.13849046385824723,0.1399709971483963,2.0638560611117915,23.74218146525526,10.60705177895283,1.985030644624604,5.7697845085753214e-5,0.011995139363636362,0.006194551134168019,1.51086457940087,0.9867108086669816,-2.909269379238365,-1.1523798714006714,-3.5104154884288965,1.089298768737161,-0.7563352958184046,-0.02105363997354715,0.02,0.9690166147866757,0.001801322833432177,0.007182151213346436,0.021686827679832373,3.130834867134288e-4,0.020968394566700126,0.0197292631305064,0.5022689941630447,0.9457892291326326,7,3
3,0.13849046385824723,0.1399709971483963,2.0638560611117915,23.74218146525526,10.60705177895283,1.985030644624604,5.7697845085753214e-5,0.011995139363636362,0.006194551134168019,1.51086457940087,0.9867108086669816,-2.909269379238365,-1.1523798714006714,-3.5104154884288965,1.089298768737161,-0.7563352958184046,-0.02105363997354715,0.02,0.9580987740586213,0.0014129040301601203,0.006972772353579853,0.032963089978220235,5.524595794185006e-4,0.02041875740734385,0.020748735409375264,0.5022689941630447,0.9377123232295029,7,3
4,0.13849046385824723,0.1399709971483963,2.0638560611117915,23.74218146525526,10.60705177895283,1.985030644624604,5.7697845085753214e-5,0.011995139363636362,0.006194551134168019,1.51086457940087,0.9867108086669816,-2.909269379238365,-1.1523798714006714,-3.5104154884288965,1.089298768737161,-0.7563352958184046,-0.02105363997354715,0.02,0.9660851882132774,8.357068765586942e-4,0.004432205641891423,0.028154442154127816,4.924571141447844e-4,0.015089932912317475,0.01821154685570497,0.5022689941630447,0.8718852883173809,7,3
5,0.13849046385824723,0.1399709971483963,2.0638560611117915,23.74218146525526,10.60705177895283,1.985030644624604,5.7697845085753214e-5,0.011995139363636362,0.006194551134168019,1.51086457940087,0.9867108086669816,-2.909269379238365,-1.1523798714006714,-3.5104154884288965,1.089298768737161,-0.7563352958184046,-0.02105363997354715,0.02,0.9862778544376491,2.4121861638672207e-4,0.0013525672904284559,0.01197620963190773,1.5215002362801367e-4,0.005915077081721258,0.007897969587990513,0.5022689941630447,0.7551238315526787,7,3
6,0.13849046385824723,0.1399709971483963,2.0638560611117915,23.74218146525526,10.60705177895283,1.985030644624604,5.7697845085753214e-5,0.011995139363636362,0.006194551134168019,1.51086457940087,0.9867108086669816,-2.909269379238365,-1.1523798714006714,-3.5104154884288965,1.089298768737161,-0.7563352958184046,-0.02105363997354715,0.02,0.9927520818353205,4.812183106513514e-4,0.001351387745069842,0.005374026364051793,4.128574490644284e-5,0.006839454691857058,0.0076613516120151515,0.5022689941630447,0.8910153213133661,7,3
7,0.13849046385824723,0.1399709971483963,2.0638560611117915,23.74218146525526,10.60705177895283,1.985030644624604,5.7697845085753214e-5,0.011995139363636362,0.006194551134168019,1.51086457940087,0.9867108086669816,-2.909269379238365,-1.1523798714006714,-3.5104154884288965,1.089298768737161,-0.7563352958184046,-0.02105363997354715,0.02,0.9867378497075493,6.567768092147771e-4,0.0023441786175593866,0.01019714560223463,6.404926344184754e-5,0.009817940132803984,0.011599845893808636,0.5022689941630447,0.7687434756408823,7,3
8,0.13849046385824723,0.1399709971483963,2.0638560611117915,23.74218146525526,10.60705177895283,1.985030644624604,5.7697845085753214e-5,0.011995139363636362,0.006194551134168019,1.51086457940087,0.9867108086669816,-2.909269379238365,-1.1523798714006714,-3.5104154884288965,1.089298768737161,-0.7563352958184046,-0.02105363997354715,0.02,0.9810643227504267,5.245285601335064e-4,0.003225669720522893,0.015063111633873832,1.2236733504308365e-4,0.013055273761976228,0.010690319089293994,0.5022689941630447,0.743947311871211,7,3
9,0.13849046385824723,0.1399709971483963,2.0638560611117915,23.74218146525526,10.60705177895283,1.985030644624604,5.7697845085753214e-5,0.011995139363636362,0.006194551134168019,1.51086457940087,0.9867108086669816,-2.909269379238365,-1.1523798714006714,-3.5104154884288965,1.089298768737161,-0.7563352958184046,-0.02105363997354715,0.02,0.9862105726998808,3.4852282986522085e-4,0.0017381310018918532,0.011610025205703612,9.27482626584956e-5,0.007125339049631464,0.00922126113687227,0.5022689941630447,0.7471578597127244,7,3
10,0.13849046385824723,0.1399709971483963,2.0638560611117915,23.74218146525526,10.60705177895283,1.985030644624604,5.7697845085753214e-5,0.011995139363636362,0.006194551134168019,1.51086457940087,0.9867108086669816,-2.909269379238365,-1.1523798714006714,-3.5104154884288965,1.089298768737161,-0.7563352958184046,-0.02105363997354715,0.02,0.9924928488357072,2.294186929008369e-4,7.414837971954178e-4,0.00649788389568783,3.836477850868179e-5,0.004541504783460949,0.004165821043167578,0.5022689941630447,0.5942398265519421,7,3
11,0.13849046385824723,0.1399709971483963,2.0638560611117915,23.74218146525526,10.60705177895283,1.985030644624604,5.7697845085753214e-5,0.011995139363636362,0.006194551134168019,1.51086457940087,0.9867108086669816,-2.909269379238365,-1.1523798714006714,-3.5104154884288965,1.089298768737161,-0.7563352958184046,-0.02105363997354715,0.02,0.996984113914479,1.379912341044009e-4,4.248668721243579e-4,0.0024438064326280273,9.221546664152944e-6,0.0033663672393011586,0.003332320621427473,0.5022689941630447,0.6423491541801747,7,3
12,0.13849046385824723,0.1399709971483963,2.0638560611117915,23.74218146525526,10.60705177895283,1.985030644624604,5.7697845085753214e-5,0.011995139363636362,0.006194551134168019,1.51086457940087,0.9867108086669816,-2.909269379238365,-1.1523798714006714,-3.5104154884288965,1.089298768737161,-0.7563352958184046,-0.02105363997354715,0.02,0.9891023932428732,4.99641848495601e-4,0.002037703883056953,0.00832210812795385,3.8152897620395476e-5,0.00751241914069763,0.007402520857484208,0.5022689941630447,0.5124448080436098,7,3
13,0.13849046385824723,0.1399709971483963,2.0638560611117915,23.74218146525526,10.60705177895283,1.985030644624604,5.7697845085753214e-5,0.011995139363636362,0.006194551134168019,1.51086457940087,0.9867108086669816,-2.909269379238365,-1.1523798714006714,-3.5104154884288965,1.089298768737161,-0.7563352958184046,-0.02105363997354715,0.02,0.998054984464127,7.99209609990972e-5,2.8677343518636496e-4,0.0015758016011186943,2.5195385688902968e-6,0.00313488831161915,0.0016972458078480482,0.5022689941630447,0.42649625553935466,7,3
1,0.13849046385824723,0.1399709971483963,2.0638560611117915,23.74218146525526,10.60705177895283,1.985030644624604,5.7697845085753214e-5,0.01199513936363636,0.00619455113416802,1.51086457940087,0.9867108086669816,-2.909269379238365,-1.1523798714006714,-3.5104154884288965,1.089298768737161,-0.7563352958184046,-0.02105363997354715,0.02,0.30182041888512834,6.207955855627253e-4,0.0049228083585139,0.6058352229018801,0.08680075426891494,0.04985305754926784,0.7153054644371083,0.5022689941630447,1,6,3
2,0.13849046385824723,0.1399709971483963,2.0638560611117915,23.74218146525526,10.60705177895283,1.985030644624604,5.7697845085753214e-5,0.011995139363636362,0.006194551134168019,1.51086457940087,0.9867108086669816,-2.909269379238365,-1.1523798714006714,-3.5104154884288965,1.089298768737161,-0.7563352958184046,-0.02105363997354715,0.02,0.965077545110551,0.0013453446383032148,0.005987582609802749,0.027087516879312185,5.020107620308915e-4,0.020500150863083634,0.023045541408169175,0.5022689941630447,0.8910414151968307,6,3
3,0.13849046385824723,0.1399709971483963,2.0638560611117915,23.74218146525526,10.60705177895283,1.985030644624604,5.7697845085753214e-5,0.011995139363636362,0.006194551134168019,1.51086457940087,0.9867108086669816,-2.909269379238365,-1.1523798714006714,-3.5104154884288965,1.089298768737161,-0.7563352958184046,-0.02105363997354715,0.02,0.9584949566261861,0.0013616355849883858,0.006852945862631444,0.03274873453798452,5.417273882095486e-4,0.0161130424488644,0.01893181306266527,0.5022689941630447,0.8745372960447919,6,3
4,0.13849046385824723,0.1399709971483963,2.0638560611117915,23.74218146525526,10.60705177895283,1.985030644624604,5.7697845085753214e-5,0.011995139363636362,0.006194551134168019,1.51086457940087,0.9867108086669816,-2.909269379238365,-1.1523798714006714,-3.5104154884288965,1.089298768737161,-0.7563352958184046,-0.02105363997354715,0.02,0.9666227605613867,7.850147745608407e-4,0.004362930475333601,0.027742767630930747,4.8652655778807054e-4,0.017645618092150803,0.016486920514087174,0.5022689941630447,0.8441431453407902,6,3
5,0.13849046385824723,0.1399709971483963,2.0638560611117915,23.74218146525526,10.60705177895283,1.985030644624604,5.7697845085753214e-5,0.011995139363636362,0.006194551134168019,1.51086457940087,0.9867108086669816,-2.909269379238365,-1.1523798714006714,-3.5104154884288965,1.089298768737161,-0.7563352958184046,-0.02105363997354715,0.02,0.9861542204110134,2.543447763564385e-4,0.0014037967802557972,0.012035491009210758,1.52147023163591e-4,0.013040927391236646,0.027017627570615606,0.5022689941630447,0.7895847930045085,6,3
6,0.13849046385824723,0.1399709971483963,2.0638560611117915,23.74218146525526,10.60705177895283,1.985030644624604,5.7697845085753214e-5,0.011995139363636362,0.006194551134168019,1.51086457940087,0.9867108086669816,-2.909269379238365,-1.1523798714006714,-3.5104154884288965,1.089298768737161,-0.7563352958184046,-0.02105363997354715,0.02,0.9927573161609126,4.8544884258353986e-4,0.0013464175195445427,0.005371142241267314,3.967523569203967e-5,0.007110608113995867,0.007771361076457757,0.5022689941630447,0.7598951433716805,6,3
7,0.13849046385824723,0.1399709971483963,2.0638560611117915,23.74218146525526,10.60705177895283,1.985030644624604,5.7697845085753214e-5,0.011995139363636362,0.006194551134168019,1.51086457940087,0.9867108086669816,-2.909269379238365,-1.1523798714006714,-3.5104154884288965,1.089298768737161,-0.7563352958184046,-0.02105363997354715,0.02,0.9867707819472764,6.232024540930801e-4,0.0023326474278809995,0.010210913720462744,6.2454450286821e-5,0.009467637916537305,0.00866991782990156,0.5022689941630447,0.7951925553984486,6,3
8,0.13849046385824723,0.1399709971483963,2.0638560611117915,23.74218146525526,10.60705177895283,1.985030644624604,5.7697845085753214e-5,0.011995139363636362,0.006194551134168019,1.51086457940087,0.9867108086669816,-2.909269379238365,-1.1523798714006714,-3.5104154884288965,1.089298768737161,-0.7563352958184046,-0.02105363997354715,0.02,0.9807861321708835,6.142871030974442e-4,0.0032795742146280835,0.015193769190020773,1.2623732137014262e-4,0.008597290139218337,0.009539080381706477,0.5022689941630447,0.7370736966932865,6,3
9,0.13849046385824723,0.1399709971483963,2.0638560611117915,23.74218146525526,10.60705177895283,1.985030644624604,5.7697845085753214e-5,0.011995139363636362,0.006194551134168019,1.51086457940087,0.9867108086669816,-2.909269379238365,-1.1523798714006714,-3.5104154884288965,1.089298768737161,-0.7563352958184046,-0.02105363997354715,0.02,0.986052038428189,3.520514725400368e-4,0.0017323160145163022,0.01176801707410345,9.557701065117156e-5,0.006236643340022153,0.00798609193583379,0.5022689941630447,0.6582400655283717,6,3
10,0.13849046385824723,0.1399709971483963,2.0638560611117915,23.74218146525526,10.60705177895283,1.985030644624604,5.7697845085753214e-5,0.011995139363636362,0.006194551134168019,1.51086457940087,0.9867108086669816,-2.909269379238365,-1.1523798714006714,-3.5104154884288965,1.089298768737161,-0.7563352958184046,-0.02105363997354715,0.02,0.992623579985511,2.14164265385527e-4,7.320173886495434e-4,0.006393743310814631,3.649504963920851e-5,0.00495017298054292,0.004455582379124445,0.5022689941630447,0.580325399677563,6,3
11,0.13849046385824723,0.1399709971483963,2.0638560611117915,23.74218146525526,10.60705177895283,1.985030644624604,5.7697845085753214e-5,0.011995139363636362,0.006194551134168019,1.51086457940087,0.9867108086669816,-2.909269379238365,-1.1523798714006714,-3.5104154884288965,1.089298768737161,-0.7563352958184046,-0.02105363997354715,0.02,0.9971327969010325,1.4056481407401282e-4,4.253996610676601e-4,0.002293244169335348,7.99445449046842e-6,0.0025784832496266947,0.0034645033855761707,0.5022689941630447,0.6325420076099758,6,3
12,0.13849046385824723,0.1399709971483963,2.0638560611117915,23.74218146525526,10.60705177895283,1.985030644624604,5.7697845085753214e-5,0.011995139363636362,0.006194551134168019,1.51086457940087,0.9867108086669816,-2.909269379238365,-1.1523798714006714,-3.5104154884288965,1.089298768737161,-0.7563352958184046,-0.02105363997354715,0.02,0.9892613540606143,4.930199475961634e-4,0.001996453854924867,0.00821173190818703,3.744022867756029e-5,0.0065724046956520945,0.006475603165575124,0.5022689941630447,0.46132728438076887,6,3
13,0.13849046385824723,0.1399709971483963,2.0638560611117915,23.74218146525526,10.60705177895283,1.985030644624604,5.7697845085753214e-5,0.011995139363636362,0.006194551134168019,1.51086457940087,0.9867108086669816,-2.909269379238365,-1.1523798714006714,-3.5104154884288965,1.089298768737161,-0.7563352958184046,-0.02105363997354715,0.02,0.998181027718599,7.070881654195416e-5,2.824916355046606e-4,0.0014637335385088994,2.0382908455849857e-6,0.001485911269138024,0.002049090374120124,0.5022689941630447,0.3747782812855182,6,3
1,0.13849046385824723,0.1399709971483963,2.0638560611117915,23.74218146525526,10.60705177895283,1.985030644624604,5.7697845085753214e-5,0.01199513936363636,0.00619455113416802,1.51086457940087,0.9867108086669816,-2.909269379238365,-1.1523798714006714,-3.5104154884288965,1.089298768737161,-0.7563352958184046,-0.02105363997354715,0.02,0.30182041888512834,6.207955855627253e-4,0.0049228083585139,0.6058352229018801,0.08680075426891494,0.04985305754926784,0.7153054644371083,0.5022689941630447,1,5,3
2,0.13849046385824723,0.1399709971483963,2.0638560611117915,23.74218146525526,10.60705177895283,1.985030644624604,5.7697845085753214e-5,0.011995139363636362,0.006194551134168019,1.51086457940087,0.9867108086669816,-2.909269379238365,-1.1523798714006714,-3.5104154884288965,1.089298768737161,-0.7563352958184046,-0.02105363997354715,0.02,0.9714409506005027,0.001061906478114412,0.004264530444653702,0.022826066415551016,4.065460611782103e-4,0.017306839668585924,0.018305784239610462,0.5022689941630447,0.9145837405426385,5,3
3,0.13849046385824723,0.1399709971483963,2.0638560611117915,23.74218146525526,10.60705177895283,1.985030644624604,5.7697845085753214e-5,0.011995139363636362,0.006194551134168019,1.51086457940087,0.9867108086669816,-2.909269379238365,-1.1523798714006714,-3.5104154884288965,1.089298768737161,-0.7563352958184046,-0.02105363997354715,0.02,0.957933380729576,0.001386610378204683,0.006915055794262506,0.03320909594468177,5.558571532749854e-4,0.020254108294287698,0.01974702106107784,0.5022689941630447,0.8938057178302158,5,3
4,0.13849046385824723,0.1399709971483963,2.0638560611117915,23.74218146525526,10.60705177895283,1.985030644624604,5.7697845085753214e-5,0.011995139363636362,0.006194551134168019,1.51086457940087,0.9867108086669816,-2.909269379238365,-1.1523798714006714,-3.5104154884288965,1.089298768737161,-0.7563352958184046,-0.02105363997354715,0.02,0.9662490895801585,8.33219807921978e-4,0.00444264794721633,0.02798719554719728,4.8784711750585733e-4,0.01551054634688854,0.01757876353081602,0.5022689941630447,0.8889525873943167,5,3
5,0.13849046385824723,0.1399709971483963,2.0638560611117915,23.74218146525526,10.60705177895283,1.985030644624604,5.7697845085753214e-5,0.011995139363636362,0.006194551134168019,1.51086457940087,0.9867108086669816,-2.909269379238365,-1.1523798714006714,-3.5104154884288965,1.089298768737161,-0.7563352958184046,-0.02105363997354715,0.02,0.9863947033596349,3.7082384296750217e-4,0.0013545724780008185,0.011733170456574177,1.467298628226178e-4,0.007970349825512951,0.0056922090708111,0.5022689941630447,0.8241643795906238,5,3
6,0.13849046385824723,0.1399709971483963,2.0638560611117915,23.74218146525526,10.60705177895283,1.985030644624604,5.7697845085753214e-5,0.011995139363636362,0.006194551134168019,1.51086457940087,0.9867108086669816,-2.909269379238365,-1.1523798714006714,-3.5104154884288965,1.089298768737161,-0.7563352958184046,-0.02105363997354715,0.02,0.992800578615025,4.94181310492945e-4,0.0013505184935373366,0.005315425626602273,3.929595434254102e-5,0.007211847034393455,0.007181557759139694,0.5022689941630447,0.8588060778682727,5,3
7,0.13849046385824723,0.1399709971483963,2.0638560611117915,23.74218146525526,10.60705177895283,1.985030644624604,5.7697845085753214e-5,0.011995139363636362,0.006194551134168019,1.51086457940087,0.9867108086669816,-2.909269379238365,-1.1523798714006714,-3.5104154884288965,1.089298768737161,-0.7563352958184046,-0.02105363997354715,0.02,0.9866567647020752,6.446718106393957e-4,0.002361663822113245,0.010272385776299731,6.451388887249331e-5,0.00866111141657457,0.0088263146482256815,0.5022689941630447,0.7697905102801903,5,3
8,0.13849046385824723,0.1399709971483963,2.0638560611117915,23.74218146525526,10.60705177895283,1.985030644624604,5.7697845085753214e-5,0.011995139363636362,0.006194551134168019,1.51086457940087,0.9867108086669816,-2.909269379238365,-1.1523798714006714,-3.5104154884288965,1.089298768737161,-0.7563352958184046,-0.02105363997354715,0.02,0.9806392914205568,5.715832159772069e-4,0.0032316697389070045,0.015429755935232235,1.2769968932683216e-4,0.010082686333675915,0.01200470271545388,0.5022689941630447,0.7469730605111058,5,3
9,0.13849046385824723,0.1399709971483963,2.0638560611117915,23.74218146525526,10.60705177895283,1.985030644624604,5.7697845085753214e-5,0.011995139363636362,0.006194551134168019,1.51086457940087,0.9867108086669816,-2.909269379238365,-1.1523798714006714,-3.5104154884288965,1.089298768737161,-0.7563352958184046,-0.02105363997354715,0.02,0.986288500005108,3.566115618692444e-4,0.001719994776726037,0.011543019409413012,9.187424688362438e-5,0.006981073170856123,0.007864271822390663,0.5022689941630447,0.7019181393270629,5,3
10,0.13849046385824723,0.1399709971483963,2.0638560611117915,23.74218146525526,10.60705177895283,1.985030644624604,5.7697845085753214e-5,0.011995139363636362,0.006194551134168019,1.51086457940087,0.9867108086669816,-2.909269379238365,-1.1523798714006714,-3.5104154884288965,1.089298768737161,-0.7563352958184046,-0.02105363997354715,0.02,0.9925476614137507,2.1339609198705892e-4,7.395488769579946e-4,0.006462197712603095,3.7195904701079845e-5,0.00419737381163473,0.0038989046558030108,0.5022689941630447,0.6748961935095683,5,3
11,0.13849046385824723,0.1399709971483963,2.0638560611117915,23.74218146525526,10.60705177895283,1.985030644624604,5.7697845085753214e-5,0.011995139363636362,0.006194551134168019,1.51086457940087,0.9867108086669816,-2.909269379238365,-1.1523798714006714,-3.5104154884288965,1.089298768737161,-0.7563352958184046,-0.02105363997354715,0.02,0.997055378500427,1.5046908374296772e-4,4.28176984065102e-4,0.002356775974380416,9.199457384488763e-6,0.003691267301280841,0.0036313459106865576,0.5022689941630447,0.5883094350358777,5,3
12,0.13849046385824723,0.1399709971483963,2.0638560611117915,23.74218146525526,10.60705177895283,1.985030644624604,5.7697845085753214e-5,0.011995139363636362,0.006194551134168019,1.51086457940087,0.9867108086669816,-2.909269379238365,-1.1523798714006714,-3.5104154884288965,1.089298768737161,-0.7563352958184046,-0.02105363997354715,0.02,0.9905691404163224,4.28595467591344e-4,0.0017662781540275267,0.007206818271814951,2.916769024381971e-5,0.006015836314093969,0.005551718793290999,0.5022689941630447,0.3438146515207368,5,3
13,0.13849046385824723,0.1399709971483963,2.0638560611117915,23.74218146525526,10.60705177895283,1.985030644624604,5.7697845085753214e-5,0.011995139363636362,0.006194551134168019,1.51086457940087,0.9867108086669816,-2.909269379238365,-1.1523798714006714,-3.5104154884288965,1.089298768737161,-0.7563352958184046,-0.02105363997354715,0.02,0.9983097715228997,7.051496714997783e-5,2.790300866524989e-4,0.0013391747581215274,1.5086651763415433e-6,0.001379557684018558,0.001186987891362565,0.5022689941630447,0.34040630985606746,5,3
1,0.13849046385824723,0.1399709971483963,2.0638560611117915,23.74218146525526,10.60705177895283,1.985030644624604,5.7697845085753214e-5,0.01199513936363636,0.00619455113416802,1.51086457940087,0.9867108086669816,-2.909269379238365,-1.1523798714006714,-3.5104154884288965,1.089298768737161,-0.7563352958184046,-0.02105363997354715,0.02,0.30182041888512834,6.207955855627253e-4,0.0049228083585139,0.6058352229018801,0.08680075426891494,0.04985305754926784,0.7153054644371083,0.5022689941630447,1,4,3
2,0.13849046385824723,0.1399709971483963,2.0638560611117915,23.74218146525526,10.60705177895283,1.985030644624604,5.7697845085753214e-5,0.011995139363636362,0.006194551134168019,1.51086457940087,0.9867108086669816,-2.909269379238365,-1.1523798714006714,-3.5104154884288965,1.089298768737161,-0.7563352958184046,-0.02105363997354715,0.02,0.9725605361652665,9.814155140729335e-4,0.004224690081413392,0.02191505437590617,3.183038633410445e-4,0.01915830475220081,0.016648236484355098,0.5022689941630447,0.9226655841927084,4,3
3,0.13849046385824723,0.1399709971483963,2.0638560611117915,23.74218146525526,10.60705177895283,1.985030644624604,5.7697845085753214e-5,0.011995139363636362,0.006194551134168019,1.51086457940087,0.9867108086669816,-2.909269379238365,-1.1523798714006714,-3.5104154884288965,1.089298768737161,-0.7563352958184046,-0.02105363997354715,0.02,0.9585058537406668,0.0013690063272949662,0.006871924471387256,0.03271096673816609,5.422487224849211e-4,0.02097884350324462,0.019495329164729253,0.5022689941630447,0.8956585343643882,4,3
4,0.13849046385824723,0.1399709971483963,2.0638560611117915,23.74218146525526,10.60705177895283,1.985030644624604,5.7697845085753214e-5,0.011995139363636362,0.006194551134168019,1.51086457940087,0.9867108086669816,-2.909269379238365,-1.1523798714006714,-3.5104154884288965,1.089298768737161,-0.7563352958184046,-0.02105363997354715,0.02,0.9664399357974943,8.135135682681876e-4,0.004382831295914238,0.027875186700397597,4.885326379256794e-4,0.013961258218526158,0.019312125108135066,0.5022689941630447,0.8065961308568039,4,3
5,0.13849046385824723,0.1399709971483963,2.0638560611117915,23.74218146525526,10.60705177895283,1.985030644624604,5.7697845085753214e-5,0.011995139363636362,0.006194551134168019,1.51086457940087,0.9867108086669816,-2.909269379238365,-1.1523798714006714,-3.5104154884288965,1.089298768737161,-0.7563352958184046,-0.02105363997354715,0.02,0.9863725401985962,2.809855802955781e-4,0.0013820686327467603,0.011815956613195868,1.4844897516552206e-4,0.006765992226498459,0.011007976923682605,0.5022689941630447,0.8059559738290859,4,3
6,0.13849046385824723,0.1399709971483963,2.0638560611117915,23.74218146525526,10.60705177895283,1.985030644624604,5.7697845085753214e-5,0.011995139363636362,0.006194551134168019,1.51086457940087,0.9867108086669816,-2.909269379238365,-1.1523798714006714,-3.5104154884288965,1.089298768737161,-0.7563352958184046,-0.02105363997354715,0.02,0.9927741972406392,4.805731095723004e-4,0.001356287138366303,0.005349981363805167,3.896114761713668e-5,0.007152195580106972,0.007652734433503715,0.5022689941630447,0.8322568224241067,4,3
7,0.13849046385824723,0.1399709971483963,2.0638560611117915,23.74218146525526,10.60705177895283,1.985030644624604,5.7697845085753214e-5,0.011995139363636362,0.006194551134168019,1.51086457940087,0.9867108086669816,-2.909269379238365,-1.1523798714006714,-3.5104154884288965,1.089298768737161,-0.7563352958184046,-0.02105363997354715,0.02,0.9866718848984581,6.588297999762408e-4,0.002348054953821593,0.01025783246630865,6.33978814353538e-5,0.011812093520676241,0.009888917925193268,0.5022689941630447,0.7388836908749626,4,3
8,0.13849046385824723,0.1399709971483963,2.0638560611117915,23.74218146525526,10.60705177895283,1.985030644624604,5.7697845085753214e-5,0.011995139363636362,0.006194551134168019,1.51086457940087,0.9867108086669816,-2.909269379238365,-1.1523798714006714,-3.5104154884288965,1.089298768737161,-0.7563352958184046,-0.02105363997354715,0.02,0.9809050277505278,5.50950727042601e-4,0.003198312023251541,0.015221382231368869,1.2432726780930975e-4,0.013853690610368237,0.012870845657176484,0.5022689941630447,0.6851629887889332,4,3
9,0.13849046385824723,0.1399709971483963,2.0638560611117915,23.74218146525526,10.60705177895283,1.985030644624604,5.7697845085753214e-5,0.011995139363636362,0.006194551134168019,1.51086457940087,0.9867108086669816,-2.909269379238365,-1.1523798714006714,-3.5104154884288965,1.089298768737161,-0.7563352958184046,-0.02105363997354715,0.02,0.9862391787471909,3.301695665172062e-4,0.0017125409076104653,0.011625615761285438,9.249501739603847e-5,0.008286125394134095,0.006000402073639509,0.5022689941630447,0.7165740410479121,4,3
10,0.13849046385824723,0.1399709971483963,2.0638560611117915,23.74218146525526,10.60705177895283,1.985030644624604,5.7697845085753214e-5,0.011995139363636362,0.006194551134168019,1.51086457940087,0.9867108086669816,-2.909269379238365,-1.1523798714006714,-3.5104154884288965,1.089298768737161,-0.7563352958184046,-0.02105363997354715,0.02,0.9922625855464758,2.132325265161533e-4,7.554931725884488e-4,0.0067300808674597146,3.860788695977664e-5,0.004738728062403145,0.005194438783723648,0.5022689941630447,0.607347657547329,4,3
11,0.13849046385824723,0.1399709971483963,2.0638560611117915,23.74218146525526,10.60705177895283,1.985030644624604,5.7697845085753214e-5,0.011995139363636362,0.006194551134168019,1.51086457940087,0.9867108086669816,-2.909269379238365,-1.1523798714006714,-3.5104154884288965,1.089298768737161,-0.7563352958184046,-0.02105363997354715,0.02,0.9969459048073158,1.3916641412984197e-4,4.3036935308533674e-4,0.002475592283892596,8.967141576376813e-6,0.0033696562222417046,0.0028817358272353443,0.5022689941630447,0.5799422859226127,4,3
12,0.13849046385824723,0.1399709971483963,2.0638560611117915,23.74218146525526,10.60705177895283,1.985030644624604,5.7697845085753214e-5,0.011995139363636362,0.006194551134168019,1.51086457940087,0.9867108086669816,-2.909269379238365,-1.1523798714006714,-3.5104154884288965,1.089298768737161,-0.7563352958184046,-0.02105363997354715,0.02,0.9908772061431691,4.068131017976821e-4,0.0016734812308259411,0.007015022824197785,2.7476700009550372e-5,0.005898390955049639,0.005477676542480345,0.5022689941630447,0.34786752217915623,4,3
13,0.13849046385824723,0.1399709971483963,2.0638560611117915,23.74218146525526,10.60705177895283,1.985030644624604,5.7697845085753214e-5,0.011995139363636362,0.006194551134168019,1.51086457940087,0.9867108086669816,-2.909269379238365,-1.1523798714006714,-3.5104154884288965,1.089298768737161,-0.7563352958184046,-0.02105363997354715,0.02,0.9983914485821899,7.094994470098002e-5,2.7747829161941834e-4,0.001258846701668365,1.2764798214191608e-6,0.0022533639036849073,0.0015642896163551884,0.5022689941630447,0.24645012546775658,4,3
1,0.13849046385824723,0.1399709971483963,2.0638560611117915,23.74218146525526,10.60705177895283,1.985030644624604,5.7697845085753214e-5,0.01199513936363636,0.00619455113416802,1.51086457940087,0.9867108086669816,-2.909269379238365,-1.1523798714006714,-3.5104154884288965,1.089298768737161,-0.7563352958184046,-0.02105363997354715,0.02,0.30182041888512834,6.207955855627253e-4,0.0049228083585139,0.6058352229018801,0.08680075426891494,0.04985305754926784,0.7153054644371083,0.5022689941630447,1,3,3
2,0.13849046385824723,0.1399709971483963,2.0638560611117915,23.74218146525526,10.60705177895283,1.985030644624604,5.7697845085753214e-5,0.011995139363636362,0.006194551134168019,1.51086457940087,0.9867108086669816,-2.909269379238365,-1.1523798714006714,-3.5104154884288965,1.089298768737161,-0.7563352958184046,-0.02105363997354715,0.02,0.9815678611260998,5.184401382928351e-4,0.0023054719844763398,0.015429225731964723,1.79001019166252e-4,0.011584988628992295,0.012017873510418753,0.5022689941630447,0.9416921155044612,3,3
3,0.13849046385824723,0.1399709971483963,2.0638560611117915,23.74218146525526,10.60705177895283,1.985030644624604,5.7697845085753214e-5,0.011995139363636362,0.006194551134168019,1.51086457940087,0.9867108086669816,-2.909269379238365,-1.1523798714006714,-3.5104154884288965,1.089298768737161,-0.7563352958184046,-0.02105363997354715,0.02,0.9582564922241769,0.0013940529048652008,0.0068923108067346925,0.032908937969522725,5.482060947004887e-4,0.019228385120598615,0.0213849420955584,0.5022689941630447,0.9527322181769561,3,3
4,0.13849046385824723,0.1399709971483963,2.0638560611117915,23.74218146525526,10.60705177895283,1.985030644624604,5.7697845085753214e-5,0.011995139363636362,0.006194551134168019,1.51086457940087,0.9867108086669816,-2.909269379238365,-1.1523798714006714,-3.5104154884288965,1.089298768737161,-0.7563352958184046,-0.02105363997354715,0.02,0.9664116114845086,8.195856542697146e-4,0.004406974698092603,0.027866608547493354,4.95219615635795e-4,0.015090673238854147,0.015181573690466257,0.5022689941630447,0.8463586236951359,3,3
5,0.13849046385824723,0.1399709971483963,2.0638560611117915,23.74218146525526,10.60705177895283,1.985030644624604,5.7697845085753214e-5,0.011995139363636362,0.006194551134168019,1.51086457940087,0.9867108086669816,-2.909269379238365,-1.1523798714006714,-3.5104154884288965,1.089298768737161,-0.7563352958184046,-0.02105363997354715,0.02,0.9872290165289705,2.9354644035421273e-4,0.001261423792907028,0.011076468354369727,1.3954488339855685e-4,0.007927729879321313,0.012543816326528843,0.5022689941630447,0.716839582395624,3,3
6,0.13849046385824723,0.1399709971483963,2.0638560611117915,23.74218146525526,10.60705177895283,1.985030644624604,5.7697845085753214e-5,0.011995139363636362,0.006194551134168019,1.51086457940087,0.9867108086669816,-2.909269379238365,-1.1523798714006714,-3.5104154884288965,1.089298768737161,-0.7563352958184046,-0.02105363997354715,0.02,0.9929770397279765,4.6331908590388005e-4,0.0013393842567902088,0.005186680628635504,3.357630069387545e-5,0.0072115455499638485,0.006352410332569036,0.5022689941630447,0.7962493044763067,3,3
7,0.13849046385824723,0.1399709971483963,2.0638560611117915,23.74218146525526,10.60705177895283,1.985030644624604,5.7697845085753214e-5,0.011995139363636362,0.006194551134168019,1.51086457940087,0.9867108086669816,-2.909269379238365,-1.1523798714006714,-3.5104154884288965,1.089298768737161,-0.7563352958184046,-0.02105363997354715,0.02,0.9868418120647564,6.282413508646514e-4,0.0023332899691117254,0.010137378753272872,5.927786199417927e-5,0.009606565024605402,0.01009005777173752,0.5022689941630447,0.7308849173485534,3,3
8,0.13849046385824723,0.1399709971483963,2.0638560611117915,23.74218146525526,10.60705177895283,1.985030644624604,5.7697845085753214e-5,0.011995139363636362,0.006194551134168019,1.51086457940087,0.9867108086669816,-2.909269379238365,-1.1523798714006714,-3.5104154884288965,1.089298768737161,-0.7563352958184046,-0.02105363997354715,0.02,0.9806088140087383,5.533129005058286e-4,0.003252593216853007,0.015456833166428336,1.2844670747453221e-4,0.01153709852966274,0.0077116839576345025,0.5022689941630447,0.788447237788268,3,3
9,0.13849046385824723,0.1399709971483963,2.0638560611117915,23.74218146525526,10.60705177895283,1.985030644624604,5.7697845085753214e-5,0.011995139363636362,0.006194551134168019,1.51086457940087,0.9867108086669816,-2.909269379238365,-1.1523798714006714,-3.5104154884288965,1.089298768737161,-0.7563352958184046,-0.02105363997354715,0.02,0.9861774018504194,3.6411402899798226e-4,0.0017421420054994506,0.01162064399880355,9.569811627959528e-5,0.006836832109180225,0.007964347882953712,0.5022689941630447,0.6223779476234212,3,3
10,0.13849046385824723,0.1399709971483963,2.0638560611117915,23.74218146525526,10.60705177895283,1.985030644624604,5.7697845085753214e-5,0.011995139363636362,0.006194551134168019,1.51086457940087,0.9867108086669816,-2.909269379238365,-1.1523798714006714,-3.5104154884288965,1.089298768737161,-0.7563352958184046,-0.02105363997354715,0.02,0.992780883957534,2.057898876043797e-4,7.186326303420735e-4,0.00625915729298306,3.55362315364005e-5,0.0044090054777753945,0.0036251308011359764,0.5022689941630447,0.5765007037077969,3,3
11,0.13849046385824723,0.1399709971483963,2.0638560611117915,23.74218146525526,10.60705177895283,1.985030644624604,5.7697845085753214e-5,0.011995139363636362,0.006194551134168019,1.51086457940087,0.9867108086669816,-2.909269379238365,-1.1523798714006714,-3.5104154884288965,1.089298768737161,-0.7563352958184046,-0.02105363997354715,0.02,0.9970905796547025,1.3282032531928775e-4,4.252484457996152e-4,0.0023436196146744068,7.73195950423746e-6,0.002694843016158222,0.002321770118659522,0.5022689941630447,0.5705684779428936,3,3
12,0.13849046385824723,0.1399709971483963,2.0638560611117915,23.74218146525526,10.60705177895283,1.985030644624604,5.7697845085753214e-5,0.011995139363636362,0.006194551134168019,1.51086457940087,0.9867108086669816,-2.909269379238365,-1.1523798714006714,-3.5104154884288965,1.089298768737161,-0.7563352958184046,-0.02105363997354715,0.02,0.9909833796769083,4.093252466556265e-4,0.0016608637106335794,0.006919867284716964,2.6564081085590396e-5,0.006081444591108688,0.0060728449749213485,0.5022689941630447,0.2093833758963438,3,3
13,0.13849046385824723,0.1399709971483963,2.0638560611117915,23.74218146525526,10.60705177895283,1.985030644624604,5.7697845085753214e-5,0.011995139363636362,0.006194551134168019,1.51086457940087,0.9867108086669816,-2.909269379238365,-1.1523798714006714,-3.5104154884288965,1.089298768737161,-0.7563352958184046,-0.02105363997354715,0.02,0.9985798610512018,5.073962771205542e-5,2.4547144292101706e-4,0.001122986054230992,9.418239342106011e-7,7.659084283310112e-4,8.988595064364589e-4,0.5022689941630447,0.20767293711652918,3,3
1,0.13849046385824723,0.1399709971483963,2.0638560611117915,23.74218146525526,10.60705177895283,1.985030644624604,5.7697845085753214e-5,0.01199513936363636,0.00619455113416802,1.51086457940087,0.9867108086669816,-2.909269379238365,-1.1523798714006714,-3.5104154884288965,1.089298768737161,-0.7563352958184046,-0.02105363997354715,0.02,0.30182041888512834,6.207955855627253e-4,0.0049228083585139,0.6058352229018801,0.08680075426891494,0.04985305754926784,0.7153054644371083,0.5022689941630447,1,2,3
2,0.13849046385824723,0.1399709971483963,2.0638560611117915,23.74218146525526,10.60705177895283,1.985030644624604,5.7697845085753214e-5,0.011995139363636362,0.006194551134168019,1.51086457940087,0.9867108086669816,-2.909269379238365,-1.1523798714006714,-3.5104154884288965,1.089298768737161,-0.7563352958184046,-0.02105363997354715,0.02,0.9862118520960627,7.479797122478716e-4,0.002702325212653783,0.010242213007593157,9.562997144247777e-5,0.012405888051502039,0.012884816429612325,0.5022689941630447,0.9176312059102932,2,3
3,0.13849046385824723,0.1399709971483963,2.0638560611117915,23.74218146525526,10.60705177895283,1.985030644624604,5.7697845085753214e-5,0.011995139363636362,0.006194551134168019,1.51086457940087,0.9867108086669816,-2.909269379238365,-1.1523798714006714,-3.5104154884288965,1.089298768737161,-0.7563352958184046,-0.02105363997354715,0.02,0.9579719633193906,0.0013999553534643169,0.006925925796451053,0.033145214868067485,5.569406626266578e-4,0.017441903101242096,0.01998059637479365,0.5022689941630447,0.8998256838948058,2,3
4,0.13849046385824723,0.1399709971483963,2.0638560611117915,23.74218146525526,10.60705177895283,1.985030644624604,5.7697845085753214e-5,0.011995139363636362,0.006194551134168019,1.51086457940087,0.9867108086669816,-2.909269379238365,-1.1523798714006714,-3.5104154884288965,1.089298768737161,-0.7563352958184046,-0.02105363997354715,0.02,0.9657753445694929,8.248661765303263e-4,0.004400706559347572,0.028465250903661147,5.33831790968157e-4,0.013377315632429122,0.016349889796089655,0.5022689941630447,0.7513367006920011,2,3
5,0.13849046385824723,0.1399709971483963,2.0638560611117915,23.74218146525526,10.60705177895283,1.985030644624604,5.7697845085753214e-5,0.011995139363636362,0.006194551134168019,1.51086457940087,0.9867108086669816,-2.909269379238365,-1.1523798714006714,-3.5104154884288965,1.089298768737161,-0.7563352958184046,-0.02105363997354715,0.02,0.9867721151646877,2.0969592008602997e-4,0.0013016644146599118,0.01157480781679696,1.4171668376942732e-4,0.004025451904543065,0.008144062411629542,0.5022689941630447,0.6046598974493378,2,3
6,0.13849046385824723,0.1399709971483963,2.0638560611117915,23.74218146525526,10.60705177895283,1.985030644624604,5.7697845085753214e-5,0.011995139363636362,0.006194551134168019,1.51086457940087,0.9867108086669816,-2.909269379238365,-1.1523798714006714,-3.5104154884288965,1.089298768737161,-0.7563352958184046,-0.02105363997354715,0.02,0.9932941543476003,4.296064080822772e-4,0.0012981335242133627,0.0049517325798958236,2.6373140208272584e-5,0.006339865867792304,0.0067208867793935295,0.5022689941630447,0.7951249917698118,2,3
7,0.13849046385824723,0.1399709971483963,2.0638560611117915,23.74218146525526,10.60705177895283,1.985030644624604,5.7697845085753214e-5,0.011995139363636362,0.006194551134168019,1.51086457940087,0.9867108086669816,-2.909269379238365,-1.1523798714006714,-3.5104154884288965,1.089298768737161,-0.7563352958184046,-0.02105363997354715,0.02,0.9869895032591446,6.2546603182364e-4,0.002325790987658611,0.010001462058092728,5.777766328049645e-5,0.008884980599392389,0.008910686645916545,0.5022689941630447,0.8803539770799911,2,3
8,0.13849046385824723,0.1399709971483963,2.0638560611117915,23.74218146525526,10.60705177895283,1.985030644624604,5.7697845085753214e-5,0.011995139363636362,0.006194551134168019,1.51086457940087,0.9867108086669816,-2.909269379238365,-1.1523798714006714,-3.5104154884288965,1.089298768737161,-0.7563352958184046,-0.02105363997354715,0.02,0.9805484188117497,5.841042238094362e-4,0.003237050128276902,0.015494675280354284,1.3575155580969147e-4,0.01824202915971965,0.010530671284145917,0.5022689941630447,0.5972778096150573,2,3
9,0.13849046385824723,0.1399709971483963,2.0638560611117915,23.74218146525526,10.60705177895283,1.985030644624604,5.7697845085753214e-5,0.011995139363636362,0.006194551134168019,1.51086457940087,0.9867108086669816,-2.909269379238365,-1.1523798714006714,-3.5104154884288965,1.089298768737161,-0.7563352958184046,-0.02105363997354715,0.02,0.9861980654697677,3.25805904342488e-4,0.0017042320641038904,0.011673606983141337,9.828957864452473e-5,0.005935661397477119,0.006005721346312153,0.5022689941630447,0.6572415220134654,2,3
10,0.13849046385824723,0.1399709971483963,2.0638560611117915,23.74218146525526,10.60705177895283,1.985030644624604,5.7697845085753214e-5,0.011995139363636362,0.006194551134168019,1.51086457940087,0.9867108086669816,-2.909269379238365,-1.1523798714006714,-3.5104154884288965,1.089298768737161,-0.7563352958184046,-0.02105363997354715,0.02,0.9928621046739057,2.0622435306909322e-4,7.22530295227575e-4,0.00617642672002585,3.27139577717962e-5,0.004292582681251289,0.004282190609890476,0.5022689941630447,0.5667639217411515,2,3
11,0.13849046385824723,0.1399709971483963,2.0638560611117915,23.74218146525526,10.60705177895283,1.985030644624604,5.7697845085753214e-5,0.011995139363636362,0.006194551134168019,1.51086457940087,0.9867108086669816,-2.909269379238365,-1.1523798714006714,-3.5104154884288965,1.089298768737161,-0.7563352958184046,-0.02105363997354715,0.02,0.9971468153352505,1.3221671526917822e-4,4.214285121460624e-4,0.0022929739788440187,6.565458490211937e-6,0.0021927348062004623,0.0026761219417832326,0.5022689941630447,0.4807585886478887,2,3
12,0.13849046385824723,0.1399709971483963,2.0638560611117915,23.74218146525526,10.60705177895283,1.985030644624604,5.7697845085753214e-5,0.011995139363636362,0.006194551134168019,1.51086457940087,0.9867108086669816,-2.909269379238365,-1.1523798714006714,-3.5104154884288965,1.089298768737161,-0.7563352958184046,-0.02105363997354715,0.02,0.9935399570484129,2.882249936571824e-4,0.001171762934718251,0.004986106762295732,1.394826091591147e-5,0.004068915023900131,0.004465733221932552,0.5022689941630447,0.18538495091185658,2,3
13,0.13849046385824723,0.1399709971483963,2.0638560611117915,23.74218146525526,10.60705177895283,1.985030644624604,5.7697845085753214e-5,0.011995139363636362,0.006194551134168019,1.51086457940087,0.9867108086669816,-2.909269379238365,-1.1523798714006714,-3.5104154884288965,1.089298768737161,-0.7563352958184046,-0.02105363997354715,0.02,0.998558724716718,4.668064939080699e-5,2.331554513201599e-4,0.001160210213950012,1.228968621082423e-6,7.369487271869158e-4,7.362970470896509e-4,0.5022689941630447,0.23059152533115468,2,3
1,0.13849046385824723,0.1399709971483963,2.0638560611117915,23.74218146525526,10.60705177895283,1.985030644624604,5.7697845085753214e-5,0.01199513936363636,0.00619455113416802,1.51086457940087,0.9867108086669816,-2.909269379238365,-1.1523798714006714,-3.5104154884288965,1.089298768737161,-0.7563352958184046,-0.02105363997354715,0.02,0.30182041888512834,6.207955855627253e-4,0.0049228083585139,0.6058352229018801,0.08680075426891494,0.04985305754926784,0.7153054644371083,0.5022689941630447,1,14,4
2,0.13849046385824723,0.1399709971483963,2.0638560611117915,23.74218146525526,10.60705177895283,1.985030644624604,5.7697845085753214e-5,0.011995139363636362,0.006194551134168019,1.51086457940087,0.9867108086669816,-2.909269379238365,-1.1523798714006714,-3.5104154884288965,1.089298768737161,-0.7563352958184046,-0.02105363997354715,0.02,0.8345096294094706,0.0031895593656912826,0.013382359764733934,0.12799152470367395,0.020926926756430264,0.03940885206509791,0.042682623189606875,0.5022689941630447,0.9688657842922928,14,4
3,0.13849046385824723,0.1399709971483963,2.0638560611117915,23.74218146525526,10.60705177895283,1.985030644624604,5.7697845085753214e-5,0.011995139363636362,0.006194551134168019,1.51086457940087,0.9867108086669816,-2.909269379238365,-1.1523798714006714,-3.5104154884288965,1.089298768737161,-0.7563352958184046,-0.02105363997354715,0.02,0.9575817155962463,0.001427859592187723,0.006979699412712215,0.03344246112696348,5.682642718903378e-4,0.01858271785443079,0.01859155951170021,0.5022689941630447,0.9441522364642605,14,4
4,0.13849046385824723,0.1399709971483963,2.0638560611117915,23.74218146525526,10.60705177895283,1.985030644624604,5.7697845085753214e-5,0.011995139363636362,0.006194551134168019,1.51086457940087,0.9867108086669816,-2.909269379238365,-1.1523798714006714,-3.5104154884288965,1.089298768737161,-0.7563352958184046,-0.02105363997354715,0.02,0.9662249697806669,8.440028689418264e-4,0.0044303906532131825,0.02801480087031186,4.8583582686633387e-4,0.01535783788822406,0.01821890464025312,0.5022689941630447,0.8490163932128569,14,4
5,0.13849046385824723,0.1399709971483963,2.0638560611117915,23.74218146525526,10.60705177895283,1.985030644624604,5.7697845085753214e-5,0.011995139363636362,0.006194551134168019,1.51086457940087,0.9867108086669816,-2.909269379238365,-1.1523798714006714,-3.5104154884288965,1.089298768737161,-0.7563352958184046,-0.02105363997354715,0.02,0.9868106018161745,2.476731701417604e-4,0.0013412882997629546,0.01146038748435919,1.4004922956159074e-4,0.007467688559884305,0.00517521874002726,0.5022689941630447,0.907430149005351,14,4
6,0.13849046385824723,0.1399709971483963,2.0638560611117915,23.74218146525526,10.60705177895283,1.985030644624604,5.7697845085753214e-5,0.011995139363636362,0.006194551134168019,1.51086457940087,0.9867108086669816,-2.909269379238365,-1.1523798714006714,-3.5104154884288965,1.089298768737161,-0.7563352958184046,-0.02105363997354715,0.02,0.9926306611659663,5.118289769294968e-4,0.0013663670565832499,0.0054486936257590445,4.244917476191191e-5,0.007764661787440573,0.009595936035313647,0.5022689941630447,0.8426301526710445,14,4
7,0.13849046385824723,0.1399709971483963,2.0638560611117915,23.74218146525526,10.60705177895283,1.985030644624604,5.7697845085753214e-5,0.011995139363636362,0.006194551134168019,1.51086457940087,0.9867108086669816,-2.909269379238365,-1.1523798714006714,-3.5104154884288965,1.089298768737161,-0.7563352958184046,-0.02105363997354715,0.02,0.98664995558583235,6.399364120271826e-4,0.002363736123904109,0.010282348979410784,6.402289882552625e-5,0.009056601071490467,0.010751365489507368,0.5022689941630447,0.8053330971324236,14,4
8,0.13849046385824723,0.1399709971483963,2.0638560611117915,23.74218146525526,10.60705177895283,1.985030644624604,5.7697845085753214e-5,0.011995139363636362,0.006194551134168019,1.51086457940087,0.9867108086669816,-2.909269379238365,-1.1523798714006714,-3.5104154884288965,1.089298768737161,-0.7563352958184046,-0.02105363997354715,0.02,0.9807530072686793,5.603130693949345e-4,0.003228511797054542,0.015329903929819585,1.2826393505162937e-4,0.0053652371492099865,0.010096907489595897,0.5022689941630447,0.7874319396485415,14,4
9,0.13849046385824723,0.1399709971483963,2.0638560611117915,23.74218146525526,10.60705177895283,1.985030644624604,5.7697845085753214e-5,0.011995139363636362,0.006194551134168019,1.51086457940087,0.9867108086669816,-2.909269379238365,-1.1523798714006714,-3.5104154884288965,1.089298768737161,-0.7563352958184046,-0.02105363997354715,0.02,0.9861575994939258,3.6533424579976627e-4,0.0017334514875707362,0.01164932636123726,9.428841146638081e-5,0.007296435797877259,0.008713029111444419,0.5022689941630447,0.8041034702610868,14,4
10,0.13849046385824723,0.1399709971483963,2.0638560611117915,23.74218146525526,10.60705177895283,1.985030644624604,5.7697845085753214e-5,0.011995139363636362,0.006194551134168019,1.51086457940087,0.9867108086669816,-2.909269379238365,-1.1523798714006714,-3.5104154884288965,1.089298768737161,-0.7563352958184046,-0.02105363997354715,0.02,0.9923830686388564,2.3046307262703338e-4,7.56298822891687e-4,0.006590934087847122,3.92353777777283e-5,0.0050160269838314415,0.004661280834222708,0.5022689941630447,0.6474065961685961,14,4
11,0.13849046385824723,0.1399709971483963,2.0638560611117915,23.74218146525526,10.60705177895283,1.985030644624604,5.7697845085753214e-5,0.011995139363636362,0.006194551134168019,1.51086457940087,0.9867108086669816,-2.909269379238365,-1.1523798714006714,-3.5104154884288965,1.089298768737161,-0.7563352958184046,-0.02105363997354715,0.02,0.9970106922675643,1.493256413238665e-4,4.337743994884823e-4,0.0023972246593842606,8.98303223905254e-6,0.0020743169849038678,0.0028405062162866336,0.5022689941630447,0.6503134599932228,14,4
12,0.13849046385824723,0.1399709971483963,2.0638560611117915,23.74218146525526,10.60705177895283,1.985030644624604,5.7697845085753214e-5,0.011995139363636362,0.006194551134168019,1.51086457940087,0.9867108086669816,-2.909269379238365,-1.1523798714006714,-3.5104154884288965,1.089298768737161,-0.7563352958184046,-0.02105363997354715,0.02,0.9887319747262375,5.160806300658835e-4,0.0020899260112731337,0.008621081243703784,4.093738871966637e-5,0.006858605681780198,0.007623960679066508,0.5022689941630447,0.647289124699372,14,4
13,0.13849046385824723,0.1399709971483963,2.0638560611117915,23.74218146525526,10.60705177895283,1.985030644624604,5.7697845085753214e-5,0.011995139363636362,0.006194551134168019,1.51086457940087,0.9867108086669816,-2.909269379238365,-1.1523798714006714,-3.5104154884288965,1.089298768737161,-0.7563352958184046,-0.02105363997354715,0.02,0.9976337677320549,9.198242158570759e-5,3.1095459972322535e-4,0.0019587533352158834,4.541911420284387e-6,0.0027707810951923405,0.0031225655083862505,0.5022689941630447,0.6417268273352402,14,4
1,0.13849046385824723,0.1399709971483963,2.0638560611117915,23.74218146525526,10.60705177895283,1.985030644624604,5.7697845085753214e-5,0.01199513936363636,0.00619455113416802,1.51086457940087,0.9867108086669816,-2.909269379238365,-1.1523798714006714,-3.5104154884288965,1.089298768737161,-0.7563352958184046,-0.02105363997354715,0.02,0.30182041888512834,6.207955855627253e-4,0.0049228083585139,0.6058352229018801,0.08680075426891494,0.04985305754926784,0.7153054644371083,0.5022689941630447,1,13,4
2,0.13849046385824723,0.1399709971483963,2.0638560611117915,23.74218146525526,10.60705177895283,1.985030644624604,5.7697845085753214e-5,0.011995139363636362,0.006194551134168019,1.51086457940087,0.9867108086669816,-2.909269379238365,-1.1523798714006714,-3.5104154884288965,1.089298768737161,-0.7563352958184046,-0.02105363997354715,0.02,0.9371603738238,0.0016262955018865738,0.006288938618424667,0.050592285537722256,0.004332106518166501,0.02244156611822621,0.02606156790944781,0.5022689941630447,0.9174729830031291,13,4
3,0.13849046385824723,0.1399709971483963,2.0638560611117915,23.74218146525526,10.60705177895283,1.985030644624604,5.7697845085753214e-5,0.011995139363636362,0.006194551134168019,1.51086457940087,0.9867108086669816,-2.909269379238365,-1.1523798714006714,-3.5104154884288965,1.089298768737161,-0.7563352958184046,-0.02105363997354715,0.02,0.9582863101617493,0.0014268404104773376,0.00688955597813921,0.03284989293946089,5.474005101733478e-4,0.016937001384807502,0.019083283097622045,0.5022689941630447,0.9877732758649446,13,4
4,0.13849046385824723,0.1399709971483963,2.0638560611117915,23.74218146525526,10.60705177895283,1.985030644624604,5.7697845085753214e-5,0.011995139363636362,0.006194551134168019,1.51086457940087,0.9867108086669816,-2.909269379238365,-1.1523798714006714,-3.5104154884288965,1.089298768737161,-0.7563352958184046,-0.02105363997354715,0.02,0.966439256291716,8.261717715651356e-4,0.004401713256290823,0.027842060444129443,4.907982362986408e-4,0.01387849664211316,0.020228781427093723,0.5022689941630447,0.8827293024510788,13,4
5,0.13849046385824723,0.1399709971483963,2.0638560611117915,23.74218146525526,10.60705177895283,1.985030644624604,5.7697845085753214e-5,0.011995139363636362,0.006194551134168019,1.51086457940087,0.9867108086669816,-2.909269379238365,-1.1523798714006714,-3.5104154884288965,1.089298768737161,-0.7563352958184046,-0.02105363997354715,0.02,0.9861889912735556,2.616606492318737e-4,0.0014573682454298382,0.011940209954010085,1.5176987777256137e-4,0.0035922595619325803,0.008147843448065056,0.5022689941630447,0.8127996964557676,13,4
6,0.13849046385824723,0.1399709971483963,2.0638560611117915,23.74218146525526,10.60705177895283,1.985030644624604,5.7697845085753214e-5,0.011995139363636362,0.006194551134168019,1.51086457940087,0.9867108086669816,-2.909269379238365,-1.1523798714006714,-3.5104154884288965,1.089298768737161,-0.7563352958184046,-0.02105363997354715,0.02,0.9927034910037661,4.908564468086047e-4,0.0013547203050984747,0.005410156340915095,4.077590341181502e-5,0.006551416959270952,0.007202194784482265,0.5022689941630447,0.8795602260658825,13,4
7,0.13849046385824723,0.1399709971483963,2.0638560611117915,23.74218146525526,10.60705177895283,1.985030644624604,5.7697845085753214e-5,0.011995139363636362,0.006194551134168019,1.51086457940087,0.9867108086669816,-2.909269379238365,-1.1523798714006714,-3.5104154884288965,1.089298768737161,-0.7563352958184046,-0.02105363997354715,0.02,0.9865362261264127,6.457690335167365e-4,0.0023567674937409917,0.010395732909571775,6.550443675784058e-5,0.009608908286092848,0.011483598863235273,0.5022689941630447,0.8662672970558265,13,4
8,0.13849046385824723,0.1399709971483963,2.0638560611117915,23.74218146525526,10.60705177895283,1.985030644624604,5.7697845085753214e-5,0.011995139363636362,0.006194551134168019,1.51086457940087,0.9867108086669816,-2.909269379238365,-1.1523798714006714,-3.5104154884288965,1.089298768737161,-0.7563352958184046,-0.02105363997354715,0.02,0.980212864041417,5.524240354749571e-4,0.003344929068843623,0.015757208640223085,1.3257421404121376e-4,0.011957969873409083,0.01168225530659532,0.5022689941630447,0.7670174643025689,13,4
9,0.13849046385824723,0.1399709971483963,2.0638560611117915,23.74218146525526,10.60705177895283,1.985030644624604,5.7697845085753214e-5,0.011995139363636362,0.006194551134168019,1.51086457940087,0.9867108086669816,-2.909269379238365,-1.1523798714006714,-3.5104154884288965,1.089298768737161,-0.7563352958184046,-0.02105363997354715,0.02,0.9862911398542216,3.6087538376266745e-4,0.0017196146212226002,0.011536818640347111,9.155150044620518e-5,0.008092619625642202,0.007526716890309249,0.5022689941630447,0.7790005048140505,13,4
10,0.13849046385824723,0.1399709971483963,2.0638560611117915,23.74218146525526,10.60705177895283,1.985030644624604,5.7697845085753214e-5,0.011995139363636362,0.006194551134168019,1.51086457940087,0.9867108086669816,-2.909269379238365,-1.1523798714006714,-3.5104154884288965,1.089298768737161,-0.7563352958184046,-0.02105363997354715,0.02,0.9926308919857456,2.1760965372821103e-4,7.498330051300911e-4,0.006365096395431103,3.6568959964964446e-5,0.005751314379689475,0.0062694926886814216,0.5022689941630447,0.7158572778653545,13,4
11,0.13849046385824723,0.1399709971483963,2.0638560611117915,23.74218146525526,10.60705177895283,1.985030644624604,5.7697845085753214e-5,0.011995139363636362,0.006194551134168019,1.51086457940087,0.9867108086669816,-2.909269379238365,-1.1523798714006714,-3.5104154884288965,1.089298768737161,-0.7563352958184046,-0.02105363997354715,0.02,0.9971417073098279,1.570775374275553e-4,4.3719728076654056e-4,0.0022555768398898448,8.441032088249974e-6,0.005631609013772239,0.004289993993840702,0.5022689941630447,0.69183001843721,13,4
12,0.13849046385824723,0.1399709971483963,2.0638560611117915,23.74218146525526,10.60705177895283,1.985030644624604,5.7697845085753214e-5,0.011995139363636362,0.006194551134168019,1.51086457940087,0.9867108086669816,-2.909269379238365,-1.1523798714006714,-3.5104154884288965,1.089298768737161,-0.7563352958184046,-0.02105363997354715,0.02,0.9871275479589654,5.904873957274881e-4,0.0024159272822357747,0.0098136141459677,5.242321710366583e-5,0.007491051486262006,0.008433611614013995,0.5022689941630447,0.6139786170514079,13,4
13,0.13849046385824723,0.1399709971483963,2.0638560611117915,23.74218146525526,10.60705177895283,1.985030644624604,5.7697845085753214e-5,0.011995139363636362,0.006194551134168019,1.51086457940087,0.9867108086669816,-2.909269379238365,-1.1523798714006714,-3.5104154884288965,1.089298768737161,-0.7563352958184046,-0.02105363997354715,0.02,0.998021690062245,8.212794373035224e-5,2.985009601128581e-4,0.0015950541316806669,2.6269022312578342e-6,0.005853667695094982,0.0019040279081071303,0.5022689941630447,0.49491234261367817,13,4
1,0.13849046385824723,0.1399709971483963,2.0638560611117915,23.74218146525526,10.60705177895283,1.985030644624604,5.7697845085753214e-5,0.01199513936363636,0.00619455113416802,1.51086457940087,0.9867108086669816,-2.909269379238365,-1.1523798714006714,-3.5104154884288965,1.089298768737161,-0.7563352958184046,-0.02105363997354715,0.02,0.30182041888512834,6.207955855627253e-4,0.0049228083585139,0.6058352229018801,0.08680075426891494,0.04985305754926784,0.7153054644371083,0.5022689941630447,1,12,4
2,0.13849046385824723,0.1399709971483963,2.0638560611117915,23.74218146525526,10.60705177895283,1.985030644624604,5.7697845085753214e-5,0.011995139363636362,0.006194551134168019,1.51086457940087,0.9867108086669816,-2.909269379238365,-1.1523798714006714,-3.5104154884288965,1.089298768737161,-0.7563352958184046,-0.02105363997354715,0.02,0.9696005370375799,0.0014027442920224267,0.005013529374121791,0.023039993720416704,9.431955758591734e-4,0.02123715576168557,0.01996240367555041,0.5022689941630447,0.9810612115754369,12,4
3,0.13849046385824723,0.1399709971483963,2.0638560611117915,23.74218146525526,10.60705177895283,1.985030644624604,5.7697845085753214e-5,0.011995139363636362,0.006194551134168019,1.51086457940087,0.9867108086669816,-2.909269379238365,-1.1523798714006714,-3.5104154884288965,1.089298768737161,-0.7563352958184046,-0.02105363997354715,0.02,0.9582409876931327,0.0014247192913600958,0.006914454324157993,0.03286983440373215,5.500042876170546e-4,0.020685965514018217,0.020008838763940252,0.5022689941630447,1.0177167803523521,12,4
4,0.13849046385824723,0.1399709971483963,2.0638560611117915,23.74218146525526,10.60705177895283,1.985030644624604,5.7697845085753214e-5,0.011995139363636362,0.006194551134168019,1.51086457940087,0.9867108086669816,-2.909269379238365,-1.1523798714006714,-3.5104154884288965,1.089298768737161,-0.7563352958184046,-0.02105363997354715,0.02,0.9660821938562358,8.56525394440771e-4,0.004477807061592194,0.028084899861100857,4.985738266303471e-4,0.014957353537878207,0.019350005114814203,0.5022689941630447,0.8340851071504968,12,4
5,0.13849046385824723,0.1399709971483963,2.0638560611117915,23.74218146525526,10.60705177895283,1.985030644624604,5.7697845085753214e-5,0.011995139363636362,0.006194551134168019,1.51086457940087,0.9867108086669816,-2.909269379238365,-1.1523798714006714,-3.5104154884288965,1.089298768737161,-0.7563352958184046,-0.02105363997354715,0.02,0.9866306737695903,2.745286624572639e-4,0.0013403299074606803,0.011608330989062632,1.4613667142901162e-4,0.005376333098282967,0.0074651671352920935,0.5022689941630447,0.8885867828248744,12,4
6,0.13849046385824723,0.1399709971483963,2.0638560611117915,23.74218146525526,10.60705177895283,1.985030644624604,5.7697845085753214e-5,0.011995139363636362,0.006194551134168019,1.51086457940087,0.9867108086669816,-2.909269379238365,-1.1523798714006714,-3.5104154884288965,1.089298768737161,-0.7563352958184046,-0.02105363997354715,0.02,0.9926366427302987,5.006794803055135e-4,0.001356724545575761,0.005462590970546648,4.3362273273287404e-5,0.007178719342571591,0.008419001273167779,0.5022689941630447,0.759789574518101,12,4
7,0.13849046385824723,0.1399709971483963,2.0638560611117915,23.74218146525526,10.60705177895283,1.985030644624604,5.7697845085753214e-5,0.011995139363636362,0.006194551134168019,1.51086457940087,0.9867108086669816,-2.909269379238365,-1.1523798714006714,-3.5104154884288965,1.089298768737161,-0.7563352958184046,-0.02105363997354715,0.02,0.9867883437872552,6.231454519847704e-4,0.002323048663640027,0.010202532119366467,6.292997775350069e-5,0.009463558771583992,0.009603925988199912,0.5022689941630447,0.8107064806432562,12,4
8,0.13849046385824723,0.1399709971483963,2.0638560611117915,23.74218146525526,10.60705177895283,1.985030644624604,5.7697845085753214e-5,0.011995139363636362,0.006194551134168019,1.51086457940087,0.9867108086669816,-2.909269379238365,-1.1523798714006714,-3.5104154884288965,1.089298768737161,-0.7563352958184046,-0.02105363997354715,0.02,0.9808696904110203,5.65431181491933e-4,0.003245685861244243,0.015193146502889224,1.2604604335430668e-4,0.0075055646398140535,0.01116634214884735,0.5022689941630447,0.8026022622274175,12,4
9,0.13849046385824723,0.1399709971483963,2.0638560611117915,23.74218146525526,10.60705177895283,1.985030644624604,5.7697845085753214e-5,0.011995139363636362,0.006194551134168019,1.51086457940087,0.9867108086669816,-2.909269379238365,-1.1523798714006714,-3.5104154884288965,1.089298768737161,-0.7563352958184046,-0.02105363997354715,0.02,0.985971564237588,3.5101929729646034e-4,0.0017588517403922938,0.011822682689413869,9.58820353094383e-5,0.005194377765244187,0.008104891637310603,0.5022689941630447,0.7430527004387104,12,4
10,0.13849046385824723,0.1399709971483963,2.0638560611117915,23.74218146525526,10.60705177895283,1.985030644624604,5.7697845085753214e-5,0.011995139363636362,0.006194551134168019,1.51086457940087,0.9867108086669816,-2.909269379238365,-1.1523798714006714,-3.5104154884288965,1.089298768737161,-0.7563352958184046,-0.02105363997354715,0.02,0.9925966291575075,2.2947385293786566e-4,7.425288807134541e-4,0.0063950395850761255,3.632852376509002e-5,0.005602268466940391,0.0050182717556759085,0.5022689941630447,0.5894799914125278,12,4
11,0.13849046385824723,0.1399709971483963,2.0638560611117915,23.74218146525526,10.60705177895283,1.985030644624604,5.7697845085753214e-5,0.011995139363636362,0.006194551134168019,1.51086457940087,0.9867108086669816,-2.909269379238365,-1.1523798714006714,-3.5104154884288965,1.089298768737161,-0.7563352958184046,-0.02105363997354715,0.02,0.9970748824037473,1.3951081256810473e-4,4.2642148057461284e-4,0.002350613975332022,8.571327778064456e-6,0.0030078819533563054,0.003509064531737233,0.5022689941630447,0.6741531278844377,12,4
12,0.13849046385824723,0.1399709971483963,2.0638560611117915,23.74218146525526,10.60705177895283,1.985030644624604,5.7697845085753214e-5,0.011995139363636362,0.006194551134168019,1.51086457940087,0.9867108086669816,-2.909269379238365,-1.1523798714006714,-3.5104154884288965,1.089298768737161,-0.7563352958184046,-0.02105363997354715,0.02,0.9879473157979014,5.54893673148125e-4,0.0022556774817662885,0.009196101597899008,4.6011449285316704e-5,0.008097884696836645,0.00799721620897132,0.5022689941630447,0.6046335988930043,12,4
13,0.13849046385824723,0.1399709971483963,2.0638560611117915,23.74218146525526,10.60705177895283,1.985030644624604,5.7697845085753214e-5,0.011995139363636362,0.006194551134168019,1.51086457940087,0.9867108086669816,-2.909269379238365,-1.1523798714006714,-3.5104154884288965,1.089298768737161,-0.7563352958184046,-0.02105363997354715,0.02,0.9978693327630105,8.873483503418978e-5,3.0683669993513345e-4,0.0017318410172085068,3.254684811698981e-6,0.0017795309825861772,0.0021952734918341487,0.5022689941630447,0.6247359826657517,12,4
1,0.13849046385824723,0.1399709971483963,2.0638560611117915,23.74218146525526,10.60705177895283,1.985030644624604,5.7697845085753214e-5,0.01199513936363636,0.00619455113416802,1.51086457940087,0.9867108086669816,-2.909269379238365,-1.1523798714006714,-3.5104154884288965,1.089298768737161,-0.7563352958184046,-0.02105363997354715,0.02,0.30182041888512834,6.207955855627253e-4,0.0049228083585139,0.6058352229018801,0.08680075426891494,0.04985305754926784,0.7153054644371083,0.5022689941630447,1,11,4
2,0.13849046385824723,0.1399709971483963,2.0638560611117915,23.74218146525526,10.60705177895283,1.985030644624604,5.7697845085753214e-5,0.011995139363636362,0.006194551134168019,1.51086457940087,0.9867108086669816,-2.909269379238365,-1.1523798714006714,-3.5104154884288965,1.089298768737161,-0.7563352958184046,-0.02105363997354715,0.02,0.9850570296326139,6.03746672443306e-4,0.002051548582183431,0.012063396607019152,2.2427850574019374e-4,0.010361395395216159,0.013143041136497115,0.5022689941630447,0.9796413678471574,11,4
3,0.13849046385824723,0.1399709971483963,2.0638560611117915,23.74218146525526,10.60705177895283,1.985030644624604,5.7697845085753214e-5,0.011995139363636362,0.006194551134168019,1.51086457940087,0.9867108086669816,-2.909269379238365,-1.1523798714006714,-3.5104154884288965,1.089298768737161,-0.7563352958184046,-0.02105363997354715,0.02,0.9580073234619071,0.0014050517398129883,0.006959127368681265,0.03307063496447294,5.57862465125733e-4,0.024429997112690505,0.022995471367040537,0.5022689941630447,0.9190765388915598,11,4
4,0.13849046385824723,0.1399709971483963,2.0638560611117915,23.74218146525526,10.60705177895283,1.985030644624604,5.7697845085753214e-5,0.011995139363636362,0.006194551134168019,1.51086457940087,0.9867108086669816,-2.909269379238365,-1.1523798714006714,-3.5104154884288965,1.089298768737161,-0.7563352958184046,-0.02105363997354715,0.02,0.9663456297120474,8.389308394418882e-4,0.004418656181653438,0.027911554662505052,4.8522860435227497e-4,0.02137010801079359,0.013970288080384405,0.5022689941630447,0.9448839075472413,11,4
5,0.13849046385824723,0.1399709971483963,2.0638560611117915,23.74218146525526,10.60705177895283,1.985030644624604,5.7697845085753214e-5,0.011995139363636362,0.006194551134168019,1.51086457940087,0.9867108086669816,-2.909269379238365,-1.1523798714006714,-3.5104154884288965,1.089298768737161,-0.7563352958184046,-0.02105363997354715,0.02,0.986406143954246,2.9273905035109057e-4,0.001426128365872439,0.011727488244727321,1.4750038480315162e-4,0.011596271224350974,0.00626659601310527,0.5022689941630447,0.7993453076394877,11,4
6,0.13849046385824723,0.1399709971483963,2.0638560611117915,23.74218146525526,10.60705177895283,1.985030644624604,5.7697845085753214e-5,0.011995139363636362,0.006194551134168019,1.51086457940087,0.9867108086669816,-2.909269379238365,-1.1523798714006714,-3.5104154884288965,1.089298768737161,-0.7563352958184046,-0.02105363997354715,0.02,0.9927035637834389,4.7613787902201106e-4,0.001347859627863102,0.005430042156326439,4.23965533495455e-5,0.006109785176981033,0.007780948345991513,0.5022689941630447,0.871329918048283,11,4
7,0.13849046385824723,0.1399709971483963,2.0638560611117915,23.74218146525526,10.60705177895283,1.985030644624604,5.7697845085753214e-5,0.011995139363636362,0.006194551134168019,1.51086457940087,0.9867108086669816,-2.909269379238365,-1.1523798714006714,-3.5104154884288965,1.089298768737161,-0.7563352958184046,-0.02105363997354715,0.02,0.9867682742306929,6.538052453953722e-4,0.002351462195396768,0.010162816723853005,6.364160466199025e-5,0.010551362257816348,0.010794702217334267,0.5022689941630447,0.7515126699774475,11,4
8,0.13849046385824723,0.1399709971483963,2.0638560611117915,23.74218146525526,10.60705177895283,1.985030644624604,5.7697845085753214e-5,0.011995139363636362,0.006194551134168019,1.51086457940087,0.9867108086669816,-2.909269379238365,-1.1523798714006714,-3.5104154884288965,1.089298768737161,-0.7563352958184046,-0.02105363997354715,0.02,0.9815380954597197,5.42845280322774e-4,0.0031300024709106674,0.014671633160649818,1.1742362839712395e-4,0.009479584801980037,0.01293889924336745,0.5022689941630447,0.8386792128225479,11,4
9,0.13849046385824723,0.1399709971483963,2.0638560611117915,23.74218146525526,10.60705177895283,1.985030644624604,5.7697845085753214e-5,0.011995139363636362,0.006194551134168019,1.51086457940087,0.9867108086669816,-2.909269379238365,-1.1523798714006714,-3.5104154884288965,1.089298768737161,-0.7563352958184046,-0.02105363997354715,0.02,0.9859994743772895,3.985672538514083e-4,0.0017619606153959234,0.011744858295694442,9.513945776866465e-5,0.007926800943067663,0.008180893477393151,0.5022689941630447,0.6988738297287471,11,4
10,0.13849046385824723,0.1399709971483963,2.0638560611117915,23.74218146525526,10.60705177895283,1.985030644624604,5.7697845085753214e-5,0.011995139363636362,0.006194551134168019,1.51086457940087,0.9867108086669816,-2.909269379238365,-1.1523798714006714,-3.5104154884288965,1.089298768737161,-0.7563352958184046,-0.02105363997354715,0.02,0.992617100864936,2.1847983150331197e-4,7.300996596446144e-4,0.0063982904608081825,3.6029183107835755e-5,0.004681968378635771,0.004848616145800894,0.5022689941630447,0.5956181516024154,11,4
11,0.13849046385824723,0.1399709971483963,2.0638560611117915,23.74218146525526,10.60705177895283,1.985030644624604,5.7697845085753214e-5,0.011995139363636362,0.006194551134168019,1.51086457940087,0.9867108086669816,-2.909269379238365,-1.1523798714006714,-3.5104154884288965,1.089298768737161,-0.7563352958184046,-0.02105363997354715,0.02,0.9969891124829439,1.4392838256343127e-4,4.318768151565992e-4,0.0024262454000453307,8.836919290851479e-6,0.0032623649451275403,0.0028320223947007686,0.5022689941630447,0.6685980607408504,11,4
12,0.13849046385824723,0.1399709971483963,2.0638560611117915,23.74218146525526,10.60705177895283,1.985030644624604,5.7697845085753214e-5,0.011995139363636362,0.006194551134168019,1.51086457940087,0.9867108086669816,-2.909269379238365,-1.1523798714006714,-3.5104154884288965,1.089298768737161,-0.7563352958184046,-0.02105363997354715,0.02,0.9879233439581128,5.462054415809023e-4,0.0022450471268130484,0.009238375526972691,4.702794652054915e-5,0.007560919540714739,0.007651432917173372,0.5022689941630447,0.5997666411876411,11,4
13,0.13849046385824723,0.1399709971483963,2.0638560611117915,23.74218146525526,10.60705177895283,1.985030644624604,5.7697845085753214e-5,0.011995139363636362,0.006194551134168019,1.51086457940087,0.9867108086669816,-2.909269379238365,-1.1523798714006714,-3.5104154884288965,1.089298768737161,-0.7563352958184046,-0.02105363997354715,0.02,0.9981485757326887,7.835427613334556e-5,2.833225157263458e-4,0.001487683221378549,2.064254073109275e-6,0.0018637478342624209,0.0029359350649795822,0.5022689941630447,0.507379497263388,11,4
1,0.13849046385824723,0.1399709971483963,2.0638560611117915,23.74218146525526,10.60705177895283,1.985030644624604,5.7697845085753214e-5,0.01199513936363636,0.00619455113416802,1.51086457940087,0.9867108086669816,-2.909269379238365,-1.1523798714006714,-3.5104154884288965,1.089298768737161,-0.7563352958184046,-0.02105363997354715,0.02,0.30182041888512834,6.207955855627253e-4,0.0049228083585139,0.6058352229018801,0.08680075426891494,0.04985305754926784,0.7153054644371083,0.5022689941630447,1,10,4
2,0.13849046385824723,0.1399709971483963,2.0638560611117915,23.74218146525526,10.60705177895283,1.985030644624604,5.7697845085753214e-5,0.011995139363636362,0.006194551134168019,1.51086457940087,0.9867108086669816,-2.909269379238365,-1.1523798714006714,-3.5104154884288965,1.089298768737161,-0.7563352958184046,-0.02105363997354715,0.02,0.986113594709937,6.098880794795476e-4,0.002280169991216364,0.010890776011027366,1.0557120833968415e-4,0.01560306161076457,0.012199701207544206,0.5022689941630447,1.0090937106197007,10,4
3,0.13849046385824723,0.1399709971483963,2.0638560611117915,23.74218146525526,10.60705177895283,1.985030644624604,5.7697845085753214e-5,0.011995139363636362,0.006194551134168019,1.51086457940087,0.9867108086669816,-2.909269379238365,-1.1523798714006714,-3.5104154884288965,1.089298768737161,-0.7563352958184046,-0.02105363997354715,0.02,0.9579997294936088,0.0014501023648185523,0.006969193154386606,0.03302399224469329,5.569827424927329e-4,0.025197865197605526,0.02270958489530804,0.5022689941630447,0.9599114331913997,10,4
4,0.13849046385824723,0.1399709971483963,2.0638560611117915,23.74218146525526,10.60705177895283,1.985030644624604,5.7697845085753214e-5,0.011995139363636362,0.006194551134168019,1.51086457940087,0.9867108086669816,-2.909269379238365,-1.1523798714006714,-3.5104154884288965,1.089298768737161,-0.7563352958184046,-0.02105363997354715,0.02,0.9665497529793665,8.543815038009452e-4,0.004398939782253423,0.027712439454439027,4.8448628014017946e-4,0.014953032031259996,0.02147239879417058,0.5022689941630447,0.86125810826667,10,4
5,0.13849046385824723,0.1399709971483963,2.0638560611117915,23.74218146525526,10.60705177895283,1.985030644624604,5.7697845085753214e-5,0.011995139363636362,0.006194551134168019,1.51086457940087,0.9867108086669816,-2.909269379238365,-1.1523798714006714,-3.5104154884288965,1.089298768737161,-0.7563352958184046,-0.02105363997354715,0.02,0.9865054827006171,2.6936731826135316e-4,0.00140898398159653,0.011670572998906574,1.45593000618436e-4,0.0043962548682040916,0.006519686193824921,0.5022689941630447,0.8349632223240779,10,4
6,0.13849046385824723,0.1399709971483963,2.0638560611117915,23.74218146525526,10.60705177895283,1.985030644624604,5.7697845085753214e-5,0.011995139363636362,0.006194551134168019,1.51086457940087,0.9867108086669816,-2.909269379238365,-1.1523798714006714,-3.5104154884288965,1.089298768737161,-0.7563352958184046,-0.02105363997354715,0.02,0.9927145237025435,4.831151594592703e-4,0.0013499187709340756,0.005410997676326761,4.144469073632139e-5,0.005987241157052333,0.006817301404045526,0.5022689941630447,0.8671649994727525,10,4
7,0.13849046385824723,0.1399709971483963,2.0638560611117915,23.74218146525526,10.60705177895283,1.985030644624604,5.7697845085753214e-5,0.011995139363636362,0.006194551134168019,1.51086457940087,0.9867108086669816,-2.909269379238365,-1.1523798714006714,-3.5104154884288965,1.089298768737161,-0.7563352958184046,-0.02105363997354715,0.02,0.9866025681128233,6.687181225604863e-4,0.002357576776829774,0.010305990389465149,6.514659832119388e-5,0.011070918978093246,0.011309389229478758,0.5022689941630447,0.7554941058136829,10,4
8,0.13849046385824723,0.1399709971483963,2.0638560611117915,23.74218146525526,10.60705177895283,1.985030644624604,5.7697845085753214e-5,0.011995139363636362,0.006194551134168019,1.51086457940087,0.9867108086669816,-2.909269379238365,-1.1523798714006714,-3.5104154884288965,1.089298768737161,-0.7563352958184046,-0.02105363997354715,0.02,0.9812140953638627,5.727716700108294e-4,0.0031741113854033224,0.0149194916208471,1.1952995987590561e-4,0.009855978533145189,0.012278431482966588,0.5022689941630447,0.79683822103134,10,4
9,0.13849046385824723,0.1399709971483963,2.0638560611117915,23.74218146525526,10.60705177895283,1.985030644624604,5.7697845085753214e-5,0.011995139363636362,0.006194551134168019,1.51086457940087,0.9867108086669816,-2.909269379238365,-1.1523798714006714,-3.5104154884288965,1.089298768737161,-0.7563352958184046,-0.02105363997354715,0.02,0.9860712046594146,3.842755645077561e-4,0.0017524892452684673,0.011697108988578767,9.492154223054281e-5,0.008076372227048472,0.009759945585813853,0.5022689941630447,0.7241483060052158,10,4
10,0.13849046385824723,0.1399709971483963,2.0638560611117915,23.74218146525526,10.60705177895283,1.985030644624604,5.7697845085753214e-5,0.011995139363636362,0.006194551134168019,1.51086457940087,0.9867108086669816,-2.909269379238365,-1.1523798714006714,-3.5104154884288965,1.089298768737161,-0.7563352958184046,-0.02105363997354715,0.02,0.9926625057909035,2.2350272206475246e-4,7.348758141854184e-4,0.006343094148709471,3.6021524136895344e-5,0.0055266710672504165,0.00481286358888801,0.5022689941630447,0.6343046792645644,10,4
11,0.13849046385824723,0.1399709971483963,2.0638560611117915,23.74218146525526,10.60705177895283,1.985030644624604,5.7697845085753214e-5,0.011995139363636362,0.006194551134168019,1.51086457940087,0.9867108086669816,-2.909269379238365,-1.1523798714006714,-3.5104154884288965,1.089298768737161,-0.7563352958184046,-0.02105363997354715,0.02,0.997091502832893,1.41452761971563e-4,4.2655715271997305e-4,0.0023321439078747936,8.343344540634517e-6,0.003894139692858689,0.003916112786930906,0.5022689941630447,0.7141686152156244,10,4
12,0.13849046385824723,0.1399709971483963,2.0638560611117915,23.74218146525526,10.60705177895283,1.985030644624604,5.7697845085753214e-5,0.011995139363636362,0.006194551134168019,1.51086457940087,0.9867108086669816,-2.909269379238365,-1.1523798714006714,-3.5104154884288965,1.089298768737161,-0.7563352958184046,-0.02105363997354715,0.02,0.9865821733761714,6.179328291178171e-4,0.0025236510473535412,0.010219323290241177,5.6919457116057966e-5,0.00913245484434594,0.008994395853708738,0.5022689941630447,0.47835603010039196,10,4
13,0.13849046385824723,0.1399709971483963,2.0638560611117915,23.74218146525526,10.60705177895283,1.985030644624604,5.7697845085753214e-5,0.011995139363636362,0.006194551134168019,1.51086457940087,0.9867108086669816,-2.909269379238365,-1.1523798714006714,-3.5104154884288965,1.089298768737161,-0.7563352958184046,-0.02105363997354715,0.02,0.9981330188739919,8.183652420013894e-5,2.9721096668624316e-4,0.0014858275911073541,2.106044014415458e-6,0.001516043413352452,0.002192459518779134,0.5022689941630447,0.41643833684262055,10,4
1,0.13849046385824723,0.1399709971483963,2.0638560611117915,23.74218146525526,10.60705177895283,1.985030644624604,5.7697845085753214e-5,0.01199513936363636,0.00619455113416802,1.51086457940087,0.9867108086669816,-2.909269379238365,-1.1523798714006714,-3.5104154884288965,1.089298768737161,-0.7563352958184046,-0.02105363997354715,0.02,0.30182041888512834,6.207955855627253e-4,0.0049228083585139,0.6058352229018801,0.08680075426891494,0.04985305754926784,0.7153054644371083,0.5022689941630447,1,9,4
2,0.13849046385824723,0.1399709971483963,2.0638560611117915,23.74218146525526,10.60705177895283,1.985030644624604,5.7697845085753214e-5,0.011995139363636362,0.006194551134168019,1.51086457940087,0.9867108086669816,-2.909269379238365,-1.1523798714006714,-3.5104154884288965,1.089298768737161,-0.7563352958184046,-0.02105363997354715,0.02,0.9902768821188405,5.068792205883878e-4,0.001498281007077274,0.007663464500649887,5.449315284397176e-5,0.008892589894910225,0.00848342708703817,0.5022689941630447,0.9388851800605967,9,4
3,0.13849046385824723,0.1399709971483963,2.0638560611117915,23.74218146525526,10.60705177895283,1.985030644624604,5.7697845085753214e-5,0.011995139363636362,0.006194551134168019,1.51086457940087,0.9867108086669816,-2.909269379238365,-1.1523798714006714,-3.5104154884288965,1.089298768737161,-0.7563352958184046,-0.02105363997354715,0.02,0.9579531499921451,0.001361520085968094,0.0069213122903190386,0.03320698921367039,5.570284178973843e-4,0.018731370294616415,0.02124699811569748,0.5022689941630447,0.9542274326333697,9,4
4,0.13849046385824723,0.1399709971483963,2.0638560611117915,23.74218146525526,10.60705177895283,1.985030644624604,5.7697845085753214e-5,0.011995139363636362,0.006194551134168019,1.51086457940087,0.9867108086669816,-2.909269379238365,-1.1523798714006714,-3.5104154884288965,1.089298768737161,-0.7563352958184046,-0.02105363997354715,0.02,0.9660265394297868,8.705935777406835e-4,0.004444701644229035,0.028158129272553754,5.000360756896698e-4,0.015573048290443247,0.011531367579436399,0.5022689941630447,0.9021855448033492,9,4
5,0.13849046385824723,0.1399709971483963,2.0638560611117915,23.74218146525526,10.60705177895283,1.985030644624604,5.7697845085753214e-5,0.011995139363636362,0.006194551134168019,1.51086457940087,0.9867108086669816,-2.909269379238365,-1.1523798714006714,-3.5104154884288965,1.089298768737161,-0.7563352958184046,-0.02105363997354715,0.02,0.9860561145906033,2.855214971426249e-4,0.0014378492344358654,0.012065033551808631,1.5548112600954732e-4,0.007311296094508394,0.004241130469474628,0.5022689941630447,0.8100539386918072,9,4
6,0.13849046385824723,0.1399709971483963,2.0638560611117915,23.74218146525526,10.60705177895283,1.985030644624604,5.7697845085753214e-5,0.011995139363636362,0.006194551134168019,1.51086457940087,0.9867108086669816,-2.909269379238365,-1.1523798714006714,-3.5104154884288965,1.089298768737161,-0.7563352958184046,-0.02105363997354715,0.02,0.9927653458766085,4.881850842983643e-4,0.001363482349217122,0.00534248174719328,4.050494268276662e-5,0.006965561460587056,0.006075393092436431,0.5022689941630447,0.9216626403906378,9,4
7,0.13849046385824723,0.1399709971483963,2.0638560611117915,23.74218146525526,10.60705177895283,1.985030644624604,5.7697845085753214e-5,0.011995139363636362,0.006194551134168019,1.51086457940087,0.9867108086669816,-2.909269379238365,-1.1523798714006714,-3.5104154884288965,1.089298768737161,-0.7563352958184046,-0.02105363997354715,0.02,0.9865413084388822,6.966130360835845e-4,0.002365648918075948,0.010330653532783708,6.57760741745315e-5,0.010707449726262743,0.012086151561648197,0.5022689941630447,0.7479791254899324,9,4
8,0.13849046385824723,0.1399709971483963,2.0638560611117915,23.74218146525526,10.60705177895283,1.985030644624604,5.7697845085753214e-5,0.011995139363636362,0.006194551134168019,1.51086457940087,0.9867108086669816,-2.909269379238365,-1.1523798714006714,-3.5104154884288965,1.089298768737161,-0.7563352958184046,-0.02105363997354715,0.02,0.9810849035939319,5.114853169456632e-4,0.0031950882406012893,0.015086988727183061,1.215341213381673e-4,0.008470695763582142,0.008742737863613643,0.5022689941630447,0.7442718489080257,9,4
9,0.13849046385824723,0.1399709971483963,2.0638560611117915,23.74218146525526,10.60705177895283,1.985030644624604,5.7697845085753214e-5,0.011995139363636362,0.006194551134168019,1.51086457940087,0.9867108086669816,-2.909269379238365,-1.1523798714006714,-3.5104154884288965,1.089298768737161,-0.7563352958184046,-0.02105363997354715,0.02,0.9860492155715606,3.519096540340083e-4,0.0017416629616201903,0.011762585533624241,9.46262791611129e-5,0.008020589031008319,0.009175709866214929,0.5022689941630447,0.6856039486814799,9,4
10,0.13849046385824723,0.1399709971483963,2.0638560611117915,23.74218146525526,10.60705177895283,1.985030644624604,5.7697845085753214e-5,0.011995139363636362,0.006194551134168019,1.51086457940087,0.9867108086669816,-2.909269379238365,-1.1523798714006714,-3.5104154884288965,1.089298768737161,-0.7563352958184046,-0.02105363997354715,0.02,0.9925434650373636,2.2160748041791118e-4,7.263123120573888e-4,0.006471654965248876,3.69602049122087e-5,0.0052589707861212575,0.004527882442097488,0.5022689941630447,0.6065272936468766,9,4
11,0.13849046385824723,0.1399709971483963,2.0638560611117915,23.74218146525526,10.60705177895283,1.985030644624604,5.7697845085753214e-5,0.011995139363636362,0.006194551134168019,1.51086457940087,0.9867108086669816,-2.909269379238365,-1.1523798714006714,-3.5104154884288965,1.089298768737161,-0.7563352958184046,-0.02105363997354715,0.02,0.9970478411707223,1.3989279090781469e-4,4.284034530484713e-4,0.0023750914263326573,8.771158988734673e-6,0.0030039567683975425,0.002701418299555666,0.5022689941630447,0.6818465111596408,9,4
12,0.13849046385824723,0.1399709971483963,2.0638560611117915,23.74218146525526,10.60705177895283,1.985030644624604,5.7697845085753214e-5,0.011995139363636362,0.006194551134168019,1.51086457940087,0.9867108086669816,-2.909269379238365,-1.1523798714006714,-3.5104154884288965,1.089298768737161,-0.7563352958184046,-0.02105363997354715,0.02,0.9876435260845198,5.664117652783968e-4,0.0023131814042692917,0.009427839213789911,4.9041532142643664e-5,0.007635572975605768,0.008652252090347009,0.5022689941630447,0.5060206063205062,9,4
13,0.13849046385824723,0.1399709971483963,2.0638560611117915,23.74218146525526,10.60705177895283,1.985030644624604,5.7697845085753214e-5,0.011995139363636362,0.006194551134168019,1.51086457940087,0.9867108086669816,-2.909269379238365,-1.1523798714006714,-3.5104154884288965,1.089298768737161,-0.7563352958184046,-0.02105363997354715,0.02,0.9978950003910616,8.528670315931762e-5,2.9014537722258326e-4,0.0017263145282809197,3.253000275615669e-6,0.002212269194123259,0.0014217750183929585,0.5022689941630447,0.46032646182025594,9,4
1,0.13849046385824723,0.1399709971483963,2.0638560611117915,23.74218146525526,10.60705177895283,1.985030644624604,5.7697845085753214e-5,0.01199513936363636,0.00619455113416802,1.51086457940087,0.9867108086669816,-2.909269379238365,-1.1523798714006714,-3.5104154884288965,1.089298768737161,-0.7563352958184046,-0.02105363997354715,0.02,0.30182041888512834,6.207955855627253e-4,0.0049228083585139,0.6058352229018801,0.08680075426891494,0.04985305754926784,0.7153054644371083,0.5022689941630447,1,8,4
2,0.13849046385824723,0.1399709971483963,2.0638560611117915,23.74218146525526,10.60705177895283,1.985030644624604,5.7697845085753214e-5,0.011995139363636362,0.006194551134168019,1.51086457940087,0.9867108086669816,-2.909269379238365,-1.1523798714006714,-3.5104154884288965,1.089298768737161,-0.7563352958184046,-0.02105363997354715,0.02,0.9837477113694236,0.001121632571012901,0.003709098438215367,0.011328595474589169,9.296214675889346e-5,0.016641034514022695,0.016634006598563525,0.5022689941630447,0.9810861939310982,8,4
3,0.13849046385824723,0.1399709971483963,2.0638560611117915,23.74218146525526,10.60705177895283,1.985030644624604,5.7697845085753214e-5,0.011995139363636362,0.006194551134168019,1.51086457940087,0.9867108086669816,-2.909269379238365,-1.1523798714006714,-3.5104154884288965,1.089298768737161,-0.7563352958184046,-0.02105363997354715,0.02,0.9579822339767552,0.00141746729276142,0.006926331106000181,0.033112946275049626,5.610213494336474e-4,0.017334808079449534,0.02209643019715046,0.5022689941630447,0.9190206470325296,8,4
4,0.13849046385824723,0.1399709971483963,2.0638560611117915,23.74218146525526,10.60705177895283,1.985030644624604,5.7697845085753214e-5,0.011995139363636362,0.006194551134168019,1.51086457940087,0.9867108086669816,-2.909269379238365,-1.1523798714006714,-3.5104154884288965,1.089298768737161,-0.7563352958184046,-0.02105363997354715,0.02,0.9660444557915251,8.134098331193414e-4,0.004390271168295456,0.028246761424904926,5.051017821551715e-4,0.014977439521161026,0.013801169315363397,0.5022689941630447,0.9106810987819288,8,4
5,0.13849046385824723,0.1399709971483963,2.0638560611117915,23.74218146525526,10.60705177895283,1.985030644624604,5.7697845085753214e-5,0.011995139363636362,0.006194551134168019,1.51086457940087,0.9867108086669816,-2.909269379238365,-1.1523798714006714,-3.5104154884288965,1.089298768737161,-0.7563352958184046,-0.02105363997354715,0.02,0.9863765074538818,2.777780993903458e-4,0.0013983852392832872,0.011799641608031314,1.476875994133045e-4,0.006299124476843034,0.009475483593696458,0.5022689941630447,0.7821500776217213,8,4
6,0.13849046385824723,0.1399709971483963,2.0638560611117915,23.74218146525526,10.60705177895283,1.985030644624604,5.7697845085753214e-5,0.011995139363636362,0.006194551134168019,1.51086457940087,0.9867108086669816,-2.909269379238365,-1.1523798714006714,-3.5104154884288965,1.089298768737161,-0.7563352958184046,-0.02105363997354715,0.02,0.9927739932000729,4.7174871068025545e-4,0.0013434056755464057,0.005370818974409223,4.003343929129906e-5,0.00590950550993808,0.006951660414636951,0.5022689941630447,0.8645375289571284,8,4
7,0.13849046385824723,0.1399709971483963,2.0638560611117915,23.74218146525526,10.60705177895283,1.985030644624604,5.7697845085753214e-5,0.011995139363636362,0.006194551134168019,1.51086457940087,0.9867108086669816,-2.909269379238365,-1.1523798714006714,-3.5104154884288965,1.089298768737161,-0.7563352958184046,-0.02105363997354715,0.02,0.9865961259755501,6.575630793083874e-4,0.0023703488721648694,0.010310939395165331,6.50226778111334e-5,0.010607356877107494,0.01077297443610166,0.5022689941630447,0.8380663067741786,8,4
8,0.13849046385824723,0.1399709971483963,2.0638560611117915,23.74218146525526,10.60705177895283,1.985030644624604,5.7697845085753214e-5,0.011995139363636362,0.006194551134168019,1.51086457940087,0.9867108086669816,-2.909269379238365,-1.1523798714006714,-3.5104154884288965,1.089298768737161,-0.7563352958184046,-0.02105363997354715,0.02,0.9809343957689546,5.398042141036638e-4,0.0032360280957862433,0.015169837575561685,1.1993434559387044e-4,0.011600642862373134,0.014332925761594327,0.5022689941630447,0.8106749173863339,8,4
9,0.13849046385824723,0.1399709971483963,2.0638560611117915,23.74218146525526,10.60705177895283,1.985030644624604,5.7697845085753214e-5,0.011995139363636362,0.006194551134168019,1.51086457940087,0.9867108086669816,-2.909269379238365,-1.1523798714006714,-3.5104154884288965,1.089298768737161,-0.7563352958184046,-0.02105363997354715,0.02,0.9860447435480242,3.78567377310939e-4,0.0017569299945512085,0.011724429742621889,9.532933749180395e-5,0.009320751973031869,0.0124866361417132,0.5022689941630447,0.7437078649560529,8,4
10,0.13849046385824723,0.1399709971483963,2.0638560611117915,23.74218146525526,10.60705177895283,1.985030644624604,5.7697845085753214e-5,0.011995139363636362,0.006194551134168019,1.51086457940087,0.9867108086669816,-2.909269379238365,-1.1523798714006714,-3.5104154884288965,1.089298768737161,-0.7563352958184046,-0.02105363997354715,0.02,0.9923562494998059,2.483296223436924e-4,7.564512878442287e-4,0.00660059119879053,3.837839121563465e-5,0.006115577157985533,0.006162997109445481,0.5022689941630447,0.6785029988496043,8,4
11,0.13849046385824723,0.1399709971483963,2.0638560611117915,23.74218146525526,10.60705177895283,1.985030644624604,5.7697845085753214e-5,0.011995139363636362,0.006194551134168019,1.51086457940087,0.9867108086669816,-2.909269379238365,-1.1523798714006714,-3.5104154884288965,1.089298768737161,-0.7563352958184046,-0.02105363997354715,0.02,0.9971654492460031,1.5040962238431054e-4,4.271977085755153e-4,0.0022484980694687903,8.445353568215858e-6,0.0030556676158739753,0.003323612963486498,0.5022689941630447,0.6435082849956415,8,4
12,0.13849046385824723,0.1399709971483963,2.0638560611117915,23.74218146525526,10.60705177895283,1.985030644624604,5.7697845085753214e-5,0.011995139363636362,0.006194551134168019,1.51086457940087,0.9867108086669816,-2.909269379238365,-1.1523798714006714,-3.5104154884288965,1.089298768737161,-0.7563352958184046,-0.02105363997354715,0.02,0.9888276299984372,5.062480298860724e-4,0.0020919108256121813,0.008533939947293494,4.027119877106467e-5,0.006868373911473168,0.008289371997710819,0.5022689941630447,0.5249625757074955,8,4
13,0.13849046385824723,0.1399709971483963,2.0638560611117915,23.74218146525526,10.60705177895283,1.985030644624604,5.7697845085753214e-5,0.011995139363636362,0.006194551134168019,1.51086457940087,0.9867108086669816,-2.909269379238365,-1.1523798714006714,-3.5104154884288965,1.089298768737161,-0.7563352958184046,-0.02105363997354715,0.02,0.9979812518209515,8.43304375240059e-5,2.958136153393867e-4,0.0016356210177190834,2.9831084660478394e-6,0.00247941630028017,0.0031065962304242193,0.5022689941630447,0.4319463685796235,8,4
1,0.13849046385824723,0.1399709971483963,2.0638560611117915,23.74218146525526,10.60705177895283,1.985030644624604,5.7697845085753214e-5,0.01199513936363636,0.00619455113416802,1.51086457940087,0.9867108086669816,-2.909269379238365,-1.1523798714006714,-3.5104154884288965,1.089298768737161,-0.7563352958184046,-0.02105363997354715,0.02,0.30182041888512834,6.207955855627253e-4,0.0049228083585139,0.6058352229018801,0.08680075426891494,0.04985305754926784,0.7153054644371083,0.5022689941630447,1,7,4
2,0.13849046385824723,0.1399709971483963,2.0638560611117915,23.74218146525526,10.60705177895283,1.985030644624604,5.7697845085753214e-5,0.011995139363636362,0.006194551134168019,1.51086457940087,0.9867108086669816,-2.909269379238365,-1.1523798714006714,-3.5104154884288965,1.089298768737161,-0.7563352958184046,-0.02105363997354715,0.02,0.9692118653114067,0.0017800476043724055,0.007142419942438247,0.021559747660709946,3.05919481072763e-4,0.022909997953338774,0.02021050400271088,0.5022689941630447,1.0253105789276948,7,4
3,0.13849046385824723,0.1399709971483963,2.0638560611117915,23.74218146525526,10.60705177895283,1.985030644624604,5.7697845085753214e-5,0.011995139363636362,0.006194551134168019,1.51086457940087,0.9867108086669816,-2.909269379238365,-1.1523798714006714,-3.5104154884288965,1.089298768737161,-0.7563352958184046,-0.02105363997354715,0.02,0.9577532410341347,0.0014604084742383457,0.006998026435050689,0.03322683879173182,5.614852648444642e-4,0.017045689413170452,0.020404310232434962,0.5022689941630447,0.9070248820000589,7,4
4,0.13849046385824723,0.1399709971483963,2.0638560611117915,23.74218146525526,10.60705177895283,1.985030644624604,5.7697845085753214e-5,0.011995139363636362,0.006194551134168019,1.51086457940087,0.9867108086669816,-2.909269379238365,-1.1523798714006714,-3.5104154884288965,1.089298768737161,-0.7563352958184046,-0.02105363997354715,0.02,0.9664195905158784,8.0952707764831e-4,0.0043860649226805425,0.027890926006469505,4.938914773232241e-4,0.014836578580800399,0.018947476482441297,0.5022689941630447,0.8650651567345218,7,4
5,0.13849046385824723,0.1399709971483963,2.0638560611117915,23.74218146525526,10.60705177895283,1.985030644624604,5.7697845085753214e-5,0.011995139363636362,0.006194551134168019,1.51086457940087,0.9867108086669816,-2.909269379238365,-1.1523798714006714,-3.5104154884288965,1.089298768737161,-0.7563352958184046,-0.02105363997354715,0.02,0.9868754833644944,2.156425108622024e-4,0.0013228610184106977,0.011445982701969105,1.4003040426358173e-4,0.004782916406651377,0.004884478648854126,0.5022689941630447,0.7621704782213897,7,4
6,0.13849046385824723,0.1399709971483963,2.0638560611117915,23.74218146525526,10.60705177895283,1.985030644624604,5.7697845085753214e-5,0.011995139363636362,0.006194551134168019,1.51086457940087,0.9867108086669816,-2.909269379238365,-1.1523798714006714,-3.5104154884288965,1.089298768737161,-0.7563352958184046,-0.02105363997354715,0.02,0.9928772819527367,4.652410777303792e-4,0.0013392126447253816,0.0052799536111795345,3.8310713628071835e-5,0.0066632032799343426,0.006203239469785354,0.5022689941630447,0.8669130470620042,7,4
7,0.13849046385824723,0.1399709971483963,2.0638560611117915,23.74218146525526,10.60705177895283,1.985030644624604,5.7697845085753214e-5,0.011995139363636362,0.006194551134168019,1.51086457940087,0.9867108086669816,-2.909269379238365,-1.1523798714006714,-3.5104154884288965,1.089298768737161,-0.7563352958184046,-0.02105363997354715,0.02,0.9865770028640143,6.610179304744758e-4,0.002358561864605468,0.010338605607981268,6.481173292451256e-5,0.01000764222343131,0.011568728572818184,0.5022689941630447,0.7382992422969913,7,4
8,0.13849046385824723,0.1399709971483963,2.0638560611117915,23.74218146525526,10.60705177895283,1.985030644624604,5.7697845085753214e-5,0.011995139363636362,0.006194551134168019,1.51086457940087,0.9867108086669816,-2.909269379238365,-1.1523798714006714,-3.5104154884288965,1.089298768737161,-0.7563352958184046,-0.02105363997354715,0.02,0.9810735672217438,5.467963747582964e-4,0.003222527094708064,0.015035075242431285,1.2203406635855276e-4,0.006980387485710416,0.009760005805653447,0.5022689941630447,0.7494088975078982,7,4
9,0.13849046385824723,0.1399709971483963,2.0638560611117915,23.74218146525526,10.60705177895283,1.985030644624604,5.7697845085753214e-5,0.011995139363636362,0.006194551134168019,1.51086457940087,0.9867108086669816,-2.909269379238365,-1.1523798714006714,-3.5104154884288965,1.089298768737161,-0.7563352958184046,-0.02105363997354715,0.02,0.9860697128004658,3.6073596889612424e-4,0.0017397038428222647,0.01173534283312486,9.450455469090566e-5,0.00624163426122795,0.006932596347771517,0.5022689941630447,0.7325303128246474,7,4
10,0.13849046385824723,0.1399709971483963,2.0638560611117915,23.74218146525526,10.60705177895283,1.985030644624604,5.7697845085753214e-5,0.011995139363636362,0.006194551134168019,1.51086457940087,0.9867108086669816,-2.909269379238365,-1.1523798714006714,-3.5104154884288965,1.089298768737161,-0.7563352958184046,-0.02105363997354715,0.02,0.992540270789997,0.00022001112562182421,7.449137664399054e-4,0.006458301617012481,3.650270092877015e-5,0.005276568474238373,0.0055113120176307736,0.5022689941630447,0.637307689656417,7,4
11,0.13849046385824723,0.1399709971483963,2.0638560611117915,23.74218146525526,10.60705177895283,1.985030644624604,5.7697845085753214e-5,0.011995139363636362,0.006194551134168019,1.51086457940087,0.9867108086669816,-2.909269379238365,-1.1523798714006714,-3.5104154884288965,1.089298768737161,-0.7563352958184046,-0.02105363997354715,0.02,0.9970309129534093,1.472787321777375e-4,4.335547571909371e-4,0.0023794326329079135,8.82092431397937e-6,0.003224792580393529,0.0036149050224101374,0.5022689941630447,0.5364225303528776,7,4
12,0.13849046385824723,0.1399709971483963,2.0638560611117915,23.74218146525526,10.60705177895283,1.985030644624604,5.7697845085753214e-5,0.011995139363636362,0.006194551134168019,1.51086457940087,0.9867108086669816,-2.909269379238365,-1.1523798714006714,-3.5104154884288965,1.089298768737161,-0.7563352958184046,-0.02105363997354715,0.02,0.9919497401987424,3.6201924442190756e-4,0.0014763815273509417,0.006190028401110259,2.183062837454734e-5,0.004839087227956729,0.004979787207206341,0.5022689941630447,0.5580216147267067,7,4
13,0.13849046385824723,0.1399709971483963,2.0638560611117915,23.74218146525526,10.60705177895283,1.985030644624604,5.7697845085753214e-5,0.011995139363636362,0.006194551134168019,1.51086457940087,0.9867108086669816,-2.909269379238365,-1.1523798714006714,-3.5104154884288965,1.089298768737161,-0.7563352958184046,-0.02105363997354715,0.02,0.9980656332872496,9.158231574111037e-5,3.0310791698101407e-4,0.001537372752350512,2.3037276777714937e-6,0.006248259078319523,0.0021573435254626456,0.5022689941630447,0.47494396786721355,7,4
1,0.13849046385824723,0.1399709971483963,2.0638560611117915,23.74218146525526,10.60705177895283,1.985030644624604,5.7697845085753214e-5,0.01199513936363636,0.00619455113416802,1.51086457940087,0.9867108086669816,-2.909269379238365,-1.1523798714006714,-3.5104154884288965,1.089298768737161,-0.7563352958184046,-0.02105363997354715,0.02,0.30182041888512834,6.207955855627253e-4,0.0049228083585139,0.6058352229018801,0.08680075426891494,0.04985305754926784,0.7153054644371083,0.5022689941630447,1,6,4
2,0.13849046385824723,0.1399709971483963,2.0638560611117915,23.74218146525526,10.60705177895283,1.985030644624604,5.7697845085753214e-5,0.011995139363636362,0.006194551134168019,1.51086457940087,0.9867108086669816,-2.909269379238365,-1.1523798714006714,-3.5104154884288965,1.089298768737161,-0.7563352958184046,-0.02105363997354715,0.02,0.9649305105062045,0.0013192392105338426,0.00600252863508185,0.027241045528943686,5.066761192360402e-4,0.01644023175673527,0.020207677942573495,0.5022689941630447,0.9270511896517115,6,4
3,0.13849046385824723,0.1399709971483963,2.0638560611117915,23.74218146525526,10.60705177895283,1.985030644624604,5.7697845085753214e-5,0.011995139363636362,0.006194551134168019,1.51086457940087,0.9867108086669816,-2.909269379238365,-1.1523798714006714,-3.5104154884288965,1.089298768737161,-0.7563352958184046,-0.02105363997354715,0.02,0.9582959781543338,0.0013790129135802728,0.00685589920642593,0.03291726471959283,5.518450060672598e-4,0.020592076214176365,0.02008666785033637,0.5022689941630447,0.8957785437651358,6,4
4,0.13849046385824723,0.1399709971483963,2.0638560611117915,23.74218146525526,10.60705177895283,1.985030644624604,5.7697845085753214e-5,0.011995139363636362,0.006194551134168019,1.51086457940087,0.9867108086669816,-2.909269379238365,-1.1523798714006714,-3.5104154884288965,1.089298768737161,-0.7563352958184046,-0.02105363997354715,0.02,0.966717567690932,8.40826813163581e-4,0.004367055419683374,0.02759411464134125,4.804354348798123e-4,0.013031456201128926,0.015809564790926125,0.5022689941630447,0.7633052147412815,6,4
5,0.13849046385824723,0.1399709971483963,2.0638560611117915,23.74218146525526,10.60705177895283,1.985030644624604,5.7697845085753214e-5,0.011995139363636362,0.006194551134168019,1.51086457940087,0.9867108086669816,-2.909269379238365,-1.1523798714006714,-3.5104154884288965,1.089298768737161,-0.7563352958184046,-0.02105363997354715,0.02,0.9867530204752569,2.6857677544464813e-4,0.0013544902570127462,0.011479114443219578,1.44798049066076e-4,0.003617901266590922,0.006721066804574992,0.5022689941630447,0.7920867410784234,6,4
6,0.13849046385824723,0.1399709971483963,2.0638560611117915,23.74218146525526,10.60705177895283,1.985030644624604,5.7697845085753214e-5,0.011995139363636362,0.006194551134168019,1.51086457940087,0.9867108086669816,-2.909269379238365,-1.1523798714006714,-3.5104154884288965,1.089298768737161,-0.7563352958184046,-0.02105363997354715,0.02,0.9927136061256618,4.8242530965793344e-4,0.0013452466638340852,0.005417804020435268,4.091788041095586e-5,0.00669513034076131,0.007125182921016097,0.5022689941630447,0.7780742115491971,6,4
7,0.13849046385824723,0.1399709971483963,2.0638560611117915,23.74218146525526,10.60705177895283,1.985030644624604,5.7697845085753214e-5,0.011995139363636362,0.006194551134168019,1.51086457940087,0.9867108086669816,-2.909269379238365,-1.1523798714006714,-3.5104154884288965,1.089298768737161,-0.7563352958184046,-0.02105363997354715,0.02,0.9868587252231668,6.304264154053073e-4,0.0023234572088725427,0.010124862111423483,6.25290411319391e-5,0.010102687381785562,0.0090343118137136,0.5022689941630447,0.8290363322548024,6,4
8,0.13849046385824723,0.1399709971483963,2.0638560611117915,23.74218146525526,10.60705177895283,1.985030644624604,5.7697845085753214e-5,0.011995139363636362,0.006194551134168019,1.51086457940087,0.9867108086669816,-2.909269379238365,-1.1523798714006714,-3.5104154884288965,1.089298768737161,-0.7563352958184046,-0.02105363997354715,0.02,0.9808803545476988,5.252595543635307e-4,0.0032237287565901537,0.015247524612724307,1.231325286231449e-4,0.009059814862115004,0.013945827986651876,0.5022689941630447,0.7560536711783419,6,4
9,0.13849046385824723,0.1399709971483963,2.0638560611117915,23.74218146525526,10.60705177895283,1.985030644624604,5.7697845085753214e-5,0.011995139363636362,0.006194551134168019,1.51086457940087,0.9867108086669816,-2.909269379238365,-1.1523798714006714,-3.5104154884288965,1.089298768737161,-0.7563352958184046,-0.02105363997354715,0.02,0.986161285597942,3.6848163392961614e-4,0.001728877174252288,0.01164835861548818,9.299697838788044e-5,0.0092138221927061,0.009532601687560208,0.5022689941630447,0.6528625707556407,6,4
10,0.13849046385824723,0.1399709971483963,2.0638560611117915,23.74218146525526,10.60705177895283,1.985030644624604,5.7697845085753214e-5,0.011995139363636362,0.006194551134168019,1.51086457940087,0.9867108086669816,-2.909269379238365,-1.1523798714006714,-3.5104154884288965,1.089298768737161,-0.7563352958184046,-0.02105363997354715,0.02,0.9924596948450529,2.061938661327881e-4,7.341080625780006e-4,0.006561087939459575,3.891528677677843e-5,0.0044235347646132146,0.004577968609742329,0.5022689941630447,0.5933795026574614,6,4
11,0.13849046385824723,0.1399709971483963,2.0638560611117915,23.74218146525526,10.60705177895283,1.985030644624604,5.7697845085753214e-5,0.011995139363636362,0.006194551134168019,1.51086457940087,0.9867108086669816,-2.909269379238365,-1.1523798714006714,-3.5104154884288965,1.089298768737161,-0.7563352958184046,-0.02105363997354715,0.02,0.9971521205943371,1.3303015381242234e-4,4.248909307300591e-4,0.002281963334324371,7.99498679609115e-6,0.0026811311633202274,0.003319272488474646,0.5022689941630447,0.5929864630742442,6,4
12,0.13849046385824723,0.1399709971483963,2.0638560611117915,23.74218146525526,10.60705177895283,1.985030644624604,5.7697845085753214e-5,0.011995139363636362,0.006194551134168019,1.51086457940087,0.9867108086669816,-2.909269379238365,-1.1523798714006714,-3.5104154884288965,1.089298768737161,-0.7563352958184046,-0.02105363997354715,0.02,0.9904863916713816,4.3140301137426835e-4,0.0017481756519486357,0.007304048088819263,2.9981576476237734e-5,0.006514005521499398,0.005930386130176222,0.5022689941630447,0.4885014716921865,6,4
13,0.13849046385824723,0.1399709971483963,2.0638560611117915,23.74218146525526,10.60705177895283,1.985030644624604,5.7697845085753214e-5,0.011995139363636362,0.006194551134168019,1.51086457940087,0.9867108086669816,-2.909269379238365,-1.1523798714006714,-3.5104154884288965,1.089298768737161,-0.7563352958184046,-0.02105363997354715,0.02,0.9981844481768778,8.147045054508283e-5,2.895341799710398e-4,0.0014426294575296521,1.917735076500625e-6,0.0018758925798126169,0.001967861135364405,0.5022689941630447,0.3357366294151063,6,4
1,0.13849046385824723,0.1399709971483963,2.0638560611117915,23.74218146525526,10.60705177895283,1.985030644624604,5.7697845085753214e-5,0.01199513936363636,0.00619455113416802,1.51086457940087,0.9867108086669816,-2.909269379238365,-1.1523798714006714,-3.5104154884288965,1.089298768737161,-0.7563352958184046,-0.02105363997354715,0.02,0.30182041888512834,6.207955855627253e-4,0.0049228083585139,0.6058352229018801,0.08680075426891494,0.04985305754926784,0.7153054644371083,0.5022689941630447,1,5,4
2,0.13849046385824723,0.1399709971483963,2.0638560611117915,23.74218146525526,10.60705177895283,1.985030644624604,5.7697845085753214e-5,0.011995139363636362,0.006194551134168019,1.51086457940087,0.9867108086669816,-2.909269379238365,-1.1523798714006714,-3.5104154884288965,1.089298768737161,-0.7563352958184046,-0.02105363997354715,0.02,0.9713467275380019,0.001077281781425671,0.004278650276296745,0.02288433078533471,4.1300961894110186e-4,0.01716108607326587,0.01681180245567449,0.5022689941630447,0.9112642307418253,5,4
3,0.13849046385824723,0.1399709971483963,2.0638560611117915,23.74218146525526,10.60705177895283,1.985030644624604,5.7697845085753214e-5,0.011995139363636362,0.006194551134168019,1.51086457940087,0.9867108086669816,-2.909269379238365,-1.1523798714006714,-3.5104154884288965,1.089298768737161,-0.7563352958184046,-0.02105363997354715,0.02,0.9583432098866705,0.001403930799587982,0.006886845612778754,0.03282273510874335,5.432785922193916e-4,0.020610302700329403,0.02198206013849708,0.5022689941630447,0.9205507334051626,5,4
4,0.13849046385824723,0.1399709971483963,2.0638560611117915,23.74218146525526,10.60705177895283,1.985030644624604,5.7697845085753214e-5,0.011995139363636362,0.006194551134168019,1.51086457940087,0.9867108086669816,-2.909269379238365,-1.1523798714006714,-3.5104154884288965,1.089298768737161,-0.7563352958184046,-0.02105363997354715,0.02,0.9661618001590212,8.40965733322335e-4,0.004404751381907093,0.028092712100606546,4.997706251428309e-4,0.01779940427310555,0.01784510955836385,0.5022689941630447,0.794759389229191,5,4
5,0.13849046385824723,0.1399709971483963,2.0638560611117915,23.74218146525526,10.60705177895283,1.985030644624604,5.7697845085753214e-5,0.011995139363636362,0.006194551134168019,1.51086457940087,0.9867108086669816,-2.909269379238365,-1.1523798714006714,-3.5104154884288965,1.089298768737161,-0.7563352958184046,-0.02105363997354715,0.02,0.9870363284947519,2.6335297335492087e-4,0.0013068770183133137,0.01125531327740091,1.381282361789353e-4,0.0032448008875361027,0.0031350034907994383,0.5022689941630447,0.7256955494611574,5,4
6,0.13849046385824723,0.1399709971483963,2.0638560611117915,23.74218146525526,10.60705177895283,1.985030644624604,5.7697845085753214e-5,0.011995139363636362,0.006194551134168019,1.51086457940087,0.9867108086669816,-2.909269379238365,-1.1523798714006714,-3.5104154884288965,1.089298768737161,-0.7563352958184046,-0.02105363997354715,0.02,0.9929205810218534,4.4560425701787134e-4,0.0013300193768740652,0.0052661883450738104,3.760699918084725e-5,0.00708534089852569,0.006881504418044477,0.5022689941630447,0.8249365493753898,5,4
7,0.13849046385824723,0.1399709971483963,2.0638560611117915,23.74218146525526,10.60705177895283,1.985030644624604,5.7697845085753214e-5,0.011995139363636362,0.006194551134168019,1.51086457940087,0.9867108086669816,-2.909269379238365,-1.1523798714006714,-3.5104154884288965,1.089298768737161,-0.7563352958184046,-0.02105363997354715,0.02,0.9866176478902206,6.40064491727802e-4,0.0023372006891709592,0.010339888289126183,6.519863975449877e-5,0.009877763354947985,0.011096962911163905,0.5022689941630447,0.7608810311416236,5,4
8,0.13849046385824723,0.1399709971483963,2.0638560611117915,23.74218146525526,10.60705177895283,1.985030644624604,5.7697845085753214e-5,0.011995139363636362,0.006194551134168019,1.51086457940087,0.9867108086669816,-2.909269379238365,-1.1523798714006714,-3.5104154884288965,1.089298768737161,-0.7563352958184046,-0.02105363997354715,0.02,0.9809523809895062,5.411014890124588e-4,0.0032349417072721565,0.015146527801916682,1.2504801229253036e-4,0.005810322691404974,0.00945219418940916,0.5022689941630447,0.6859235557085853,5,4
9,0.13849046385824723,0.1399709971483963,2.0638560611117915,23.74218146525526,10.60705177895283,1.985030644624604,5.7697845085753214e-5,0.011995139363636362,0.006194551134168019,1.51086457940087,0.9867108086669816,-2.909269379238365,-1.1523798714006714,-3.5104154884288965,1.089298768737161,-0.7563352958184046,-0.02105363997354715,0.02,0.9863972674859901,3.4833785853344426e-4,0.0017002589568697257,0.011463720576201103,9.041512240548926e-5,0.009083084015663002,0.00853139495399771,0.5022689941630447,0.6885144578983683,5,4
10,0.13849046385824723,0.1399709971483963,2.0638560611117915,23.74218146525526,10.60705177895283,1.985030644624604,5.7697845085753214e-5,0.011995139363636362,0.006194551134168019,1.51086457940087,0.9867108086669816,-2.909269379238365,-1.1523798714006714,-3.5104154884288965,1.089298768737161,-0.7563352958184046,-0.02105363997354715,0.02,0.992736396447394,2.2156043771720188e-4,7.413291858278265e-4,0.006265698834867889,3.501509419310667e-5,0.004296169986278975,0.00447345152821056,0.5022689941630447,0.6077082125457839,5,4
11,0.13849046385824723,0.1399709971483963,2.0638560611117915,23.74218146525526,10.60705177895283,1.985030644624604,5.7697845085753214e-5,0.011995139363636362,0.006194551134168019,1.51086457940087,0.9867108086669816,-2.909269379238365,-1.1523798714006714,-3.5104154884288965,1.089298768737161,-0.7563352958184046,-0.02105363997354715,0.02,0.9971202756231098,1.318815360043588e-4,4.192755116342289e-4,0.002319827274477556,8.740054774058677e-6,0.00349772354685994,0.0030003255973641016,0.5022689941630447,0.6130352747124462,5,4
12,0.13849046385824723,0.1399709971483963,2.0638560611117915,23.74218146525526,10.60705177895283,1.985030644624604,5.7697845085753214e-5,0.011995139363636362,0.006194551134168019,1.51086457940087,0.9867108086669816,-2.909269379238365,-1.1523798714006714,-3.5104154884288965,1.089298768737161,-0.7563352958184046,-0.02105363997354715,0.02,0.9900034549858416,4.559202951030583e-4,0.001865872151433943,0.00764177780302301,3.297476459836599e-5,0.005792077730823843,0.00680552468788292,0.5022689941630447,0.44866745773036565,5,4
13,0.13849046385824723,0.1399709971483963,2.0638560611117915,23.74218146525526,10.60705177895283,1.985030644624604,5.7697845085753214e-5,0.011995139363636362,0.006194551134168019,1.51086457940087,0.9867108086669816,-2.909269379238365,-1.1523798714006714,-3.5104154884288965,1.089298768737161,-0.7563352958184046,-0.02105363997354715,0.02,0.9982040528692202,6.947486030524937e-5,2.8114861963006167e-4,0.0014433753280831965,1.94832276133664e-6,0.0017536371834962281,0.001969017240558855,0.5022689941630447,0.29680347902160004,5,4
1,0.13849046385824723,0.1399709971483963,2.0638560611117915,23.74218146525526,10.60705177895283,1.985030644624604,5.7697845085753214e-5,0.01199513936363636,0.00619455113416802,1.51086457940087,0.9867108086669816,-2.909269379238365,-1.1523798714006714,-3.5104154884288965,1.089298768737161,-0.7563352958184046,-0.02105363997354715,0.02,0.30182041888512834,6.207955855627253e-4,0.0049228083585139,0.6058352229018801,0.08680075426891494,0.04985305754926784,0.7153054644371083,0.5022689941630447,1,4,4
2,0.13849046385824723,0.1399709971483963,2.0638560611117915,23.74218146525526,10.60705177895283,1.985030644624604,5.7697845085753214e-5,0.011995139363636362,0.006194551134168019,1.51086457940087,0.9867108086669816,-2.909269379238365,-1.1523798714006714,-3.5104154884288965,1.089298768737161,-0.7563352958184046,-0.02105363997354715,0.02,0.9727157614492252,9.680613744556415e-4,0.004217777241214007,0.02178406791291987,3.1433202218535843e-4,0.01740136041897389,0.016487359602580097,0.5022689941630447,0.8258808417657161,4,4
3,0.13849046385824723,0.1399709971483963,2.0638560611117915,23.74218146525526,10.60705177895283,1.985030644624604,5.7697845085753214e-5,0.011995139363636362,0.006194551134168019,1.51086457940087,0.9867108086669816,-2.909269379238365,-1.1523798714006714,-3.5104154884288965,1.089298768737161,-0.7563352958184046,-0.02105363997354715,0.02,0.9584294843190653,0.0013442459410127373,0.006812581568783531,0.03287087561946683,5.428125516715199e-4,0.015396659579061145,0.018690160350366542,0.5022689941630447,0.9232784108585845,4,4
4,0.13849046385824723,0.1399709971483963,2.0638560611117915,23.74218146525526,10.60705177895283,1.985030644624604,5.7697845085753214e-5,0.011995139363636362,0.006194551134168019,1.51086457940087,0.9867108086669816,-2.909269379238365,-1.1523798714006714,-3.5104154884288965,1.089298768737161,-0.7563352958184046,-0.02105363997354715,0.02,0.9661462363043893,8.353245680333232e-4,0.004399393845678573,0.028127246667640195,4.917986142585811e-4,0.01435003077327171,0.017254849203962922,0.5022689941630447,0.7877543927543269,4,4
5,0.13849046385824723,0.1399709971483963,2.0638560611117915,23.74218146525526,10.60705177895283,1.985030644624604,5.7697845085753214e-5,0.011995139363636362,0.006194551134168019,1.51086457940087,0.9867108086669816,-2.909269379238365,-1.1523798714006714,-3.5104154884288965,1.089298768737161,-0.7563352958184046,-0.02105363997354715,0.02,0.9867331134631335,3.2125387791437197e-4,0.0013639706330946858,0.011440254296324186,1.4140772953320324e-4,0.007870551055399305,0.014306941761143855,0.5022689941630447,0.7651611508982797,4,4
6,0.13849046385824723,0.1399709971483963,2.0638560611117915,23.74218146525526,10.60705177895283,1.985030644624604,5.7697845085753214e-5,0.011995139363636362,0.006194551134168019,1.51086457940087,0.9867108086669816,-2.909269379238365,-1.1523798714006714,-3.5104154884288965,1.089298768737161,-0.7563352958184046,-0.02105363997354715,0.02,0.9927541865586458,4.708685860483905e-4,0.0013483784388252761,0.005387042178515552,3.9524237964943265e-5,0.006775377602184711,0.0070363713286109115,0.5022689941630447,0.8673590078208293,4,4
7,0.13849046385824723,0.1399709971483963,2.0638560611117915,23.74218146525526,10.60705177895283,1.985030644624604,5.7697845085753214e-5,0.011995139363636362,0.006194551134168019,1.51086457940087,0.9867108086669816,-2.909269379238365,-1.1523798714006714,-3.5104154884288965,1.089298768737161,-0.7563352958184046,-0.02105363997354715,0.02,0.9867633234494391,6.488086338786111e-4,0.00234194056670493,0.010183587617621682,6.233973235572014e-5,0.008745954099315148,0.008465015717324713,0.5022689941630447,0.7031127683635725,4,4
8,0.13849046385824723,0.1399709971483963,2.0638560611117915,23.74218146525526,10.60705177895283,1.985030644624604,5.7697845085753214e-5,0.011995139363636362,0.006194551134168019,1.51086457940087,0.9867108086669816,-2.909269379238365,-1.1523798714006714,-3.5104154884288965,1.089298768737161,-0.7563352958184046,-0.02105363997354715,0.02,0.9811483591201734,5.585971057175832e-4,0.0032084820312621148,0.014962456389472592,1.2210535337434398e-4,0.010384282535796681,0.010082700683159432,0.5022689941630447,0.783037898112841,4,4
9,0.13849046385824723,0.1399709971483963,2.0638560611117915,23.74218146525526,10.60705177895283,1.985030644624604,5.7697845085753214e-5,0.011995139363636362,0.006194551134168019,1.51086457940087,0.9867108086669816,-2.909269379238365,-1.1523798714006714,-3.5104154884288965,1.089298768737161,-0.7563352958184046,-0.02105363997354715,0.02,0.9860332246985049,3.695395144173373e-4,0.0017736335186060814,0.011729495718994806,9.410654947694838e-5,0.008836753386442027,0.008573068353769064,0.5022689941630447,0.6535599254307591,4,4
10,0.13849046385824723,0.1399709971483963,2.0638560611117915,23.74218146525526,10.60705177895283,1.985030644624604,5.7697845085753214e-5,0.011995139363636362,0.006194551134168019,1.51086457940087,0.9867108086669816,-2.909269379238365,-1.1523798714006714,-3.5104154884288965,1.089298768737161,-0.7563352958184046,-0.02105363997354715,0.02,0.9924802791142888,2.0432317878416988e-4,7.331316231400438e-4,0.006544443692906392,3.782239088058185e-5,0.004615511643537366,0.00406202559620371,0.5022689941630447,0.5494676617977439,4,4
11,0.13849046385824723,0.1399709971483963,2.0638560611117915,23.74218146525526,10.60705177895283,1.985030644624604,5.7697845085753214e-5,0.011995139363636362,0.006194551134168019,1.51086457940087,0.9867108086669816,-2.909269379238365,-1.1523798714006714,-3.5104154884288965,1.089298768737161,-0.7563352958184046,-0.02105363997354715,0.02,0.9970916683625234,1.3662591963887525e-4,4.2536288465644026e-4,0.0023379054713828793,8.437361798368744e-6,0.003494182351844537,0.0031337014031276155,0.5022689941630447,0.59333580747923,4,4
12,0.13849046385824723,0.1399709971483963,2.0638560611117915,23.74218146525526,10.60705177895283,1.985030644624604,5.7697845085753214e-5,0.011995139363636362,0.006194551134168019,1.51086457940087,0.9867108086669816,-2.909269379238365,-1.1523798714006714,-3.5104154884288965,1.089298768737161,-0.7563352958184046,-0.02105363997354715,0.02,0.9904686312340529,4.2471142498791235e-4,0.0017577745677975988,0.00731894786482154,2.993490834007264e-5,0.0055070639560217995,0.005605293978011272,0.5022689941630447,0.35739551480533494,4,4
13,0.13849046385824723,0.1399709971483963,2.0638560611117915,23.74218146525526,10.60705177895283,1.985030644624604,5.7697845085753214e-5,0.011995139363636362,0.006194551134168019,1.51086457940087,0.9867108086669816,-2.909269379238365,-1.1523798714006714,-3.5104154884288965,1.089298768737161,-0.7563352958184046,-0.02105363997354715,0.02,0.9984131730275627,6.785501395782798e-5,2.80646875757184e-4,0.0012371377415041388,1.1873412182057946e-6,0.0014585141464543913,0.0015850309203353078,0.5022689941630447,0.25486507388169216,4,4
1,0.13849046385824723,0.1399709971483963,2.0638560611117915,23.74218146525526,10.60705177895283,1.985030644624604,5.7697845085753214e-5,0.01199513936363636,0.00619455113416802,1.51086457940087,0.9867108086669816,-2.909269379238365,-1.1523798714006714,-3.5104154884288965,1.089298768737161,-0.7563352958184046,-0.02105363997354715,0.02,0.30182041888512834,6.207955855627253e-4,0.0049228083585139,0.6058352229018801,0.08680075426891494,0.04985305754926784,0.7153054644371083,0.5022689941630447,1,3,4
2,0.13849046385824723,0.1399709971483963,2.0638560611117915,23.74218146525526,10.60705177895283,1.985030644624604,5.7697845085753214e-5,0.011995139363636362,0.006194551134168019,1.51086457940087,0.9867108086669816,-2.909269379238365,-1.1523798714006714,-3.5104154884288965,1.089298768737161,-0.7563352958184046,-0.02105363997354715,0.02,0.9816025654135869,5.069182055290463e-4,0.0022745497732876213,0.015437107207243938,1.7885940035248995e-4,0.011884069889124148,0.014314669797793606,0.5022689941630447,0.8565326971488433,3,4
3,0.13849046385824723,0.1399709971483963,2.0638560611117915,23.74218146525526,10.60705177895283,1.985030644624604,5.7697845085753214e-5,0.011995139363636362,0.006194551134168019,1.51086457940087,0.9867108086669816,-2.909269379238365,-1.1523798714006714,-3.5104154884288965,1.089298768737161,-0.7563352958184046,-0.02105363997354715,0.02,0.9587764059438361,0.001357852774562874,0.006828030927506432,0.03250540272976048,5.323076243342056e-4,0.015246640538517845,0.01640432377325123,0.5022689941630447,0.8939052700601356,3,4
4,0.13849046385824723,0.1399709971483963,2.0638560611117915,23.74218146525526,10.60705177895283,1.985030644624604,5.7697845085753214e-5,0.011995139363636362,0.006194551134168019,1.51086457940087,0.9867108086669816,-2.909269379238365,-1.1523798714006714,-3.5104154884288965,1.089298768737161,-0.7563352958184046,-0.02105363997354715,0.02,0.9661488496307943,8.213095261331694e-4,0.004400261588770486,0.028128531016105435,5.010482381966798e-4,0.01641891862923824,0.014444168469899312,0.5022689941630447,0.7419821593378714,3,4
5,0.13849046385824723,0.1399709971483963,2.0638560611117915,23.74218146525526,10.60705177895283,1.985030644624604,5.7697845085753214e-5,0.011995139363636362,0.006194551134168019,1.51086457940087,0.9867108086669816,-2.909269379238365,-1.1523798714006714,-3.5104154884288965,1.089298768737161,-0.7563352958184046,-0.02105363997354715,0.02,0.9867236631523268,2.969035253444869e-4,0.0013395694055875187,0.0114951026922299,1.4476122451131157e-4,0.007262449862965274,0.011216896922343872,0.5022689941630447,0.740334285269209,3,4
6,0.13849046385824723,0.1399709971483963,2.0638560611117915,23.74218146525526,10.60705177895283,1.985030644624604,5.7697845085753214e-5,0.011995139363636362,0.006194551134168019,1.51086457940087,0.9867108086669816,-2.909269379238365,-1.1523798714006714,-3.5104154884288965,1.089298768737161,-0.7563352958184046,-0.02105363997354715,0.02,0.992941561530053,4.577104682673389e-4,0.00132403521971396,0.0052421401040797745,3.455267788596136e-5,0.006809176786751735,0.006526803151529298,0.5022689941630447,0.6656826183567021,3,4
7,0.13849046385824723,0.1399709971483963,2.0638560611117915,23.74218146525526,10.60705177895283,1.985030644624604,5.7697845085753214e-5,0.011995139363636362,0.006194551134168019,1.51086457940087,0.9867108086669816,-2.909269379238365,-1.1523798714006714,-3.5104154884288965,1.089298768737161,-0.7563352958184046,-0.02105363997354715,0.02,0.9870063445779684,5.881020643458768e-4,0.0022959129792944353,0.010051672226790511,5.796815160075337e-5,0.008610483012524773,0.008233162445969718,0.5022689941630447,0.7590324744372345,3,4
8,0.13849046385824723,0.1399709971483963,2.0638560611117915,23.74218146525526,10.60705177895283,1.985030644624604,5.7697845085753214e-5,0.011995139363636362,0.006194551134168019,1.51086457940087,0.9867108086669816,-2.909269379238365,-1.1523798714006714,-3.5104154884288965,1.089298768737161,-0.7563352958184046,-0.02105363997354715,0.02,0.9806859760061138,5.296931184650991e-4,0.00325699548824508,0.015401259915225075,1.260754719509442e-4,0.010406694097836266,0.01472573065227494,0.5022689941630447,0.765500549465523,3,4
9,0.13849046385824723,0.1399709971483963,2.0638560611117915,23.74218146525526,10.60705177895283,1.985030644624604,5.7697845085753214e-5,0.011995139363636362,0.006194551134168019,1.51086457940087,0.9867108086669816,-2.909269379238365,-1.1523798714006714,-3.5104154884288965,1.089298768737161,-0.7563352958184046,-0.02105363997354715,0.02,0.9862073841445885,3.6778459794636876e-4,0.0017239715195399008,0.011605270258651318,9.558947927394786e-5,0.010897718832619745,0.010217722882271178,0.5022689941630447,0.6487573415680322,3,4
10,0.13849046385824723,0.1399709971483963,2.0638560611117915,23.74218146525526,10.60705177895283,1.985030644624604,5.7697845085753214e-5,0.011995139363636362,0.006194551134168019,1.51086457940087,0.9867108086669816,-2.909269379238365,-1.1523798714006714,-3.5104154884288965,1.089298768737161,-0.7563352958184046,-0.02105363997354715,0.02,0.9925717760882907,2.07247022956196e-4,7.450301765320703e-4,0.006439513547913552,3.643316430754811e-5,0.003842148503615527,0.0038202810026226716,0.5022689941630447,0.5519158494630523,3,4
11,0.13849046385824723,0.1399709971483963,2.0638560611117915,23.74218146525526,10.60705177895283,1.985030644624604,5.7697845085753214e-5,0.011995139363636362,0.006194551134168019,1.51086457940087,0.9867108086669816,-2.909269379238365,-1.1523798714006714,-3.5104154884288965,1.089298768737161,-0.7563352958184046,-0.02105363997354715,0.02,0.9969602070328207,1.3129491967552048e-4,4.2166377800406256e-4,0.0024779906353100635,8.843634189670498e-6,0.0033487106941457795,0.0029872060024944917,0.5022689941630447,0.546762726558339,3,4
12,0.13849046385824723,0.1399709971483963,2.0638560611117915,23.74218146525526,10.60705177895283,1.985030644624604,5.7697845085753214e-5,0.011995139363636362,0.006194551134168019,1.51086457940087,0.9867108086669816,-2.909269379238365,-1.1523798714006714,-3.5104154884288965,1.089298768737161,-0.7563352958184046,-0.02105363997354715,0.02,0.9917646760702405,3.666918011135298e-4,0.0015130514522732534,0.006333285786406787,2.2294889965999662e-5,0.004689923117436303,0.004514100846673427,0.5022689941630447,0.22774682506061664,3,4
13,0.13849046385824723,0.1399709971483963,2.0638560611117915,23.74218146525526,10.60705177895283,1.985030644624604,5.7697845085753214e-5,0.011995139363636362,0.006194551134168019,1.51086457940087,0.9867108086669816,-2.909269379238365,-1.1523798714006714,-3.5104154884288965,1.089298768737161,-0.7563352958184046,-0.02105363997354715,0.02,0.9985266656811059,5.37299538517588e-5,2.5425478001061814e-4,0.0011643202142389566,1.0293707927978214e-6,7.946501651248731e-4,8.411751499801847e-4,0.5022689941630447,0.20099859095784112,3,4
1,0.13849046385824723,0.1399709971483963,2.0638560611117915,23.74218146525526,10.60705177895283,1.985030644624604,5.7697845085753214e-5,0.01199513936363636,0.00619455113416802,1.51086457940087,0.9867108086669816,-2.909269379238365,-1.1523798714006714,-3.5104154884288965,1.089298768737161,-0.7563352958184046,-0.02105363997354715,0.02,0.30182041888512834,6.207955855627253e-4,0.0049228083585139,0.6058352229018801,0.08680075426891494,0.04985305754926784,0.7153054644371083,0.5022689941630447,1,2,4
2,0.13849046385824723,0.1399709971483963,2.0638560611117915,23.74218146525526,10.60705177895283,1.985030644624604,5.7697845085753214e-5,0.011995139363636362,0.006194551134168019,1.51086457940087,0.9867108086669816,-2.909269379238365,-1.1523798714006714,-3.5104154884288965,1.089298768737161,-0.7563352958184046,-0.02105363997354715,0.02,0.9863412486823244,7.599323426688729e-4,0.0026696151686595193,0.010134887627738528,9.431617860867846e-5,0.013276158451112458,0.01378933917591465,0.5022689941630447,0.9524837168406686,2,4
3,0.13849046385824723,0.1399709971483963,2.0638560611117915,23.74218146525526,10.60705177895283,1.985030644624604,5.7697845085753214e-5,0.011995139363636362,0.006194551134168019,1.51086457940087,0.9867108086669816,-2.909269379238365,-1.1523798714006714,-3.5104154884288965,1.089298768737161,-0.7563352958184046,-0.02105363997354715,0.02,0.9578997688597404,0.0014058259058195679,0.006958899578828992,0.033177489444923894,5.580162106871065e-4,0.020033275229609557,0.019465177802758377,0.5022689941630447,0.9015077266245517,2,4
4,0.13849046385824723,0.1399709971483963,2.0638560611117915,23.74218146525526,10.60705177895283,1.985030644624604,5.7697845085753214e-5,0.011995139363636362,0.006194551134168019,1.51086457940087,0.9867108086669816,-2.909269379238365,-1.1523798714006714,-3.5104154884288965,1.089298768737161,-0.7563352958184046,-0.02105363997354715,0.02,0.9660884990346158,8.31424222115783e-4,0.004398083462625387,0.028156109494437784,5.258837862052072e-4,0.015987502008531586,0.014938512504461357,0.5022689941630447,0.8515732140978256,2,4
5,0.13849046385824723,0.1399709971483963,2.0638560611117915,23.74218146525526,10.60705177895283,1.985030644624604,5.7697845085753214e-5,0.011995139363636362,0.006194551134168019,1.51086457940087,0.9867108086669816,-2.909269379238365,-1.1523798714006714,-3.5104154884288965,1.089298768737161,-0.7563352958184046,-0.02105363997354715,0.02,0.9862484049520706,3.119698702866418e-4,0.0013714446806230743,0.011920197341157552,1.4798315586215995e-4,0.0058126665468506075,0.00861899385323945,0.5022689941630447,0.6145553042273507,2,4
6,0.13849046385824723,0.1399709971483963,2.0638560611117915,23.74218146525526,10.60705177895283,1.985030644624604,5.7697845085753214e-5,0.011995139363636362,0.006194551134168019,1.51086457940087,0.9867108086669816,-2.909269379238365,-1.1523798714006714,-3.5104154884288965,1.089298768737161,-0.7563352958184046,-0.02105363997354715,0.02,0.993359704035865,4.3083965876611314e-4,0.0012912919449855414,0.004892177743865296,2.598661651800151e-5,0.006121326568296634,0.0065399600966251975,0.5022689941630447,0.7368825383090493,2,4
7,0.13849046385824723,0.1399709971483963,2.0638560611117915,23.74218146525526,10.60705177895283,1.985030644624604,5.7697845085753214e-5,0.011995139363636362,0.006194551134168019,1.51086457940087,0.9867108086669816,-2.909269379238365,-1.1523798714006714,-3.5104154884288965,1.089298768737161,-0.7563352958184046,-0.02105363997354715,0.02,0.9869736971678226,6.157434578039238e-4,0.0023087500430687955,0.01004393502854556,5.78743027591708e-5,0.010389211314852058,0.009970725182451073,0.5022689941630447,0.8258003515398907,2,4
8,0.13849046385824723,0.1399709971483963,2.0638560611117915,23.74218146525526,10.60705177895283,1.985030644624604,5.7697845085753214e-5,0.011995139363636362,0.006194551134168019,1.51086457940087,0.9867108086669816,-2.909269379238365,-1.1523798714006714,-3.5104154884288965,1.089298768737161,-0.7563352958184046,-0.02105363997354715,0.02,0.9808701693977131,5.761546955796804e-4,0.003224886463832821,0.015199764133823908,1.2902530905055506e-4,0.00889978491337128,0.012757627196104918,0.5022689941630447,0.6684639790369551,2,4
9,0.13849046385824723,0.1399709971483963,2.0638560611117915,23.74218146525526,10.60705177895283,1.985030644624604,5.7697845085753214e-5,0.011995139363636362,0.006194551134168019,1.51086457940087,0.9867108086669816,-2.909269379238365,-1.1523798714006714,-3.5104154884288965,1.089298768737161,-0.7563352958184046,-0.02105363997354715,0.02,0.9863314250373846,3.3661854944119036e-4,0.0017199042045009348,0.011516760364175883,9.52918444973126e-5,0.007335209025312256,0.0056970316501274675,0.5022689941630447,0.6444773379714499,2,4
10,0.13849046385824723,0.1399709971483963,2.0638560611117915,23.74218146525526,10.60705177895283,1.985030644624604,5.7697845085753214e-5,0.011995139363636362,0.006194551134168019,1.51086457940087,0.9867108086669816,-2.909269379238365,-1.1523798714006714,-3.5104154884288965,1.089298768737161,-0.7563352958184046,-0.02105363997354715,0.02,0.9928641192674419,2.015237038703352e-4,7.219655595563764e-4,0.006179755666846933,3.263580228450651e-5,0.004778627429946482,0.004323753164556529,0.5022689941630447,0.5224581565208555,2,4
11,0.13849046385824723,0.1399709971483963,2.0638560611117915,23.74218146525526,10.60705177895283,1.985030644624604,5.7697845085753214e-5,0.011995139363636362,0.006194551134168019,1.51086457940087,0.9867108086669816,-2.909269379238365,-1.1523798714006714,-3.5104154884288965,1.089298768737161,-0.7563352958184046,-0.02105363997354715,0.02,0.9972328213769266,1.2817602650580856e-4,4.186472188018074e-4,0.0022141896152068317,6.1657625589866225e-6,0.0027791034672933292,0.002978989897066359,0.5022689941630447,0.45428769842647215,2,4
12,0.13849046385824723,0.1399709971483963,2.0638560611117915,23.74218146525526,10.60705177895283,1.985030644624604,5.7697845085753214e-5,0.011995139363636362,0.006194551134168019,1.51086457940087,0.9867108086669816,-2.909269379238365,-1.1523798714006714,-3.5104154884288965,1.089298768737161,-0.7563352958184046,-0.02105363997354715,0.02,0.9941557751998743,2.560335884359979e-4,0.0010729084220944634,0.004503707568612526,1.157522098268856e-5,0.0036600317222418494,0.004061010668336307,0.5022689941630447,0.19020120524697376,2,4
13,0.13849046385824723,0.1399709971483963,2.0638560611117915,23.74218146525526,10.60705177895283,1.985030644624604,5.7697845085753214e-5,0.011995139363636362,0.006194551134168019,1.51086457940087,0.9867108086669816,-2.909269379238365,-1.1523798714006714,-3.5104154884288965,1.089298768737161,-0.7563352958184046,-0.02105363997354715,0.02,0.9985719663773384,4.807993360722722e-5,2.3814599195673834e-4,0.001140671314359601,1.136382738132981e-6,5.26634042466298e-4,7.003235137874922e-4,0.5022689941630447,0.22481608341468073,2,4
1,0.13849046385824723,0.1399709971483963,2.0638560611117915,23.74218146525526,10.60705177895283,1.985030644624604,5.7697845085753214e-5,0.01199513936363636,0.00619455113416802,1.51086457940087,0.9867108086669816,-2.909269379238365,-1.1523798714006714,-3.5104154884288965,1.089298768737161,-0.7563352958184046,-0.02105363997354715,0.02,0.30182041888512834,6.207955855627253e-4,0.0049228083585139,0.6058352229018801,0.08680075426891494,0.04985305754926784,0.7153054644371083,0.5022689941630447,1,14,5
2,0.13849046385824723,0.1399709971483963,2.0638560611117915,23.74218146525526,10.60705177895283,1.985030644624604,5.7697845085753214e-5,0.011995139363636362,0.006194551134168019,1.51086457940087,0.9867108086669816,-2.909269379238365,-1.1523798714006714,-3.5104154884288965,1.089298768737161,-0.7563352958184046,-0.02105363997354715,0.02,0.8340508312246036,0.003222180783229152,0.013490979199640459,0.12822899892151127,0.021007009871015662,0.04183785791744343,0.04548602668040915,0.5022689941630447,0.9795746892174563,14,5
3,0.13849046385824723,0.1399709971483963,2.0638560611117915,23.74218146525526,10.60705177895283,1.985030644624604,5.7697845085753214e-5,0.011995139363636362,0.006194551134168019,1.51086457940087,0.9867108086669816,-2.909269379238365,-1.1523798714006714,-3.5104154884288965,1.089298768737161,-0.7563352958184046,-0.02105363997354715,0.02,0.9581613431975564,0.001405698593183644,0.006911404649004852,0.03296719138410946,5.543621761457262e-4,0.01725410465097889,0.020626287093418162,0.5022689941630447,0.9850875345895763,14,5
4,0.13849046385824723,0.1399709971483963,2.0638560611117915,23.74218146525526,10.60705177895283,1.985030644624604,5.7697845085753214e-5,0.011995139363636362,0.006194551134168019,1.51086457940087,0.9867108086669816,-2.909269379238365,-1.1523798714006714,-3.5104154884288965,1.089298768737161,-0.7563352958184046,-0.02105363997354715,0.02,0.9660684337793052,8.551845893205484e-4,0.0044577668216564895,0.028119900104825728,4.987147048921714e-4,0.01232283541084767,0.019653809477363338,0.5022689941630447,0.8686231893752797,14,5
5,0.13849046385824723,0.1399709971483963,2.0638560611117915,23.74218146525526,10.60705177895283,1.985030644624604,5.7697845085753214e-5,0.011995139363636362,0.006194551134168019,1.51086457940087,0.9867108086669816,-2.909269379238365,-1.1523798714006714,-3.5104154884288965,1.089298768737161,-0.7563352958184046,-0.02105363997354715,0.02,0.9865746606225116,3.058824875862538e-4,0.0013294636193322015,0.011643164519648582,1.4682875092145555e-4,0.0029566695223996616,0.0077551760898778134,0.5022689941630447,0.8128465776571356,14,5
6,0.13849046385824723,0.1399709971483963,2.0638560611117915,23.74218146525526,10.60705177895283,1.985030644624604,5.7697845085753214e-5,0.011995139363636362,0.006194551134168019,1.51086457940087,0.9867108086669816,-2.909269379238365,-1.1523798714006714,-3.5104154884288965,1.089298768737161,-0.7563352958184046,-0.02105363997354715,0.02,0.9928204579161918,4.958077771889535e-4,0.0013515005950929322,0.005292923794769047,3.930991675725458e-5,0.0065743459225462595,0.0074347545862350345,0.5022689941630447,0.9149970219366018,14,5
7,0.13849046385824723,0.1399709971483963,2.0638560611117915,23.74218146525526,10.60705177895283,1.985030644624604,5.7697845085753214e-5,0.011995139363636362,0.006194551134168019,1.51086457940087,0.9867108086669816,-2.909269379238365,-1.1523798714006714,-3.5104154884288965,1.089298768737161,-0.7563352958184046,-0.02105363997354715,0.02,0.9866552687725839,6.803373978763976e-4,0.002362431578737809,0.010238119988213822,6.384226258807303e-5,0.009989891408497403,0.011261624735692439,0.5022689941630447,0.8083651832138434,14,5
8,0.13849046385824723,0.1399709971483963,2.0638560611117915,23.74218146525526,10.60705177895283,1.985030644624604,5.7697845085753214e-5,0.011995139363636362,0.006194551134168019,1.51086457940087,0.9867108086669816,-2.909269379238365,-1.1523798714006714,-3.5104154884288965,1.089298768737161,-0.7563352958184046,-0.02105363997354715,0.02,0.9807183711353095,5.473407989765661e-4,0.0031953674190126485,0.015410130143570573,1.2879050313074734e-4,0.0106722665357619,0.010531362586305016,0.5022689941630447,0.7800503632426894,14,5
9,0.13849046385824723,0.1399709971483963,2.0638560611117915,23.74218146525526,10.60705177895283,1.985030644624604,5.7697845085753214e-5,0.011995139363636362,0.006194551134168019,1.51086457940087,0.9867108086669816,-2.909269379238365,-1.1523798714006714,-3.5104154884288965,1.089298768737161,-0.7563352958184046,-0.02105363997354715,0.02,0.9862461129383395,3.5312188279656634e-4,0.0017306369195344484,0.011578567686495721,9.156057283377493e-5,0.0068333998510374345,0.006301068619467038,0.5022689941630447,0.6985801505287187,14,5
10,0.13849046385824723,0.1399709971483963,2.0638560611117915,23.74218146525526,10.60705177895283,1.985030644624604,5.7697845085753214e-5,0.011995139363636362,0.006194551134168019,1.51086457940087,0.9867108086669816,-2.909269379238365,-1.1523798714006714,-3.5104154884288965,1.089298768737161,-0.7563352958184046,-0.02105363997354715,0.02,0.9925232962812716,2.2279262692163145e-4,7.317723551430642e-4,0.006484610343534213,3.752839312950787e-5,0.00553153896010715,0.005235633841865195,0.5022689941630447,0.7390847966325643,14,5
11,0.13849046385824723,0.1399709971483963,2.0638560611117915,23.74218146525526,10.60705177895283,1.985030644624604,5.7697845085753214e-5,0.011995139363636362,0.006194551134168019,1.51086457940087,0.9867108086669816,-2.909269379238365,-1.1523798714006714,-3.5104154884288965,1.089298768737161,-0.7563352958184046,-0.02105363997354715,0.02,0.997010661322645,1.461331219051761e-4,4.3675517304223407e-4,0.002397551521463154,8.898860944451153e-6,0.004063495507015896,0.003957632056238688,0.5022689941630447,0.7504394180517973,14,5
12,0.13849046385824723,0.1399709971483963,2.0638560611117915,23.74218146525526,10.60705177895283,1.985030644624604,5.7697845085753214e-5,0.011995139363636362,0.006194551134168019,1.51086457940087,0.9867108086669816,-2.909269379238365,-1.1523798714006714,-3.5104154884288965,1.089298768737161,-0.7563352958184046,-0.02105363997354715,0.02,0.9852419530718709,6.815528155244517e-4,0.002806537904326626,0.011202022766585204,6.793344169281733e-5,0.009212201822045532,0.00926780553387723,0.5022689941630447,0.6288280121730042,14,5
13,0.13849046385824723,0.1399709971483963,2.0638560611117915,23.74218146525526,10.60705177895283,1.985030644624604,5.7697845085753214e-5,0.011995139363636362,0.006194551134168019,1.51086457940087,0.9867108086669816,-2.909269379238365,-1.1523798714006714,-3.5104154884288965,1.089298768737161,-0.7563352958184046,-0.02105363997354715,0.02,0.9977829869925496,1.0036266081202984e-4,3.091698515204586e-4,0.001803947586939876,3.5329081779884248e-6,0.0011699262132759737,0.00225150659209426,0.5022689941630447,0.6534923700274454,14,5
1,0.13849046385824723,0.1399709971483963,2.0638560611117915,23.74218146525526,10.60705177895283,1.985030644624604,5.7697845085753214e-5,0.01199513936363636,0.00619455113416802,1.51086457940087,0.9867108086669816,-2.909269379238365,-1.1523798714006714,-3.5104154884288965,1.089298768737161,-0.7563352958184046,-0.02105363997354715,0.02,0.30182041888512834,6.207955855627253e-4,0.0049228083585139,0.6058352229018801,0.08680075426891494,0.04985305754926784,0.7153054644371083,0.5022689941630447,1,13,5
2,0.13849046385824723,0.1399709971483963,2.0638560611117915,23.74218146525526,10.60705177895283,1.985030644624604,5.7697845085753214e-5,0.011995139363636362,0.006194551134168019,1.51086457940087,0.9867108086669816,-2.909269379238365,-1.1523798714006714,-3.5104154884288965,1.089298768737161,-0.7563352958184046,-0.02105363997354715,0.02,0.9368376113026915,0.0016402252029014928,0.006281896025573528,0.05087940130925876,0.004360866159574707,0.026417918770793327,0.028255294390245975,0.5022689941630447,0.9625067329172159,13,5
3,0.13849046385824723,0.1399709971483963,2.0638560611117915,23.74218146525526,10.60705177895283,1.985030644624604,5.7697845085753214e-5,0.011995139363636362,0.006194551134168019,1.51086457940087,0.9867108086669816,-2.909269379238365,-1.1523798714006714,-3.5104154884288965,1.089298768737161,-0.7563352958184046,-0.02105363997354715,0.02,0.9583361340490659,0.001403814382012525,0.00689598942914911,0.03281597382279061,5.480883169818303e-4,0.02423941179677939,0.02464049058130564,0.5022689941630447,0.9503065961461005,13,5
4,0.13849046385824723,0.1399709971483963,2.0638560611117915,23.74218146525526,10.60705177895283,1.985030644624604,5.7697845085753214e-5,0.011995139363636362,0.006194551134168019,1.51086457940087,0.9867108086669816,-2.909269379238365,-1.1523798714006714,-3.5104154884288965,1.089298768737161,-0.7563352958184046,-0.02105363997354715,0.02,0.9664469161891427,8.301021816378814e-4,0.004400358831018617,0.027835180672989103,4.8744212521178125e-4,0.014654192445315517,0.020038675929522624,0.5022689941630447,0.8932834299622093,13,5
5,0.13849046385824723,0.1399709971483963,2.0638560611117915,23.74218146525526,10.60705177895283,1.985030644624604,5.7697845085753214e-5,0.011995139363636362,0.006194551134168019,1.51086457940087,0.9867108086669816,-2.909269379238365,-1.1523798714006714,-3.5104154884288965,1.089298768737161,-0.7563352958184046,-0.02105363997354715,0.02,0.9865294545309081,3.0245317922728595e-4,0.0013330018257264045,0.011686887250864968,1.4820321327329246e-4,0.010578269894177173,0.01267834275402657,0.5022689941630447,0.7897644055738907,13,5
6,0.13849046385824723,0.1399709971483963,2.0638560611117915,23.74218146525526,10.60705177895283,1.985030644624604,5.7697845085753214e-5,0.011995139363636362,0.006194551134168019,1.51086457940087,0.9867108086669816,-2.909269379238365,-1.1523798714006714,-3.5104154884288965,1.089298768737161,-0.7563352958184046,-0.02105363997354715,0.02,0.9929006802815551,4.848376995248577e-4,0.0013441147661169429,0.005232872096593024,3.7495156209999064e-5,0.007095273398835757,0.007663927736219286,0.5022689941630447,0.929821425906169,13,5
7,0.13849046385824723,0.1399709971483963,2.0638560611117915,23.74218146525526,10.60705177895283,1.985030644624604,5.7697845085753214e-5,0.011995139363636362,0.006194551134168019,1.51086457940087,0.9867108086669816,-2.909269379238365,-1.1523798714006714,-3.5104154884288965,1.089298768737161,-0.7563352958184046,-0.02105363997354715,0.02,0.9865022091386199,6.827775792623554e-4,0.002378625691917264,0.010370605728571037,6.578186162952592e-5,0.011792563159226666,0.012171030579012277,0.5022689941630447,0.8156787982088356,13,5
8,0.13849046385824723,0.1399709971483963,2.0638560611117915,23.74218146525526,10.60705177895283,1.985030644624604,5.7697845085753214e-5,0.011995139363636362,0.006194551134168019,1.51086457940087,0.9867108086669816,-2.909269379238365,-1.1523798714006714,-3.5104154884288965,1.089298768737161,-0.7563352958184046,-0.02105363997354715,0.02,0.9807469914892454,5.438361279607954e-4,0.003215248083779359,0.015367190677984557,1.2673362102997467e-4,0.006332028075648946,0.00878971581403062,0.5022689941630447,0.79603982720166655,13,5
9,0.13849046385824723,0.1399709971483963,2.0638560611117915,23.74218146525526,10.60705177895283,1.985030644624604,5.7697845085753214e-5,0.011995139363636362,0.006194551134168019,1.51086457940087,0.9867108086669816,-2.909269379238365,-1.1523798714006714,-3.5104154884288965,1.089298768737161,-0.7563352958184046,-0.02105363997354715,0.02,0.9860533048754434,3.595939119968341e-4,0.0017311764595910222,0.011760013730116377,9.591102285239937e-5,0.006822149430953562,0.014133500679855178,0.5022689941630447,0.8004887928790472,13,5
10,0.13849046385824723,0.1399709971483963,2.0638560611117915,23.74218146525526,10.60705177895283,1.985030644624604,5.7697845085753214e-5,0.011995139363636362,0.006194551134168019,1.51086457940087,0.9867108086669816,-2.909269379238365,-1.1523798714006714,-3.5104154884288965,1.089298768737161,-0.7563352958184046,-0.02105363997354715,0.02,0.9923423852020036,2.3194175440389972e-4,7.626541270044347e-4,0.0066244370040377185,3.858191255043299e-5,0.005724157938362748,0.006817424306616841,0.5022689941630447,0.8191631919017975,13,5
11,0.13849046385824723,0.1399709971483963,2.0638560611117915,23.74218146525526,10.60705177895283,1.985030644624604,5.7697845085753214e-5,0.011995139363636362,0.006194551134168019,1.51086457940087,0.9867108086669816,-2.909269379238365,-1.1523798714006714,-3.5104154884288965,1.089298768737161,-0.7563352958184046,-0.02105363997354715,0.02,0.9970082863777355,1.6523559528364078e-4,4.413362425059764e-4,0.002376701270949869,8.440513525018067e-6,0.0037940262244868642,0.004556144431101348,0.5022689941630447,0.7133824479934704,13,5
12,0.13849046385824723,0.1399709971483963,2.0638560611117915,23.74218146525526,10.60705177895283,1.985030644624604,5.7697845085753214e-5,0.011995139363636362,0.006194551134168019,1.51086457940087,0.9867108086669816,-2.909269379238365,-1.1523798714006714,-3.5104154884288965,1.089298768737161,-0.7563352958184046,-0.02105363997354715,0.02,0.9864281698960852,6.342220536402769e-4,0.0025587617611243234,0.010320609957328988,5.823633182127948e-5,0.00867342085207225,0.009317806639075365,0.5022689941630447,0.5628384395202705,13,5
13,0.13849046385824723,0.1399709971483963,2.0638560611117915,23.74218146525526,10.60705177895283,1.985030644624604,5.7697845085753214e-5,0.011995139363636362,0.006194551134168019,1.51086457940087,0.9867108086669816,-2.909269379238365,-1.1523798714006714,-3.5104154884288965,1.089298768737161,-0.7563352958184046,-0.02105363997354715,0.02,0.9980105261422648,9.112886395554437e-5,2.9390759748853965e-4,0.0016016310302929577,2.8063659981723386e-6,0.0025655320956001924,0.0022602707395009687,0.5022689941630447,0.5612392026002537,13,5
1,0.13849046385824723,0.1399709971483963,2.0638560611117915,23.74218146525526,10.60705177895283,1.985030644624604,5.7697845085753214e-5,0.01199513936363636,0.00619455113416802,1.51086457940087,0.9867108086669816,-2.909269379238365,-1.1523798714006714,-3.5104154884288965,1.089298768737161,-0.7563352958184046,-0.02105363997354715,0.02,0.30182041888512834,6.207955855627253e-4,0.0049228083585139,0.6058352229018801,0.08680075426891494,0.04985305754926784,0.7153054644371083,0.5022689941630447,1,12,5
2,0.13849046385824723,0.1399709971483963,2.0638560611117915,23.74218146525526,10.60705177895283,1.985030644624604,5.7697845085753214e-5,0.011995139363636362,0.006194551134168019,1.51086457940087,0.9867108086669816,-2.909269379238365,-1.1523798714006714,-3.5104154884288965,1.089298768737161,-0.7563352958184046,-0.02105363997354715,0.02,0.969443277441054,0.001386058411134831,0.005030076476845563,0.023182186976895187,9.584006940704661e-4,0.01897621563205107,0.017505939428272266,0.5022689941630447,0.9420296373764827,12,5
3,0.13849046385824723,0.1399709971483963,2.0638560611117915,23.74218146525526,10.60705177895283,1.985030644624604,5.7697845085753214e-5,0.011995139363636362,0.006194551134168019,1.51086457940087,0.9867108086669816,-2.909269379238365,-1.1523798714006714,-3.5104154884288965,1.089298768737161,-0.7563352958184046,-0.02105363997354715,0.02,0.9585207757749911,0.00138975274484322,0.006882838065766284,0.03266208968431677,5.445437300826821e-4,0.019489800373289987,0.020516083029363794,0.5022689941630447,0.9196570101598224,12,5
4,0.13849046385824723,0.1399709971483963,2.0638560611117915,23.74218146525526,10.60705177895283,1.985030644624604,5.7697845085753214e-5,0.011995139363636362,0.006194551134168019,1.51086457940087,0.9867108086669816,-2.909269379238365,-1.1523798714006714,-3.5104154884288965,1.089298768737161,-0.7563352958184046,-0.02105363997354715,0.02,0.966216792924015,8.489553019212176e-4,0.004427328934472745,0.02800555146610856,5.013713734824775e-4,0.01597994732756007,0.01805792575979091,0.5022689941630447,0.9374043367579703,12,5
5,0.13849046385824723,0.1399709971483963,2.0638560611117915,23.74218146525526,10.60705177895283,1.985030644624604,5.7697845085753214e-5,0.011995139363636362,0.006194551134168019,1.51086457940087,0.9867108086669816,-2.909269379238365,-1.1523798714006714,-3.5104154884288965,1.089298768737161,-0.7563352958184046,-0.02105363997354715,0.02,0.9867187054448912,2.4403359312661943e-4,0.0013991405365505378,0.011496127145692148,1.4199327973954574e-4,0.00858805584566408,0.006100019277346918,0.5022689941630447,0.8878106852499167,12,5
6,0.13849046385824723,0.1399709971483963,2.0638560611117915,23.74218146525526,10.60705177895283,1.985030644624604,5.7697845085753214e-5,0.011995139363636362,0.006194551134168019,1.51086457940087,0.9867108086669816,-2.909269379238365,-1.1523798714006714,-3.5104154884288965,1.089298768737161,-0.7563352958184046,-0.02105363997354715,0.02,0.9926818244217651,5.058633428022646e-4,0.0013535883663474677,0.005417059676719651,4.1664192365557693e-5,0.008797503207869808,0.010873248839904062,0.5022689941630447,0.8327371466381154,12,5
7,0.13849046385824723,0.1399709971483963,2.0638560611117915,23.74218146525526,10.60705177895283,1.985030644624604,5.7697845085753214e-5,0.011995139363636362,0.006194551134168019,1.51086457940087,0.9867108086669816,-2.909269379238365,-1.1523798714006714,-3.5104154884288965,1.089298768737161,-0.7563352958184046,-0.02105363997354715,0.02,0.9866838624896931,6.385560533720507e-4,0.002351276161019293,0.010262657962240008,6.364733367557671e-5,0.009614519414264215,0.009501725898507177,0.5022689941630447,0.8286348846392887,12,5
8,0.13849046385824723,0.1399709971483963,2.0638560611117915,23.74218146525526,10.60705177895283,1.985030644624604,5.7697845085753214e-5,0.011995139363636362,0.006194551134168019,1.51086457940087,0.9867108086669816,-2.909269379238365,-1.1523798714006714,-3.5104154884288965,1.089298768737161,-0.7563352958184046,-0.02105363997354715,0.02,0.9808595034097155,5.427833090660257e-4,0.0032162428316550246,0.01525682171336874,1.246487361947961e-4,0.010441333461222434,0.00801262772966054,0.5022689941630447,0.8472052920783338,12,5
9,0.13849046385824723,0.1399709971483963,2.0638560611117915,23.74218146525526,10.60705177895283,1.985030644624604,5.7697845085753214e-5,0.011995139363636362,0.006194551134168019,1.51086457940087,0.9867108086669816,-2.909269379238365,-1.1523798714006714,-3.5104154884288965,1.089298768737161,-0.7563352958184046,-0.02105363997354715,0.02,0.9861090425513607,4.0320218570597454e-4,0.001730441036038114,0.011663397209037571,9.391701785762895e-5,0.007045677313864669,0.009061220567103479,0.5022689941630447,0.7208283533378818,12,5
10,0.13849046385824723,0.1399709971483963,2.0638560611117915,23.74218146525526,10.60705177895283,1.985030644624604,5.7697845085753214e-5,0.011995139363636362,0.006194551134168019,1.51086457940087,0.9867108086669816,-2.909269379238365,-1.1523798714006714,-3.5104154884288965,1.089298768737161,-0.7563352958184046,-0.02105363997354715,0.02,0.992523714274332,2.2278796104474265e-4,7.44349409698618e-4,0.0064720800573527856,3.7068297572044e-5,0.004308888588892397,0.005191414403258487,0.5022689941630447,0.6861083086503749,12,5
11,0.13849046385824723,0.1399709971483963,2.0638560611117915,23.74218146525526,10.60705177895283,1.985030644624604,5.7697845085753214e-5,0.011995139363636362,0.006194551134168019,1.51086457940087,0.9867108086669816,-2.909269379238365,-1.1523798714006714,-3.5104154884288965,1.089298768737161,-0.7563352958184046,-0.02105363997354715,0.02,0.9970085361807459,1.558116755026445e-4,4.3594994272608717e-4,0.0023907560021023447,8.946198923069488e-6,0.003973281148851079,0.0036359298128125993,0.5022689941630447,0.703123794880599,12,5
12,0.13849046385824723,0.1399709971483963,2.0638560611117915,23.74218146525526,10.60705177895283,1.985030644624604,5.7697845085753214e-5,0.011995139363636362,0.006194551134168019,1.51086457940087,0.9867108086669816,-2.909269379238365,-1.1523798714006714,-3.5104154884288965,1.089298768737161,-0.7563352958184046,-0.02105363997354715,0.02,0.9871251250729502,6.041751990916067e-4,0.0024209445267386496,0.009796495819460635,5.325938175884867e-5,0.008376832393206192,0.009139819386912341,0.5022689941630447,0.5942289735155825,12,5
13,0.13849046385824723,0.1399709971483963,2.0638560611117915,23.74218146525526,10.60705177895283,1.985030644624604,5.7697845085753214e-5,0.011995139363636362,0.006194551134168019,1.51086457940087,0.9867108086669816,-2.909269379238365,-1.1523798714006714,-3.5104154884288965,1.089298768737161,-0.7563352958184046,-0.02105363997354715,0.02,0.9980535108848035,9.837148365321443e-5,3.088346601772511e-4,0.0015368677418287327,2.415229537268823e-6,0.0031801989604100713,0.001930580746436035,0.5022689941630447,0.5277291219747556,12,5
1,0.13849046385824723,0.1399709971483963,2.0638560611117915,23.74218146525526,10.60705177895283,1.985030644624604,5.7697845085753214e-5,0.01199513936363636,0.00619455113416802,1.51086457940087,0.9867108086669816,-2.909269379238365,-1.1523798714006714,-3.5104154884288965,1.089298768737161,-0.7563352958184046,-0.02105363997354715,0.02,0.30182041888512834,6.207955855627253e-4,0.0049228083585139,0.6058352229018801,0.08680075426891494,0.04985305754926784,0.7153054644371083,0.5022689941630447,1,11,5
2,0.13849046385824723,0.1399709971483963,2.0638560611117915,23.74218146525526,10.60705177895283,1.985030644624604,5.7697845085753214e-5,0.011995139363636362,0.006194551134168019,1.51086457940087,0.9867108086669816,-2.909269379238365,-1.1523798714006714,-3.5104154884288965,1.089298768737161,-0.7563352958184046,-0.02105363997354715,0.02,0.9851989552786736,5.98400508082695e-4,0.002041072735498955,0.011940042788450388,2.215286892943963e-4,0.012460023027300477,0.012874177125534927,0.5022689941630447,0.9731371754995913,11,5
3,0.13849046385824723,0.1399709971483963,2.0638560611117915,23.74218146525526,10.60705177895283,1.985030644624604,5.7697845085753214e-5,0.011995139363636362,0.006194551134168019,1.51086457940087,0.9867108086669816,-2.909269379238365,-1.1523798714006714,-3.5104154884288965,1.089298768737161,-0.7563352958184046,-0.02105363997354715,0.02,0.9577073327765872,0.0014144675937485666,0.006937856371175794,0.03337467582138501,5.656674371035492e-4,0.01861790603182877,0.01924277283093897,0.5022689941630447,0.9728052920150918,11,5
4,0.13849046385824723,0.1399709971483963,2.0638560611117915,23.74218146525526,10.60705177895283,1.985030644624604,5.7697845085753214e-5,0.011995139363636362,0.006194551134168019,1.51086457940087,0.9867108086669816,-2.909269379238365,-1.1523798714006714,-3.5104154884288965,1.089298768737161,-0.7563352958184046,-0.02105363997354715,0.02,0.9665107201646342,8.169676939837868e-4,0.004406086918381619,0.02777764446991624,4.885807530841794e-4,0.01807947558306481,0.016807749507187778,0.5022689941630447,0.8488731092752669,11,5
5,0.13849046385824723,0.1399709971483963,2.0638560611117915,23.74218146525526,10.60705177895283,1.985030644624604,5.7697845085753214e-5,0.011995139363636362,0.006194551134168019,1.51086457940087,0.9867108086669816,-2.909269379238365,-1.1523798714006714,-3.5104154884288965,1.089298768737161,-0.7563352958184046,-0.02105363997354715,0.02,0.9865879086562019,2.5075298614248064e-4,0.0014006019919493194,0.011616505914657555,1.442304510487099e-4,0.010274482370141332,0.00960186019241594,0.5022689941630447,0.8221612230917609,11,5
6,0.13849046385824723,0.1399709971483963,2.0638560611117915,23.74218146525526,10.60705177895283,1.985030644624604,5.7697845085753214e-5,0.011995139363636362,0.006194551134168019,1.51086457940087,0.9867108086669816,-2.909269379238365,-1.1523798714006714,-3.5104154884288965,1.089298768737161,-0.7563352958184046,-0.02105363997354715,0.02,0.9927329797154136,4.798803053017613e-4,0.001347482522131124,0.005398574258556,4.108319859742694e-5,0.00733886679366684,0.009371052113839137,0.5022689941630447,0.8075798396474723,11,5
7,0.13849046385824723,0.1399709971483963,2.0638560611117915,23.74218146525526,10.60705177895283,1.985030644624604,5.7697845085753214e-5,0.011995139363636362,0.006194551134168019,1.51086457940087,0.9867108086669816,-2.909269379238365,-1.1523798714006714,-3.5104154884288965,1.089298768737161,-0.7563352958184046,-0.02105363997354715,0.02,0.9867056042070292,6.544384900443147e-4,0.0023476849874443204,0.010228994637136437,6.327767834578183e-5,0.010809084533457731,0.009814927260794092,0.5022689941630447,0.8072022391914233,11,5
8,0.13849046385824723,0.1399709971483963,2.0638560611117915,23.74218146525526,10.60705177895283,1.985030644624604,5.7697845085753214e-5,0.011995139363636362,0.006194551134168019,1.51086457940087,0.9867108086669816,-2.909269379238365,-1.1523798714006714,-3.5104154884288965,1.089298768737161,-0.7563352958184046,-0.02105363997354715,0.02,0.9809606223263123,6.037398519553618e-4,0.003240559355089032,0.015069654831624407,1.2542363501890597e-4,0.013597384484082943,0.007699736230430931,0.5022689941630447,0.8391166133746926,11,5
9,0.13849046385824723,0.1399709971483963,2.0638560611117915,23.74218146525526,10.60705177895283,1.985030644624604,5.7697845085753214e-5,0.011995139363636362,0.006194551134168019,1.51086457940087,0.9867108086669816,-2.909269379238365,-1.1523798714006714,-3.5104154884288965,1.089298768737161,-0.7563352958184046,-0.02105363997354715,0.02,0.9859839798327134,3.708172171094634e-4,0.0017685999238052095,0.011780287143562076,9.631588280998374e-5,0.00935888850904983,0.007340790846218145,0.5022689941630447,0.7219393307158853,11,5
10,0.13849046385824723,0.1399709971483963,2.0638560611117915,23.74218146525526,10.60705177895283,1.985030644624604,5.7697845085753214e-5,0.011995139363636362,0.006194551134168019,1.51086457940087,0.9867108086669816,-2.909269379238365,-1.1523798714006714,-3.5104154884288965,1.089298768737161,-0.7563352958184046,-0.02105363997354715,0.02,0.9925771575217419,2.3158427570285593e-4,7.308233866645587e-4,0.0064234823753931344,3.695244049762154e-5,0.005594508841882118,0.0057290536947317405,0.5022689941630447,0.5659263015699171,11,5
11,0.13849046385824723,0.1399709971483963,2.0638560611117915,23.74218146525526,10.60705177895283,1.985030644624604,5.7697845085753214e-5,0.011995139363636362,0.006194551134168019,1.51086457940087,0.9867108086669816,-2.909269379238365,-1.1523798714006714,-3.5104154884288965,1.089298768737161,-0.7563352958184046,-0.02105363997354715,0.02,0.9971068518426551,1.317909558056199e-4,4.1771786914433003e-4,0.0023349029675557116,8.736364839272658e-6,0.0029395861190103065,0.0028645942518964666,0.5022689941630447,0.6881355936450616,11,5
12,0.13849046385824723,0.1399709971483963,2.0638560611117915,23.74218146525526,10.60705177895283,1.985030644624604,5.7697845085753214e-5,0.011995139363636362,0.006194551134168019,1.51086457940087,0.9867108086669816,-2.909269379238365,-1.1523798714006714,-3.5104154884288965,1.089298768737161,-0.7563352958184046,-0.02105363997354715,0.02,0.9874601799279619,5.806952283396929e-4,0.0023662409868858984,0.009542934533870114,4.994932294247199e-5,0.007913006757979443,0.00865260122862938,0.5022689941630447,0.5499550866914743,11,5
13,0.13849046385824723,0.1399709971483963,2.0638560611117915,23.74218146525526,10.60705177895283,1.985030644624604,5.7697845085753214e-5,0.011995139363636362,0.006194551134168019,1.51086457940087,0.9867108086669816,-2.909269379238365,-1.1523798714006714,-3.5104154884288965,1.089298768737161,-0.7563352958184046,-0.02105363997354715,0.02,0.9978635690204476,9.1123693476315e-5,3.002943025574703e-4,0.0017416866601327203,3.326323385877346e-6,0.0015940150815928567,0.0029158173968143776,0.5022689941630447,0.5856597816114546,11,5
1,0.13849046385824723,0.1399709971483963,2.0638560611117915,23.74218146525526,10.60705177895283,1.985030644624604,5.7697845085753214e-5,0.01199513936363636,0.00619455113416802,1.51086457940087,0.9867108086669816,-2.909269379238365,-1.1523798714006714,-3.5104154884288965,1.089298768737161,-0.7563352958184046,-0.02105363997354715,0.02,0.30182041888512834,6.207955855627253e-4,0.0049228083585139,0.6058352229018801,0.08680075426891494,0.04985305754926784,0.7153054644371083,0.5022689941630447,1,10,5
2,0.13849046385824723,0.1399709971483963,2.0638560611117915,23.74218146525526,10.60705177895283,1.985030644624604,5.7697845085753214e-5,0.011995139363636362,0.006194551134168019,1.51086457940087,0.9867108086669816,-2.909269379238365,-1.1523798714006714,-3.5104154884288965,1.089298768737161,-0.7563352958184046,-0.02105363997354715,0.02,0.9861977622531711,6.10942226085294e-4,0.0022576732807346196,0.010828129687258511,1.0549255275042201e-4,0.014542444265713416,0.010653620068546456,0.5022689941630447,0.8933784328286108,10,5
3,0.13849046385824723,0.1399709971483963,2.0638560611117915,23.74218146525526,10.60705177895283,1.985030644624604,5.7697845085753214e-5,0.011995139363636362,0.006194551134168019,1.51086457940087,0.9867108086669816,-2.909269379238365,-1.1523798714006714,-3.5104154884288965,1.089298768737161,-0.7563352958184046,-0.02105363997354715,0.02,0.958308571274658,0.001365716945552864,0.006880642571259298,0.032899074050580554,5.459951579492945e-4,0.022014987064304034,0.019569932133898987,0.5022689941630447,0.9595629954558583,10,5
4,0.13849046385824723,0.1399709971483963,2.0638560611117915,23.74218146525526,10.60705177895283,1.985030644624604,5.7697845085753214e-5,0.011995139363636362,0.006194551134168019,1.51086457940087,0.9867108086669816,-2.909269379238365,-1.1523798714006714,-3.5104154884288965,1.089298768737161,-0.7563352958184046,-0.02105363997354715,0.02,0.9664066494172837,8.116506824219558e-4,0.00441713967557579,0.02787094939918049,4.936108255381162e-4,0.017842501807472003,0.01605887290100072,0.5022689941630447,0.9167205205517784,10,5
5,0.13849046385824723,0.1399709971483963,2.0638560611117915,23.74218146525526,10.60705177895283,1.985030644624604,5.7697845085753214e-5,0.011995139363636362,0.006194551134168019,1.51086457940087,0.9867108086669816,-2.909269379238365,-1.1523798714006714,-3.5104154884288965,1.089298768737161,-0.7563352958184046,-0.02105363997354715,0.02,0.9862312125799186,3.024778320239262e-4,0.001305298811456649,0.012006665057458106,1.5434571914271824e-4,0.07337910795500677,0.01113416418907762,0.5022689941630447,0.7918455666671786,10,5
6,0.13849046385824723,0.1399709971483963,2.0638560611117915,23.74218146525526,10.60705177895283,1.985030644624604,5.7697845085753214e-5,0.011995139363636362,0.006194551134168019,1.51086457940087,0.9867108086669816,-2.909269379238365,-1.1523798714006714,-3.5104154884288965,1.089298768737161,-0.7563352958184046,-0.02105363997354715,0.02,0.9928039598535703,4.735287902754734e-4,0.0013398134994914936,0.005342980703708647,3.971715295406587e-5,0.007099617708561074,0.007213109902832414,0.5022689941630447,0.8076767206800499,10,5
7,0.13849046385824723,0.1399709971483963,2.0638560611117915,23.74218146525526,10.60705177895283,1.985030644624604,5.7697845085753214e-5,0.011995139363636362,0.006194551134168019,1.51086457940087,0.9867108086669816,-2.909269379238365,-1.1523798714006714,-3.5104154884288965,1.089298768737161,-0.7563352958184046,-0.02105363997354715,0.02,0.9867883941675829,6.317478985165291e-4,0.002345259588781966,0.010172631878481232,6.196646663734195e-5,0.009365904566414224,0.01014421086499398,0.5022689941630447,0.9024209087490421,10,5
8,0.13849046385824723,0.1399709971483963,2.0638560611117915,23.74218146525526,10.60705177895283,1.985030644624604,5.7697845085753214e-5,0.011995139363636362,0.006194551134168019,1.51086457940087,0.9867108086669816,-2.909269379238365,-1.1523798714006714,-3.5104154884288965,1.089298768737161,-0.7563352958184046,-0.02105363997354715,0.02,0.9805189028492033,6.556378506029656e-4,0.0033059028792826297,0.015391066964276145,1.284894566348913e-4,0.015429594454750995,0.0188782584903115,0.5022689941630447,0.737667260643844,10,5
9,0.13849046385824723,0.1399709971483963,2.0638560611117915,23.74218146525526,10.60705177895283,1.985030644624604,5.7697845085753214e-5,0.011995139363636362,0.006194551134168019,1.51086457940087,0.9867108086669816,-2.909269379238365,-1.1523798714006714,-3.5104154884288965,1.089298768737161,-0.7563352958184046,-0.02105363997354715,0.02,0.986149432449526,3.522902872280777e-4,0.0017331921582276753,0.0116713760565267,9.370904849158413e-5,0.006269488617611541,0.006265583310536187,0.5022689941630447,0.7654635848153375,10,5
10,0.13849046385824723,0.1399709971483963,2.0638560611117915,23.74218146525526,10.60705177895283,1.985030644624604,5.7697845085753214e-5,0.011995139363636362,0.006194551134168019,1.51086457940087,0.9867108086669816,-2.909269379238365,-1.1523798714006714,-3.5104154884288965,1.089298768737161,-0.7563352958184046,-0.02105363997354715,0.02,0.9923711966915875,2.2965135085111117e-4,7.562311150008895e-4,0.0066041503716782485,3.8770470882331916e-5,0.00453091406402452,0.0052136461531612395,0.5022689941630447,0.7768060966002844,10,5
11,0.13849046385824723,0.1399709971483963,2.0638560611117915,23.74218146525526,10.60705177895283,1.985030644624604,5.7697845085753214e-5,0.011995139363636362,0.006194551134168019,1.51086457940087,0.9867108086669816,-2.909269379238365,-1.1523798714006714,-3.5104154884288965,1.089298768737161,-0.7563352958184046,-0.02105363997354715,0.02,0.9969388396366962,1.5971658657210611e-4,4.4530399943010885e-4,0.0024468815559255596,9.258221376055264e-6,0.003762296148362593,0.003803460289038926,0.5022689941630447,0.6788086723847291,10,5
12,0.13849046385824723,0.1399709971483963,2.0638560611117915,23.74218146525526,10.60705177895283,1.985030644624604,5.7697845085753214e-5,0.011995139363636362,0.006194551134168019,1.51086457940087,0.9867108086669816,-2.909269379238365,-1.1523798714006714,-3.5104154884288965,1.089298768737161,-0.7563352958184046,-0.02105363997354715,0.02,0.9876318134062367,5.622488857608825e-4,0.0022963522007677516,0.009460765398174692,4.882010906000718e-5,0.008036755607222733,0.008273031797923325,0.5022689941630447,0.5893851647410426,10,5
13,0.13849046385824723,0.1399709971483963,2.0638560611117915,23.74218146525526,10.60705177895283,1.985030644624604,5.7697845085753214e-5,0.011995139363636362,0.006194551134168019,1.51086457940087,0.9867108086669816,-2.909269379238365,-1.1523798714006714,-3.5104154884288965,1.089298768737161,-0.7563352958184046,-0.02105363997354715,0.02,0.9978824749867236,8.313647643909674e-5,3.0264498871074297e-4,0.0017285220236266975,3.2215244999027063e-6,0.0027592962478221296,0.0041052019737278875,0.5022689941630447,0.555563339837732,10,5
1,0.13849046385824723,0.1399709971483963,2.0638560611117915,23.74218146525526,10.60705177895283,1.985030644624604,5.7697845085753214e-5,0.01199513936363636,0.00619455113416802,1.51086457940087,0.9867108086669816,-2.909269379238365,-1.1523798714006714,-3.5104154884288965,1.089298768737161,-0.7563352958184046,-0.02105363997354715,0.02,0.30182041888512834,6.207955855627253e-4,0.0049228083585139,0.6058352229018801,0.08680075426891494,0.04985305754926784,0.7153054644371083,0.5022689941630447,1,9,5
2,0.13849046385824723,0.1399709971483963,2.0638560611117915,23.74218146525526,10.60705177895283,1.985030644624604,5.7697845085753214e-5,0.011995139363636362,0.006194551134168019,1.51086457940087,0.9867108086669816,-2.909269379238365,-1.1523798714006714,-3.5104154884288965,1.089298768737161,-0.7563352958184046,-0.02105363997354715,0.02,0.99029593182626,5.055082008941012e-4,0.0015053992771069489,0.007639111071117706,5.4049624621301287e-5,0.010034603083266341,0.009823015577311155,0.5022689941630447,0.998297483112255,9,5
3,0.13849046385824723,0.1399709971483963,2.0638560611117915,23.74218146525526,10.60705177895283,1.985030644624604,5.7697845085753214e-5,0.011995139363636362,0.006194551134168019,1.51086457940087,0.9867108086669816,-2.909269379238365,-1.1523798714006714,-3.5104154884288965,1.089298768737161,-0.7563352958184046,-0.02105363997354715,0.02,0.9583425539715349,0.001447183024215909,0.006921469196424942,0.032744937077092195,5.438567307320271e-4,0.021537477206705145,0.02346021647189534,0.5022689941630447,1.0214873980974544,9,5
4,0.13849046385824723,0.1399709971483963,2.0638560611117915,23.74218146525526,10.60705177895283,1.985030644624604,5.7697845085753214e-5,0.011995139363636362,0.006194551134168019,1.51086457940087,0.9867108086669816,-2.909269379238365,-1.1523798714006714,-3.5104154884288965,1.089298768737161,-0.7563352958184046,-0.02105363997354715,0.02,0.9661973283031392,8.911692898577867e-4,0.004439135558191713,0.027977511520266778,4.948553285443281e-4,0.018524743894907478,0.017994710475632888,0.5022689941630447,0.867830202300561,9,5
5,0.13849046385824723,0.1399709971483963,2.0638560611117915,23.74218146525526,10.60705177895283,1.985030644624604,5.7697845085753214e-5,0.011995139363636362,0.006194551134168019,1.51086457940087,0.9867108086669816,-2.909269379238365,-1.1523798714006714,-3.5104154884288965,1.089298768737161,-0.7563352958184046,-0.02105363997354715,0.02,0.9864386700455267,2.6984556750013906e-4,0.001373269853976686,0.011765758956036865,1.524555769597747e-4,0.017620906276902278,0.01699018615595076,0.5022689941630447,0.8667057423590707,9,5
6,0.13849046385824723,0.1399709971483963,2.0638560611117915,23.74218146525526,10.60705177895283,1.985030644624604,5.7697845085753214e-5,0.011995139363636362,0.006194551134168019,1.51086457940087,0.9867108086669816,-2.909269379238365,-1.1523798714006714,-3.5104154884288965,1.089298768737161,-0.7563352958184046,-0.02105363997354715,0.02,0.9925538732052478,5.056736117664582e-4,0.001372626379721518,0.005524326139059939,4.350066420428147e-5,0.008467717818220498,0.007769991563544707,0.5022689941630447,0.789696135123662,9,5
7,0.13849046385824723,0.1399709971483963,2.0638560611117915,23.74218146525526,10.60705177895283,1.985030644624604,5.7697845085753214e-5,0.011995139363636362,0.006194551134168019,1.51086457940087,0.9867108086669816,-2.909269379238365,-1.1523798714006714,-3.5104154884288965,1.089298768737161,-0.7563352958184046,-0.02105363997354715,0.02,0.986772670415983,6.331390703065098e-4,0.0023274566610979133,0.010203348169928945,6.338568268368618e-5,0.009464046789080647,0.010042946979063662,0.5022689941630447,0.8362628787980252,9,5
8,0.13849046385824723,0.1399709971483963,2.0638560611117915,23.74218146525526,10.60705177895283,1.985030644624604,5.7697845085753214e-5,0.011995139363636362,0.006194551134168019,1.51086457940087,0.9867108086669816,-2.909269379238365,-1.1523798714006714,-3.5104154884288965,1.089298768737161,-0.7563352958184046,-0.02105363997354715,0.02,0.9806929266166238,5.889551717516792e-4,0.00329303269685035,0.015295822100219326,1.2926341455496692e-4,0.012173394878955785,0.012644226978983042,0.5022689941630447,0.7759271676612879,9,5
9,0.13849046385824723,0.1399709971483963,2.0638560611117915,23.74218146525526,10.60705177895283,1.985030644624604,5.7697845085753214e-5,0.011995139363636362,0.006194551134168019,1.51086457940087,0.9867108086669816,-2.909269379238365,-1.1523798714006714,-3.5104154884288965,1.089298768737161,-0.7563352958184046,-0.02105363997354715,0.02,0.9860984946130152,3.57437909999019e-4,0.0017423904700712741,0.01170753974249781,9.413726441667425e-5,0.008057205325891027,0.005922956936519691,0.5022689941630447,0.7340083649915402,9,5
10,0.13849046385824723,0.1399709971483963,2.0638560611117915,23.74218146525526,10.60705177895283,1.985030644624604,5.7697845085753214e-5,0.011995139363636362,0.006194551134168019,1.51086457940087,0.9867108086669816,-2.909269379238365,-1.1523798714006714,-3.5104154884288965,1.089298768737161,-0.7563352958184046,-0.02105363997354715,0.02,0.9924714636617636,2.2170366912761493e-4,7.489695394998868e-4,0.006520302723729805,3.7560405879078224e-5,0.005044022463432417,0.005230313432715628,0.5022689941630447,0.7155826515924673,9,5
11,0.13849046385824723,0.1399709971483963,2.0638560611117915,23.74218146525526,10.60705177895283,1.985030644624604,5.7697845085753214e-5,0.011995139363636362,0.006194551134168019,1.51086457940087,0.9867108086669816,-2.909269379238365,-1.1523798714006714,-3.5104154884288965,1.089298768737161,-0.7563352958184046,-0.02105363997354715,0.02,0.9968650219597021,1.5348849861557913e-4,4.437639833386768e-4,0.002528113000861751,9.612557481874265e-6,0.004327591399438849,0.0044730291736452,0.5022689941630447,0.6340357554237128,9,5
12,0.13849046385824723,0.1399709971483963,2.0638560611117915,23.74218146525526,10.60705177895283,1.985030644624604,5.7697845085753214e-5,0.011995139363636362,0.006194551134168019,1.51086457940087,0.9867108086669816,-2.909269379238365,-1.1523798714006714,-3.5104154884288965,1.089298768737161,-0.7563352958184046,-0.02105363997354715,0.02,0.989306981634439,4.890597182748961e-4,0.0019795274856557175,0.00818727780191511,3.715335971544093e-5,0.006914021910797469,0.007819270460918373,0.5022689941630447,0.5537852763224446,9,5
13,0.13849046385824723,0.1399709971483963,2.0638560611117915,23.74218146525526,10.60705177895283,1.985030644624604,5.7697845085753214e-5,0.011995139363636362,0.006194551134168019,1.51086457940087,0.9867108086669816,-2.909269379238365,-1.1523798714006714,-3.5104154884288965,1.089298768737161,-0.7563352958184046,-0.02105363997354715,0.02,0.9981843611754169,7.6072098956299e-5,2.934721720068067e-4,0.0014441734450371519,1.9211085828796714e-6,0.0018558828739320447,0.0017327804852618192,0.5022689941630447,0.48871563302749127,9,5
1,0.13849046385824723,0.1399709971483963,2.0638560611117915,23.74218146525526,10.60705177895283,1.985030644624604,5.7697845085753214e-5,0.01199513936363636,0.00619455113416802,1.51086457940087,0.9867108086669816,-2.909269379238365,-1.1523798714006714,-3.5104154884288965,1.089298768737161,-0.7563352958184046,-0.02105363997354715,0.02,0.30182041888512834,6.207955855627253e-4,0.0049228083585139,0.6058352229018801,0.08680075426891494,0.04985305754926784,0.7153054644371083,0.5022689941630447,1,8,5
2,0.13849046385824723,0.1399709971483963,2.0638560611117915,23.74218146525526,10.60705177895283,1.985030644624604,5.7697845085753214e-5,0.011995139363636362,0.006194551134168019,1.51086457940087,0.9867108086669816,-2.909269379238365,-1.1523798714006714,-3.5104154884288965,1.089298768737161,-0.7563352958184046,-0.02105363997354715,0.02,0.9837134342107764,0.0011123576740577202,0.003702464295142712,0.01137837657936099,9.336724066210909e-5,0.014998301653752705,0.013644019184533082,0.5022689941630447,0.9466623294653617,8,5
3,0.13849046385824723,0.1399709971483963,2.0638560611117915,23.74218146525526,10.60705177895283,1.985030644624604,5.7697845085753214e-5,0.011995139363636362,0.006194551134168019,1.51086457940087,0.9867108086669816,-2.909269379238365,-1.1523798714006714,-3.5104154884288965,1.089298768737161,-0.7563352958184046,-0.02105363997354715,0.02,0.9580755558526491,0.001395841519284455,0.00690172166222669,0.03306965431916052,5.572266466791994e-4,0.01981363055097089,0.02210188269003879,0.5022689941630447,0.971034175336194,8,5
4,0.13849046385824723,0.1399709971483963,2.0638560611117915,23.74218146525526,10.60705177895283,1.985030644624604,5.7697845085753214e-5,0.011995139363636362,0.006194551134168019,1.51086457940087,0.9867108086669816,-2.909269379238365,-1.1523798714006714,-3.5104154884288965,1.089298768737161,-0.7563352958184046,-0.02105363997354715,0.02,0.9661038036341572,8.434032076963929e-4,0.0044166532257237535,0.028143095847927218,4.93044084495532e-4,0.014175926587321369,0.01817104959938451,0.5022689941630447,0.8909203135038771,8,5
5,0.13849046385824723,0.1399709971483963,2.0638560611117915,23.74218146525526,10.60705177895283,1.985030644624604,5.7697845085753214e-5,0.011995139363636362,0.006194551134168019,1.51086457940087,0.9867108086669816,-2.909269379238365,-1.1523798714006714,-3.5104154884288965,1.089298768737161,-0.7563352958184046,-0.02105363997354715,0.02,0.9859317498662812,3.5971348961188446e-4,0.0014596687246352363,0.012084313777240306,1.645541422314563e-4,0.011917216141484504,0.005488220496822596,0.5022689941630447,0.8026497206998512,8,5
6,0.13849046385824723,0.1399709971483963,2.0638560611117915,23.74218146525526,10.60705177895283,1.985030644624604,5.7697845085753214e-5,0.011995139363636362,0.006194551134168019,1.51086457940087,0.9867108086669816,-2.909269379238365,-1.1523798714006714,-3.5104154884288965,1.089298768737161,-0.7563352958184046,-0.02105363997354715,0.02,0.9926582811330225,4.872828606165446e-4,0.001347095722916038,0.005464396533232507,4.294375021251382e-5,0.006156216884150724,0.006609240251034191,0.5022689941630447,0.8392553810370172,8,5
7,0.13849046385824723,0.1399709971483963,2.0638560611117915,23.74218146525526,10.60705177895283,1.985030644624604,5.7697845085753214e-5,0.011995139363636362,0.006194551134168019,1.51086457940087,0.9867108086669816,-2.909269379238365,-1.1523798714006714,-3.5104154884288965,1.089298768737161,-0.7563352958184046,-0.02105363997354715,0.02,0.986717564458092,6.470664367194062e-4,0.0023451576479034874,0.010226401964934665,6.380949235046964e-5,0.008613004580291213,0.01038335717097219,0.5022689941630447,0.8465925638946825,8,5
8,0.13849046385824723,0.1399709971483963,2.0638560611117915,23.74218146525526,10.60705177895283,1.985030644624604,5.7697845085753214e-5,0.011995139363636362,0.006194551134168019,1.51086457940087,0.9867108086669816,-2.909269379238365,-1.1523798714006714,-3.5104154884288965,1.089298768737161,-0.7563352958184046,-0.02105363997354715,0.02,0.9811939859839458,5.709480128356268e-4,0.0031924017200860547,0.014920610603080258,1.2205368005225239e-4,0.00749461207941021,0.009900092905236592,0.5022689941630447,0.7836503863661264,8,5
9,0.13849046385824723,0.1399709971483963,2.0638560611117915,23.74218146525526,10.60705177895283,1.985030644624604,5.7697845085753214e-5,0.011995139363636362,0.006194551134168019,1.51086457940087,0.9867108086669816,-2.909269379238365,-1.1523798714006714,-3.5104154884288965,1.089298768737161,-0.7563352958184046,-0.02105363997354715,0.02,0.9860213210533382,3.940989658986102e-4,0.0017637894551684823,0.011724935275908233,9.585524968647723e-5,0.006861349230916713,0.009334211770597416,0.5022689941630447,0.7149706527447454,8,5
10,0.13849046385824723,0.1399709971483963,2.0638560611117915,23.74218146525526,10.60705177895283,1.985030644624604,5.7697845085753214e-5,0.011995139363636362,0.006194551134168019,1.51086457940087,0.9867108086669816,-2.909269379238365,-1.1523798714006714,-3.5104154884288965,1.089298768737161,-0.7563352958184046,-0.02105363997354715,0.02,0.9924922199541695,2.1712327636745887e-4,7.338015569982954e-4,0.006518595719928346,3.825949253646216e-5,0.005837007198853735,0.004961629346428278,0.5022689941630447,0.6198181593334204,8,5
11,0.13849046385824723,0.1399709971483963,2.0638560611117915,23.74218146525526,10.60705177895283,1.985030644624604,5.7697845085753214e-5,0.011995139363636362,0.006194551134168019,1.51086457940087,0.9867108086669816,-2.909269379238365,-1.1523798714006714,-3.5104154884288965,1.089298768737161,-0.7563352958184046,-0.02105363997354715,0.02,0.997099922888957,1.5044315392564892e-4,4.2689837137680576e-4,0.0023140993962899557,8.636189450686968e-6,0.003248027512550716,0.003578542141940856,0.5022689941630447,0.6455899085201615,8,5
12,0.13849046385824723,0.1399709971483963,2.0638560611117915,23.74218146525526,10.60705177895283,1.985030644624604,5.7697845085753214e-5,0.011995139363636362,0.006194551134168019,1.51086457940087,0.9867108086669816,-2.909269379238365,-1.1523798714006714,-3.5104154884288965,1.089298768737161,-0.7563352958184046,-0.02105363997354715,0.02,0.9889405653916302,5.240591239285409e-4,0.0020927594031155505,0.00840345272976291,3.916335156273279e-5,0.007087094124040529,0.007454703503332644,0.5022689941630447,0.46209789578361743,8,5
13,0.13849046385824723,0.1399709971483963,2.0638560611117915,23.74218146525526,10.60705177895283,1.985030644624604,5.7697845085753214e-5,0.011995139363636362,0.006194551134168019,1.51086457940087,0.9867108086669816,-2.909269379238365,-1.1523798714006714,-3.5104154884288965,1.089298768737161,-0.7563352958184046,-0.02105363997354715,0.02,0.9981113774870646,7.592470069248637e-5,2.807460738148314e-4,0.0015295784460782015,2.373292349927375e-6,0.0012376518847631022,0.001509349879755223,0.5022689941630447,0.4400882214019061,8,5
1,0.13849046385824723,0.1399709971483963,2.0638560611117915,23.74218146525526,10.60705177895283,1.985030644624604,5.7697845085753214e-5,0.01199513936363636,0.00619455113416802,1.51086457940087,0.9867108086669816,-2.909269379238365,-1.1523798714006714,-3.5104154884288965,1.089298768737161,-0.7563352958184046,-0.02105363997354715,0.02,0.30182041888512834,6.207955855627253e-4,0.0049228083585139,0.6058352229018801,0.08680075426891494,0.04985305754926784,0.7153054644371083,0.5022689941630447,1,7,5
2,0.13849046385824723,0.1399709971483963,2.0638560611117915,23.74218146525526,10.60705177895283,1.985030644624604,5.7697845085753214e-5,0.011995139363636362,0.006194551134168019,1.51086457940087,0.9867108086669816,-2.909269379238365,-1.1523798714006714,-3.5104154884288965,1.089298768737161,-0.7563352958184046,-0.02105363997354715,0.02,0.968605955616607,0.0018134650410710676,0.007291591318169303,0.021966988523461753,3.219995006909216e-4,0.024456396259771532,0.022259210958238206,0.5022689941630447,0.9663254201897453,7,5
3,0.13849046385824723,0.1399709971483963,2.0638560611117915,23.74218146525526,10.60705177895283,1.985030644624604,5.7697845085753214e-5,0.011995139363636362,0.006194551134168019,1.51086457940087,0.9867108086669816,-2.909269379238365,-1.1523798714006714,-3.5104154884288965,1.089298768737161,-0.7563352958184046,-0.02105363997354715,0.02,0.957980527632256,0.0014525124663440413,0.0069654913095986565,0.03304538952464249,5.560790671587643e-4,0.019999918816305477,0.021294460757392053,0.5022689941630447,0.9066845125693891,7,5
4,0.13849046385824723,0.1399709971483963,2.0638560611117915,23.74218146525526,10.60705177895283,1.985030644624604,5.7697845085753214e-5,0.011995139363636362,0.006194551134168019,1.51086457940087,0.9867108086669816,-2.909269379238365,-1.1523798714006714,-3.5104154884288965,1.089298768737161,-0.7563352958184046,-0.02105363997354715,0.02,0.9659378885791335,8.358705715470422e-4,0.004419151392988012,0.028302723724126445,5.043657322050199e-4,0.013907125855034244,0.015953016650604984,0.5022689941630447,0.9070255335646733,7,5
5,0.13849046385824723,0.1399709971483963,2.0638560611117915,23.74218146525526,10.60705177895283,1.985030644624604,5.7697845085753214e-5,0.011995139363636362,0.006194551134168019,1.51086457940087,0.9867108086669816,-2.909269379238365,-1.1523798714006714,-3.5104154884288965,1.089298768737161,-0.7563352958184046,-0.02105363997354715,0.02,0.9861815770549938,3.3289119160908253e-4,0.0014656146508800964,0.011870628726156799,1.4928837636022806e-4,0.01208074531196863,0.016109173758056265,0.5022689941630447,0.7952818600330614,7,5
6,0.13849046385824723,0.1399709971483963,2.0638560611117915,23.74218146525526,10.60705177895283,1.985030644624604,5.7697845085753214e-5,0.011995139363636362,0.006194551134168019,1.51086457940087,0.9867108086669816,-2.909269379238365,-1.1523798714006714,-3.5104154884288965,1.089298768737161,-0.7563352958184046,-0.02105363997354715,0.02,0.99279169010549,4.6969356889697925e-4,0.0013552050541201903,0.005342975275830439,4.043599566243213e-5,0.005877270762495425,0.008566345616533704,0.5022689941630447,0.8091807438868662,7,5
7,0.13849046385824723,0.1399709971483963,2.0638560611117915,23.74218146525526,10.60705177895283,1.985030644624604,5.7697845085753214e-5,0.011995139363636362,0.006194551134168019,1.51086457940087,0.9867108086669816,-2.909269379238365,-1.1523798714006714,-3.5104154884288965,1.089298768737161,-0.7563352958184046,-0.02105363997354715,0.02,0.9867943447984595,6.279568996103379e-4,0.0023250298654858836,0.010190045188612247,6.262324783204055e-5,0.008944006926557675,0.010002859386095773,0.5022689941630447,0.8390367926435699,7,5
8,0.13849046385824723,0.1399709971483963,2.0638560611117915,23.74218146525526,10.60705177895283,1.985030644624604,5.7697845085753214e-5,0.011995139363636362,0.006194551134168019,1.51086457940087,0.9867108086669816,-2.909269379238365,-1.1523798714006714,-3.5104154884288965,1.089298768737161,-0.7563352958184046,-0.02105363997354715,0.02,0.9809006255746398,5.671281990033784e-4,0.003224933476986273,0.01518224512078823,1.2506762858242016e-4,0.010797332439749298,0.01504239198227553,0.5022689941630447,0.7783556357145167,7,5
9,0.13849046385824723,0.1399709971483963,2.0638560611117915,23.74218146525526,10.60705177895283,1.985030644624604,5.7697845085753214e-5,0.011995139363636362,0.006194551134168019,1.51086457940087,0.9867108086669816,-2.909269379238365,-1.1523798714006714,-3.5104154884288965,1.089298768737161,-0.7563352958184046,-0.02105363997354715,0.02,0.986249942302988,3.5259982493912785e-4,0.0017347192976276348,0.011571501504818876,9.12370696263769e-5,0.007402590190417363,0.010508499456812505,0.5022689941630447,0.6273293673000032,7,5
10,0.13849046385824723,0.1399709971483963,2.0638560611117915,23.74218146525526,10.60705177895283,1.985030644624604,5.7697845085753214e-5,0.011995139363636362,0.006194551134168019,1.51086457940087,0.9867108086669816,-2.909269379238365,-1.1523798714006714,-3.5104154884288965,1.089298768737161,-0.7563352958184046,-0.02105363997354715,0.02,0.9926244638700692,1.999383482453488e-4,7.225421026337041e-4,0.0064162514742854455,3.680420476636038e-5,0.004333114822392773,0.004535703826022798,0.5022689941630447,0.5911264098816366,7,5
11,0.13849046385824723,0.1399709971483963,2.0638560611117915,23.74218146525526,10.60705177895283,1.985030644624604,5.7697845085753214e-5,0.011995139363636362,0.006194551134168019,1.51086457940087,0.9867108086669816,-2.909269379238365,-1.1523798714006714,-3.5104154884288965,1.089298768737161,-0.7563352958184046,-0.02105363997354715,0.02,0.9970665147313313,1.3924998896337406e-4,4.231313341849106e-4,0.0023621024724344046,9.001473085893665e-6,0.0023766560818276527,0.0031067318645822285,0.5022689941630447,0.5733685056778743,7,5
12,0.13849046385824723,0.1399709971483963,2.0638560611117915,23.74218146525526,10.60705177895283,1.985030644624604,5.7697845085753214e-5,0.011995139363636362,0.006194551134168019,1.51086457940087,0.9867108086669816,-2.909269379238365,-1.1523798714006714,-3.5104154884288965,1.089298768737161,-0.7563352958184046,-0.02105363997354715,0.02,0.9909426208348471,4.076464068445445e-4,0.0016680804106528981,0.006954335880272844,2.7316467382671215e-5,0.005964404889696219,0.006108768330047815,0.5022689941630447,0.540443849374911,7,5
13,0.13849046385824723,0.1399709971483963,2.0638560611117915,23.74218146525526,10.60705177895283,1.985030644624604,5.7697845085753214e-5,0.011995139363636362,0.006194551134168019,1.51086457940087,0.9867108086669816,-2.909269379238365,-1.1523798714006714,-3.5104154884288965,1.089298768737161,-0.7563352958184046,-0.02105363997354715,0.02,0.9979353632520227,7.370228536030364e-5,2.8344059217815144e-4,0.001704421976386328,3.071894052575115e-6,0.006080766413629596,0.0017017572557222634,0.5022689941630447,0.37173420135974955,7,5
1,0.13849046385824723,0.1399709971483963,2.0638560611117915,23.74218146525526,10.60705177895283,1.985030644624604,5.7697845085753214e-5,0.01199513936363636,0.00619455113416802,1.51086457940087,0.9867108086669816,-2.909269379238365,-1.1523798714006714,-3.5104154884288965,1.089298768737161,-0.7563352958184046,-0.02105363997354715,0.02,0.30182041888512834,6.207955855627253e-4,0.0049228083585139,0.6058352229018801,0.08680075426891494,0.04985305754926784,0.7153054644371083,0.5022689941630447,1,6,5
2,0.13849046385824723,0.1399709971483963,2.0638560611117915,23.74218146525526,10.60705177895283,1.985030644624604,5.7697845085753214e-5,0.011995139363636362,0.006194551134168019,1.51086457940087,0.9867108086669816,-2.909269379238365,-1.1523798714006714,-3.5104154884288965,1.089298768737161,-0.7563352958184046,-0.02105363997354715,0.02,0.9651026572759335,0.001330122802758294,0.006023600056851791,0.02704392556737238,4.996942970840222e-4,0.019636354321502566,0.02096009333369722,0.5022689941630447,0.9087864031219985,6,5
3,0.13849046385824723,0.1399709971483963,2.0638560611117915,23.74218146525526,10.60705177895283,1.985030644624604,5.7697845085753214e-5,0.011995139363636362,0.006194551134168019,1.51086457940087,0.9867108086669816,-2.909269379238365,-1.1523798714006714,-3.5104154884288965,1.089298768737161,-0.7563352958184046,-0.02105363997354715,0.02,0.9582264690382638,0.0013741882390538467,0.006895867779618437,0.03295241613266999,5.510588103938833e-4,0.019270380911610437,0.022387915658431443,0.5022689941630447,0.9078999368499534,6,5
4,0.13849046385824723,0.1399709971483963,2.0638560611117915,23.74218146525526,10.60705177895283,1.985030644624604,5.7697845085753214e-5,0.011995139363636362,0.006194551134168019,1.51086457940087,0.9867108086669816,-2.909269379238365,-1.1523798714006714,-3.5104154884288965,1.089298768737161,-0.7563352958184046,-0.02105363997354715,0.02,0.9663411369038734,8.108906067275747e-4,0.004402780222478922,0.02794901878649633,4.961734804237633e-4,0.016785742056649632,0.014547202492140537,0.5022689941630447,0.8201850420698109,6,5
5,0.13849046385824723,0.1399709971483963,2.0638560611117915,23.74218146525526,10.60705177895283,1.985030644624604,5.7697845085753214e-5,0.011995139363636362,0.006194551134168019,1.51086457940087,0.9867108086669816,-2.909269379238365,-1.1523798714006714,-3.5104154884288965,1.089298768737161,-0.7563352958184046,-0.02105363997354715,0.02,0.986477955509781,2.611459037927559e-4,0.0013347057857176516,0.011779454817202542,1.4673798350597198e-4,0.00650151758996016,0.004440654072896244,0.5022689941630447,0.8874869992017161,6,5
6,0.13849046385824723,0.1399709971483963,2.0638560611117915,23.74218146525526,10.60705177895283,1.985030644624604,5.7697845085753214e-5,0.011995139363636362,0.006194551134168019,1.51086457940087,0.9867108086669816,-2.909269379238365,-1.1523798714006714,-3.5104154884288965,1.089298768737161,-0.7563352958184046,-0.02105363997354715,0.02,0.9927248825960102,5.06018475106767e-4,0.0013649150179310618,0.005363339324031793,4.0844586920183106e-5,0.007157706174730761,0.007592589261195461,0.5022689941630447,0.830990127250229,6,5
7,0.13849046385824723,0.1399709971483963,2.0638560611117915,23.74218146525526,10.60705177895283,1.985030644624604,5.7697845085753214e-5,0.011995139363636362,0.006194551134168019,1.51086457940087,0.9867108086669816,-2.909269379238365,-1.1523798714006714,-3.5104154884288965,1.089298768737161,-0.7563352958184046,-0.02105363997354715,0.02,0.9867231806083313,6.44654988078065e-4,0.0023452083290786377,0.010222507485975805,6.44485885362997e-5,0.008231181918846678,0.011162593218723156,0.5022689941630447,0.746887958604901,6,5
8,0.13849046385824723,0.1399709971483963,2.0638560611117915,23.74218146525526,10.60705177895283,1.985030644624604,5.7697845085753214e-5,0.011995139363636362,0.006194551134168019,1.51086457940087,0.9867108086669816,-2.909269379238365,-1.1523798714006714,-3.5104154884288965,1.089298768737161,-0.7563352958184046,-0.02105363997354715,0.02,0.9808691010664929,5.764295067096828e-4,0.003262483660275532,0.015168161652639569,1.2382411388233545e-4,0.010696383747674823,0.007804021107345098,0.5022689941630447,0.8296861887225319,6,5
9,0.13849046385824723,0.1399709971483963,2.0638560611117915,23.74218146525526,10.60705177895283,1.985030644624604,5.7697845085753214e-5,0.011995139363636362,0.006194551134168019,1.51086457940087,0.9867108086669816,-2.909269379238365,-1.1523798714006714,-3.5104154884288965,1.089298768737161,-0.7563352958184046,-0.02105363997354715,0.02,0.9860801761126765,3.8031332944586324e-4,0.0017729689547900283,0.011672524549587948,9.401705349961517e-5,0.015309357864195417,0.011414226019466246,0.5022689941630447,0.6816725228557852,6,5
10,0.13849046385824723,0.1399709971483963,2.0638560611117915,23.74218146525526,10.60705177895283,1.985030644624604,5.7697845085753214e-5,0.011995139363636362,0.006194551134168019,1.51086457940087,0.9867108086669816,-2.909269379238365,-1.1523798714006714,-3.5104154884288965,1.089298768737161,-0.7563352958184046,-0.02105363997354715,0.02,0.9927195525119098,2.1895712782616947e-4,7.372955822803622e-4,0.006289373723873816,3.482105410984253e-5,0.004780240024396391,0.004546036630411583,0.5022689941630447,0.5800406562699817,6,5
11,0.13849046385824723,0.1399709971483963,2.0638560611117915,23.74218146525526,10.60705177895283,1.985030644624604,5.7697845085753214e-5,0.011995139363636362,0.006194551134168019,1.51086457940087,0.9867108086669816,-2.909269379238365,-1.1523798714006714,-3.5104154884288965,1.089298768737161,-0.7563352958184046,-0.02105363997354715,0.02,0.9970324579830384,1.3599044144809895e-4,4.291461403616866e-4,0.002393757026769476,8.648408382413223e-6,0.002964103149026211,0.0038447392626469326,0.5022689941630447,0.6077927327874713,6,5
12,0.13849046385824723,0.1399709971483963,2.0638560611117915,23.74218146525526,10.60705177895283,1.985030644624604,5.7697845085753214e-5,0.011995139363636362,0.006194551134168019,1.51086457940087,0.9867108086669816,-2.909269379238365,-1.1523798714006714,-3.5104154884288965,1.089298768737161,-0.7563352958184046,-0.02105363997354715,0.02,0.9900504182874076,4.5264698064051e-4,0.001838436808846264,0.0076259025513394346,3.259537176621396e-5,0.007042482417801156,0.00657125211066909,0.5022689941630447,0.5188259715608234,6,5
13,0.13849046385824723,0.1399709971483963,2.0638560611117915,23.74218146525526,10.60705177895283,1.985030644624604,5.7697845085753214e-5,0.011995139363636362,0.006194551134168019,1.51086457940087,0.9867108086669816,-2.909269379238365,-1.1523798714006714,-3.5104154884288965,1.089298768737161,-0.7563352958184046,-0.02105363997354715,0.02,0.9980771132919206,8.174034201457593e-5,3.0669894981283884e-4,0.0015321829847888954,2.2644314631817065e-6,0.0024190188605823617,0.0024057041057425456,0.5022689941630447,0.4039656144076982,6,5
1,0.13849046385824723,0.1399709971483963,2.0638560611117915,23.74218146525526,10.60705177895283,1.985030644624604,5.7697845085753214e-5,0.01199513936363636,0.00619455113416802,1.51086457940087,0.9867108086669816,-2.909269379238365,-1.1523798714006714,-3.5104154884288965,1.089298768737161,-0.7563352958184046,-0.02105363997354715,0.02,0.30182041888512834,6.207955855627253e-4,0.0049228083585139,0.6058352229018801,0.08680075426891494,0.04985305754926784,0.7153054644371083,0.5022689941630447,1,5,5
2,0.13849046385824723,0.1399709971483963,2.0638560611117915,23.74218146525526,10.60705177895283,1.985030644624604,5.7697845085753214e-5,0.011995139363636362,0.006194551134168019,1.51086457940087,0.9867108086669816,-2.909269379238365,-1.1523798714006714,-3.5104154884288965,1.089298768737161,-0.7563352958184046,-0.02105363997354715,0.02,0.97136775010849,0.0010685550530949355,0.004273010174896564,0.02288018798957256,4.104966739460808e-4,0.016256861167394516,0.015979067675801976,0.5022689941630447,0.8656876103660587,5,5
3,0.13849046385824723,0.1399709971483963,2.0638560611117915,23.74218146525526,10.60705177895283,1.985030644624604,5.7697845085753214e-5,0.011995139363636362,0.006194551134168019,1.51086457940087,0.9867108086669816,-2.909269379238365,-1.1523798714006714,-3.5104154884288965,1.089298768737161,-0.7563352958184046,-0.02105363997354715,0.02,0.9583335839024167,0.0013572958854512706,0.006853026525376464,0.03290648651161709,5.496071751383866e-4,0.022283361823976,0.016874136501840428,0.5022689941630447,0.8852186274917291,5,5
4,0.13849046385824723,0.1399709971483963,2.0638560611117915,23.74218146525526,10.60705177895283,1.985030644624604,5.7697845085753214e-5,0.011995139363636362,0.006194551134168019,1.51086457940087,0.9867108086669816,-2.909269379238365,-1.1523798714006714,-3.5104154884288965,1.089298768737161,-0.7563352958184046,-0.02105363997354715,0.02,0.9667479215909361,7.956067274909291e-4,0.004375643256522814,0.027604717737707004,4.761106873431136e-4,0.018877740785089914,0.014759953615011832,0.5022689941630447,0.8311476132787565,5,5
5,0.13849046385824723,0.1399709971483963,2.0638560611117915,23.74218146525526,10.60705177895283,1.985030644624604,5.7697845085753214e-5,0.011995139363636362,0.006194551134168019,1.51086457940087,0.9867108086669816,-2.909269379238365,-1.1523798714006714,-3.5104154884288965,1.089298768737161,-0.7563352958184046,-0.02105363997354715,0.02,0.9865564966106313,3.1627192672324065e-4,0.0013128719492308029,0.011666091642389097,1.482678710255983e-4,0.002695765036821572,0.012626771786393176,0.5022689941630447,0.8000881049002855,5,5
6,0.13849046385824723,0.1399709971483963,2.0638560611117915,23.74218146525526,10.60705177895283,1.985030644624604,5.7697845085753214e-5,0.011995139363636362,0.006194551134168019,1.51086457940087,0.9867108086669816,-2.909269379238365,-1.1523798714006714,-3.5104154884288965,1.089298768737161,-0.7563352958184046,-0.02105363997354715,0.02,0.9927926212386013,4.7946879353900034e-4,0.0013428669870723248,0.005345427082552458,3.9615898234907934e-5,0.007240496634461773,0.007580392159717493,0.5022689941630447,0.8191919444649953,5,5
7,0.13849046385824723,0.1399709971483963,2.0638560611117915,23.74218146525526,10.60705177895283,1.985030644624604,5.7697845085753214e-5,0.011995139363636362,0.006194551134168019,1.51086457940087,0.9867108086669816,-2.909269379238365,-1.1523798714006714,-3.5104154884288965,1.089298768737161,-0.7563352958184046,-0.02105363997354715,0.02,0.9868153421679673,6.349815092348313e-4,0.0023328371461165793,0.01015473392892315,6.210524775823479e-5,0.0098316241233918,0.010469773997373227,0.5022689941630447,0.7859220948573499,5,5
8,0.13849046385824723,0.1399709971483963,2.0638560611117915,23.74218146525526,10.60705177895283,1.985030644624604,5.7697845085753214e-5,0.011995139363636362,0.006194551134168019,1.51086457940087,0.9867108086669816,-2.909269379238365,-1.1523798714006714,-3.5104154884288965,1.089298768737161,-0.7563352958184046,-0.02105363997354715,0.02,0.9814579533580929,5.219290582637564e-4,0.0031634886714098976,0.01473995064568994,1.1667826654348182e-4,0.01605347931550863,0.011963328843954317,0.5022689941630447,0.7348286369994895,5,5
9,0.13849046385824723,0.1399709971483963,2.0638560611117915,23.74218146525526,10.60705177895283,1.985030644624604,5.7697845085753214e-5,0.011995139363636362,0.006194551134168019,1.51086457940087,0.9867108086669816,-2.909269379238365,-1.1523798714006714,-3.5104154884288965,1.089298768737161,-0.7563352958184046,-0.02105363997354715,0.02,0.98623222848954,3.4988652327183384e-4,0.0017340511028560962,0.011590473823578733,9.336006075347507e-5,0.006895739352026977,0.008210228200560533,0.5022689941630447,0.6886376450841322,5,5
10,0.13849046385824723,0.1399709971483963,2.0638560611117915,23.74218146525526,10.60705177895283,1.985030644624604,5.7697845085753214e-5,0.011995139363636362,0.006194551134168019,1.51086457940087,0.9867108086669816,-2.909269379238365,-1.1523798714006714,-3.5104154884288965,1.089298768737161,-0.7563352958184046,-0.02105363997354715,0.02,0.9923721761647557,2.135800796571743e-4,7.485281468459478e-4,0.006628060119147263,3.765548959389132e-5,0.004211326626823558,0.005416820493264914,0.5022689941630447,0.6293887310373705,5,5
11,0.13849046385824723,0.1399709971483963,2.0638560611117915,23.74218146525526,10.60705177895283,1.985030644624604,5.7697845085753214e-5,0.011995139363636362,0.006194551134168019,1.51086457940087,0.9867108086669816,-2.909269379238365,-1.1523798714006714,-3.5104154884288965,1.089298768737161,-0.7563352958184046,-0.02105363997354715,0.02,0.9970196479167742,1.46709555802917e-4,4.354734276239559e-4,0.0023890217891518687,9.147310647064385e-6,0.002994539641188645,0.002892366755323669,0.5022689941630447,0.6139039985738152,5,5
12,0.13849046385824723,0.1399709971483963,2.0638560611117915,23.74218146525526,10.60705177895283,1.985030644624604,5.7697845085753214e-5,0.011995139363636362,0.006194551134168019,1.51086457940087,0.9867108086669816,-2.909269379238365,-1.1523798714006714,-3.5104154884288965,1.089298768737161,-0.7563352958184046,-0.02105363997354715,0.02,0.9899839163459262,4.6482003491028843e-4,0.001862306025392464,0.007656198601188701,3.2758992582354275e-5,0.006332997708504592,0.006696217844834593,0.5022689941630447,0.39619738695910695,5,5
13,0.13849046385824723,0.1399709971483963,2.0638560611117915,23.74218146525526,10.60705177895283,1.985030644624604,5.7697845085753214e-5,0.011995139363636362,0.006194551134168019,1.51086457940087,0.9867108086669816,-2.909269379238365,-1.1523798714006714,-3.5104154884288965,1.089298768737161,-0.7563352958184046,-0.02105363997354715,0.02,0.998365738248265,7.544861454391458e-5,2.86055766454088e-4,0.0012713693414243717,1.3880293125886683e-6,0.0014398060324767364,0.0025746653433251126,0.5022689941630447,0.347785196320247,5,5
1,0.13849046385824723,0.1399709971483963,2.0638560611117915,23.74218146525526,10.60705177895283,1.985030644624604,5.7697845085753214e-5,0.01199513936363636,0.00619455113416802,1.51086457940087,0.9867108086669816,-2.909269379238365,-1.1523798714006714,-3.5104154884288965,1.089298768737161,-0.7563352958184046,-0.02105363997354715,0.02,0.30182041888512834,6.207955855627253e-4,0.0049228083585139,0.6058352229018801,0.08680075426891494,0.04985305754926784,0.7153054644371083,0.5022689941630447,1,4,5
2,0.13849046385824723,0.1399709971483963,2.0638560611117915,23.74218146525526,10.60705177895283,1.985030644624604,5.7697845085753214e-5,0.011995139363636362,0.006194551134168019,1.51086457940087,0.9867108086669816,-2.909269379238365,-1.1523798714006714,-3.5104154884288965,1.089298768737161,-0.7563352958184046,-0.02105363997354715,0.02,0.9724080608860078,9.96365524062261e-4,0.004254438291798871,0.02201809239307104,3.2304290506002324e-4,0.018101640916520396,0.01737493260824141,0.5022689941630447,0.8622704017186192,4,5
3,0.13849046385824723,0.1399709971483963,2.0638560611117915,23.74218146525526,10.60705177895283,1.985030644624604,5.7697845085753214e-5,0.011995139363636362,0.006194551134168019,1.51086457940087,0.9867108086669816,-2.909269379238365,-1.1523798714006714,-3.5104154884288965,1.089298768737161,-0.7563352958184046,-0.02105363997354715,0.02,0.9583414588533871,0.001317712169031914,0.006873401850091644,0.03292397354457154,5.434535829178316e-4,0.018226845849578847,0.019096567709230048,0.5022689941630447,0.9432016652473808,4,5
4,0.13849046385824723,0.1399709971483963,2.0638560611117915,23.74218146525526,10.60705177895283,1.985030644624604,5.7697845085753214e-5,0.011995139363636362,0.006194551134168019,1.51086457940087,0.9867108086669816,-2.909269379238365,-1.1523798714006714,-3.5104154884288965,1.089298768737161,-0.7563352958184046,-0.02105363997354715,0.02,0.96596497323301,8.587497676459029e-4,0.004435003619716283,0.028235718381899415,5.055549977284789e-4,0.015181724092613463,0.01502991399040563,0.5022689941630447,0.7583401476239284,4,5
5,0.13849046385824723,0.1399709971483963,2.0638560611117915,23.74218146525526,10.60705177895283,1.985030644624604,5.7697845085753214e-5,0.011995139363636362,0.006194551134168019,1.51086457940087,0.9867108086669816,-2.909269379238365,-1.1523798714006714,-3.5104154884288965,1.089298768737161,-0.7563352958184046,-0.02105363997354715,0.02,0.986617520747314,2.51663091832624e-4,0.001396787795259308,0.011587461016202864,1.465673493910884e-4,0.014037168890113869,0.004932341588438663,0.5022689941630447,0.7268177056623225,4,5
6,0.13849046385824723,0.1399709971483963,2.0638560611117915,23.74218146525526,10.60705177895283,1.985030644624604,5.7697845085753214e-5,0.011995139363636362,0.006194551134168019,1.51086457940087,0.9867108086669816,-2.909269379238365,-1.1523798714006714,-3.5104154884288965,1.089298768737161,-0.7563352958184046,-0.02105363997354715,0.02,0.9929279435956297,4.5175104857871035e-4,0.0013350056558848707,0.005248771768272754,3.652793163390673e-5,0.005607569441392527,0.00602992479965494,0.5022689941630447,0.9068583072556275,4,5
7,0.13849046385824723,0.1399709971483963,2.0638560611117915,23.74218146525526,10.60705177895283,1.985030644624604,5.7697845085753214e-5,0.011995139363636362,0.006194551134168019,1.51086457940087,0.9867108086669816,-2.909269379238365,-1.1523798714006714,-3.5104154884288965,1.089298768737161,-0.7563352958184046,-0.02105363997354715,0.02,0.9865144687910593,6.638959183540728e-4,0.0023814058431326566,0.010375281603507418,6.494784394660773e-5,0.010456831133108517,0.011342451336873267,0.5022689941630447,0.7982813120751967,4,5
8,0.13849046385824723,0.1399709971483963,2.0638560611117915,23.74218146525526,10.60705177895283,1.985030644624604,5.7697845085753214e-5,0.011995139363636362,0.006194551134168019,1.51086457940087,0.9867108086669816,-2.909269379238365,-1.1523798714006714,-3.5104154884288965,1.089298768737161,-0.7563352958184046,-0.02105363997354715,0.02,0.98115671566588,5.716759374990147e-4,0.0031427341910541203,0.015005914575981067,1.2295962958576846e-4,0.009073660497694477,0.009120556176812865,0.5022689941630447,0.7747974952811943,4,5
9,0.13849046385824723,0.1399709971483963,2.0638560611117915,23.74218146525526,10.60705177895283,1.985030644624604,5.7697845085753214e-5,0.011995139363636362,0.006194551134168019,1.51086457940087,0.9867108086669816,-2.909269379238365,-1.1523798714006714,-3.5104154884288965,1.089298768737161,-0.7563352958184046,-0.02105363997354715,0.02,0.9861068567892264,3.661910244436605e-4,0.001738986937386192,0.01169370480729731,9.426044164653943e-5,0.010701434044718766,0.009008563616316027,0.5022689941630447,0.6593805252727315,4,5
10,0.13849046385824723,0.1399709971483963,2.0638560611117915,23.74218146525526,10.60705177895283,1.985030644624604,5.7697845085753214e-5,0.011995139363636362,0.006194551134168019,1.51086457940087,0.9867108086669816,-2.909269379238365,-1.1523798714006714,-3.5104154884288965,1.089298768737161,-0.7563352958184046,-0.02105363997354715,0.02,0.9927593654499436,2.109541529681534e-4,7.243171359301664e-4,0.006270328734062386,3.5034527095793496e-5,0.0041943543883145515,0.004087510878232492,0.5022689941630447,0.49050971858422665,4,5
11,0.13849046385824723,0.1399709971483963,2.0638560611117915,23.74218146525526,10.60705177895283,1.985030644624604,5.7697845085753214e-5,0.011995139363636362,0.006194551134168019,1.51086457940087,0.9867108086669816,-2.909269379238365,-1.1523798714006714,-3.5104154884288965,1.089298768737161,-0.7563352958184046,-0.02105363997354715,0.02,0.997191013024961,1.2406681078302656e-4,4.0922169759891253e-4,0.002267263839263399,8.434627393678846e-6,0.003081325160165806,0.002844459417690691,0.5022689941630447,0.61203248261729,4,5
12,0.13849046385824723,0.1399709971483963,2.0638560611117915,23.74218146525526,10.60705177895283,1.985030644624604,5.7697845085753214e-5,0.011995139363636362,0.006194551134168019,1.51086457940087,0.9867108086669816,-2.909269379238365,-1.1523798714006714,-3.5104154884288965,1.089298768737161,-0.7563352958184046,-0.02105363997354715,0.02,0.9897452262595382,4.6814655778461566e-4,0.0018922199357106297,0.007859907188209175,3.450005875741874e-5,0.006242967435110177,0.00609543452769091,0.5022689941630447,0.3223121363090155,4,5
13,0.13849046385824723,0.1399709971483963,2.0638560611117915,23.74218146525526,10.60705177895283,1.985030644624604,5.7697845085753214e-5,0.011995139363636362,0.006194551134168019,1.51086457940087,0.9867108086669816,-2.909269379238365,-1.1523798714006714,-3.5104154884288965,1.089298768737161,-0.7563352958184046,-0.02105363997354715,0.02,0.9984250112822414,6.404483588030602e-5,2.664793078480793e-4,0.0012432518298130006,1.212744217349018e-6,0.001412873414898681,0.0014881975852920654,0.5022689941630447,0.24413809749605586,4,5
1,0.13849046385824723,0.1399709971483963,2.0638560611117915,23.74218146525526,10.60705177895283,1.985030644624604,5.7697845085753214e-5,0.01199513936363636,0.00619455113416802,1.51086457940087,0.9867108086669816,-2.909269379238365,-1.1523798714006714,-3.5104154884288965,1.089298768737161,-0.7563352958184046,-0.02105363997354715,0.02,0.30182041888512834,6.207955855627253e-4,0.0049228083585139,0.6058352229018801,0.08680075426891494,0.04985305754926784,0.7153054644371083,0.5022689941630447,1,3,5
2,0.13849046385824723,0.1399709971483963,2.0638560611117915,23.74218146525526,10.60705177895283,1.985030644624604,5.7697845085753214e-5,0.011995139363636362,0.006194551134168019,1.51086457940087,0.9867108086669816,-2.909269379238365,-1.1523798714006714,-3.5104154884288965,1.089298768737161,-0.7563352958184046,-0.02105363997354715,0.02,0.9815703794336604,5.117404935972952e-4,0.0023088565300967753,0.015431866773472283,1.771567691732638e-4,0.01112994506660179,0.007700384645459947,0.5022689941630447,0.9507564699208492,3,5
3,0.13849046385824723,0.1399709971483963,2.0638560611117915,23.74218146525526,10.60705177895283,1.985030644624604,5.7697845085753214e-5,0.011995139363636362,0.006194551134168019,1.51086457940087,0.9867108086669816,-2.909269379238365,-1.1523798714006714,-3.5104154884288965,1.089298768737161,-0.7563352958184046,-0.02105363997354715,0.02,0.9579771051398562,0.00143676186294854,0.006927497079882996,0.033102522749513336,5.561131677989025e-4,0.01938000953395946,0.02125888083867653,0.5022689941630447,0.9157993092856647,3,5
4,0.13849046385824723,0.1399709971483963,2.0638560611117915,23.74218146525526,10.60705177895283,1.985030644624604,5.7697845085753214e-5,0.011995139363636362,0.006194551134168019,1.51086457940087,0.9867108086669816,-2.909269379238365,-1.1523798714006714,-3.5104154884288965,1.089298768737161,-0.7563352958184046,-0.02105363997354715,0.02,0.9662397684625272,8.326569925753611e-4,0.004413637370113751,0.028017991331679686,4.959458431038776e-4,0.015804252615171457,0.014699036860418978,0.5022689941630447,0.8566055379513199,3,5
5,0.13849046385824723,0.1399709971483963,2.0638560611117915,23.74218146525526,10.60705177895283,1.985030644624604,5.7697845085753214e-5,0.011995139363636362,0.006194551134168019,1.51086457940087,0.9867108086669816,-2.909269379238365,-1.1523798714006714,-3.5104154884288965,1.089298768737161,-0.7563352958184046,-0.02105363997354715,0.02,0.9867849456744568,3.453357563798162e-4,0.0013285533994672938,0.011398213711017187,1.4295145867876762e-4,0.006849828543391579,0.015285378822036939,0.5022689941630447,0.8261512349170753,3,5
6,0.13849046385824723,0.1399709971483963,2.0638560611117915,23.74218146525526,10.60705177895283,1.985030644624604,5.7697845085753214e-5,0.011995139363636362,0.006194551134168019,1.51086457940087,0.9867108086669816,-2.909269379238365,-1.1523798714006714,-3.5104154884288965,1.089298768737161,-0.7563352958184046,-0.02105363997354715,0.02,0.9927890366973539,4.886964088912062e-4,0.0013477689765802518,0.00533768047236245,3.681744481227823e-5,0.00816518767463878,0.00780603870354507,0.5022689941630447,0.786603160289491,3,5
7,0.13849046385824723,0.1399709971483963,2.0638560611117915,23.74218146525526,10.60705177895283,1.985030644624604,5.7697845085753214e-5,0.011995139363636362,0.006194551134168019,1.51086457940087,0.9867108086669816,-2.909269379238365,-1.1523798714006714,-3.5104154884288965,1.089298768737161,-0.7563352958184046,-0.02105363997354715,0.02,0.9869268522612635,6.419213775458706e-4,0.0023201361329257997,0.010051748154275312,5.934207398946861e-5,0.009187958649140874,0.010730135620111656,0.5022689941630447,0.7410355452233813,3,5
8,0.13849046385824723,0.1399709971483963,2.0638560611117915,23.74218146525526,10.60705177895283,1.985030644624604,5.7697845085753214e-5,0.011995139363636362,0.006194551134168019,1.51086457940087,0.9867108086669816,-2.909269379238365,-1.1523798714006714,-3.5104154884288965,1.089298768737161,-0.7563352958184046,-0.02105363997354715,0.02,0.9810280473289109,5.542675508245752e-4,0.0031640524371496963,0.015131116047235863,1.225166358790559e-4,0.010327698300156481,0.006975814218340907,0.5022689941630447,0.7939251169048049,3,5
9,0.13849046385824723,0.1399709971483963,2.0638560611117915,23.74218146525526,10.60705177895283,1.985030644624604,5.7697845085753214e-5,0.011995139363636362,0.006194551134168019,1.51086457940087,0.9867108086669816,-2.909269379238365,-1.1523798714006714,-3.5104154884288965,1.089298768737161,-0.7563352958184046,-0.02105363997354715,0.02,0.9860253076324974,3.460416810574141e-4,0.0017559985859377605,0.01177548743460374,9.716466590366106e-5,0.009582638236639658,0.009824526267670863,0.5022689941630447,0.6233642112489582,3,5
10,0.13849046385824723,0.1399709971483963,2.0638560611117915,23.74218146525526,10.60705177895283,1.985030644624604,5.7697845085753214e-5,0.011995139363636362,0.006194551134168019,1.51086457940087,0.9867108086669816,-2.909269379238365,-1.1523798714006714,-3.5104154884288965,1.089298768737161,-0.7563352958184046,-0.02105363997354715,0.02,0.9924645250580182,2.0405544418665306e-4,7.264539520927634e-4,0.006566106538953389,3.885900674892563e-5,0.0038775044676710997,0.0043280648131879635,0.5022689941630447,0.5844698775594058,3,5
11,0.13849046385824723,0.1399709971483963,2.0638560611117915,23.74218146525526,10.60705177895283,1.985030644624604,5.7697845085753214e-5,0.011995139363636362,0.006194551134168019,1.51086457940087,0.9867108086669816,-2.909269379238365,-1.1523798714006714,-3.5104154884288965,1.089298768737161,-0.7563352958184046,-0.02105363997354715,0.02,0.9971299839563796,1.3596053314655164e-4,4.240695254396038e-4,0.0023024031582753804,7.582826758781061e-6,0.0030877483529481507,0.002792656572502331,0.5022689941630447,0.4885181525663802,3,5
12,0.13849046385824723,0.1399709971483963,2.0638560611117915,23.74218146525526,10.60705177895283,1.985030644624604,5.7697845085753214e-5,0.011995139363636362,0.006194551134168019,1.51086457940087,0.9867108086669816,-2.909269379238365,-1.1523798714006714,-3.5104154884288965,1.089298768737161,-0.7563352958184046,-0.02105363997354715,0.02,0.9932453672286811,2.9463445047878486e-4,0.001225187688898669,0.005219234377857021,1.557625408449259e-5,0.003943528161488912,0.0038920258483000907,0.5022689941630447,0.23140601274545897,3,5
13,0.13849046385824723,0.1399709971483963,2.0638560611117915,23.74218146525526,10.60705177895283,1.985030644624604,5.7697845085753214e-5,0.011995139363636362,0.006194551134168019,1.51086457940087,0.9867108086669816,-2.909269379238365,-1.1523798714006714,-3.5104154884288965,1.089298768737161,-0.7563352958184046,-0.02105363997354715,0.02,0.9985430693157976,5.365767255451442e-5,2.520148541643502e-4,0.0011502731788270205,9.849786565088211e-7,9.461185769614435e-4,9.347766104446669e-4,0.5022689941630447,0.20369319845453507,3,5
1,0.13849046385824723,0.1399709971483963,2.0638560611117915,23.74218146525526,10.60705177895283,1.985030644624604,5.7697845085753214e-5,0.01199513936363636,0.00619455113416802,1.51086457940087,0.9867108086669816,-2.909269379238365,-1.1523798714006714,-3.5104154884288965,1.089298768737161,-0.7563352958184046,-0.02105363997354715,0.02,0.30182041888512834,6.207955855627253e-4,0.0049228083585139,0.6058352229018801,0.08680075426891494,0.04985305754926784,0.7153054644371083,0.5022689941630447,1,2,5
2,0.13849046385824723,0.1399709971483963,2.0638560611117915,23.74218146525526,10.60705177895283,1.985030644624604,5.7697845085753214e-5,0.011995139363636362,0.006194551134168019,1.51086457940087,0.9867108086669816,-2.909269379238365,-1.1523798714006714,-3.5104154884288965,1.089298768737161,-0.7563352958184046,-0.02105363997354715,0.02,0.9862356632818307,7.644218034596915e-4,0.0026844375361765723,0.010219257909417299,9.621946911591665e-5,0.0126108443520983,0.016244751156203566,0.5022689941630447,0.9463230725017749,2,5
3,0.13849046385824723,0.1399709971483963,2.0638560611117915,23.74218146525526,10.60705177895283,1.985030644624604,5.7697845085753214e-5,0.011995139363636362,0.006194551134168019,1.51086457940087,0.9867108086669816,-2.909269379238365,-1.1523798714006714,-3.5104154884288965,1.089298768737161,-0.7563352958184046,-0.02105363997354715,0.02,0.9582618769324127,0.0013895414074422577,0.006930321043632678,0.032867912744532726,5.503478719796399e-4,0.02010125973553074,0.021021987169633813,0.5022689941630447,0.9139579360105878,2,5
4,0.13849046385824723,0.1399709971483963,2.0638560611117915,23.74218146525526,10.60705177895283,1.985030644624604,5.7697845085753214e-5,0.011995139363636362,0.006194551134168019,1.51086457940087,0.9867108086669816,-2.909269379238365,-1.1523798714006714,-3.5104154884288965,1.089298768737161,-0.7563352958184046,-0.02105363997354715,0.02,0.9660118659920844,8.204124837096848e-4,0.004393131009516355,0.02824659896122703,5.279915534625117e-4,0.017240709603735402,0.015121493119516195,0.5022689941630447,0.8757507614860485,2,5
5,0.13849046385824723,0.1399709971483963,2.0638560611117915,23.74218146525526,10.60705177895283,1.985030644624604,5.7697845085753214e-5,0.011995139363636362,0.006194551134168019,1.51086457940087,0.9867108086669816,-2.909269379238365,-1.1523798714006714,-3.5104154884288965,1.089298768737161,-0.7563352958184046,-0.02105363997354715,0.02,0.9869833473152745,2.3083793619583888e-4,0.001261706864097303,0.011384623303049318,1.39484581383024e-4,0.012236697513438819,0.00413700266420482,0.5022689941630447,0.6237110810247534,2,5
6,0.13849046385824723,0.1399709971483963,2.0638560611117915,23.74218146525526,10.60705177895283,1.985030644624604,5.7697845085753214e-5,0.011995139363636362,0.006194551134168019,1.51086457940087,0.9867108086669816,-2.909269379238365,-1.1523798714006714,-3.5104154884288965,1.089298768737161,-0.7563352958184046,-0.02105363997354715,0.02,0.9933206837239125,4.301842936446771e-4,0.0012992943758382324,0.004924042606054332,2.5795000550351e-5,0.005772975271307006,0.005686775996349041,0.5022689941630447,0.7773686935135455,2,5
7,0.13849046385824723,0.1399709971483963,2.0638560611117915,23.74218146525526,10.60705177895283,1.985030644624604,5.7697845085753214e-5,0.011995139363636362,0.006194551134168019,1.51086457940087,0.9867108086669816,-2.909269379238365,-1.1523798714006714,-3.5104154884288965,1.089298768737161,-0.7563352958184046,-0.02105363997354715,0.02,0.9869638168315535,6.388880140437773e-4,0.0023271703099262946,0.010012372883996487,5.775196047999874e-5,0.00969929352725975,0.012144785963497924,0.5022689941630447,0.7742387230446333,2,5
8,0.13849046385824723,0.1399709971483963,2.0638560611117915,23.74218146525526,10.60705177895283,1.985030644624604,5.7697845085753214e-5,0.011995139363636362,0.006194551134168019,1.51086457940087,0.9867108086669816,-2.909269379238365,-1.1523798714006714,-3.5104154884288965,1.089298768737161,-0.7563352958184046,-0.02105363997354715,0.02,0.9808109992925199,5.569783472799155e-4,0.0032177492652447318,0.015285452039280644,1.2882105567473334e-4,0.011646812341506958,0.010389822848823695,0.5022689941630447,0.7329332276364454,2,5
9,0.13849046385824723,0.1399709971483963,2.0638560611117915,23.74218146525526,10.60705177895283,1.985030644624604,5.7697845085753214e-5,0.011995139363636362,0.006194551134168019,1.51086457940087,0.9867108086669816,-2.909269379238365,-1.1523798714006714,-3.5104154884288965,1.089298768737161,-0.7563352958184046,-0.02105363997354715,0.02,0.9859949064432714,3.561822324499168e-4,0.0017273275049931268,0.011821692460219054,9.989135906651106e-5,0.009669571293415995,0.008509095255436961,0.5022689941630447,0.6290188226241756,2,5
10,0.13849046385824723,0.1399709971483963,2.0638560611117915,23.74218146525526,10.60705177895283,1.985030644624604,5.7697845085753214e-5,0.011995139363636362,0.006194551134168019,1.51086457940087,0.9867108086669816,-2.909269379238365,-1.1523798714006714,-3.5104154884288965,1.089298768737161,-0.7563352958184046,-0.02105363997354715,0.02,0.9926003034689125,2.019079287009975e-4,7.362561424048118e-4,0.006427183312518674,3.434914746304191e-5,0.0037155615941594274,0.005217598147308146,0.5022689941630447,0.5239814055289647,2,5
11,0.13849046385824723,0.1399709971483963,2.0638560611117915,23.74218146525526,10.60705177895283,1.985030644624604,5.7697845085753214e-5,0.011995139363636362,0.006194551134168019,1.51086457940087,0.9867108086669816,-2.909269379238365,-1.1523798714006714,-3.5104154884288965,1.089298768737161,-0.7563352958184046,-0.02105363997354715,0.02,0.9972442995542199,1.286514387528491e-4,4.1208181970207766e-4,0.0022086793619624815,6.287825362782415e-6,0.0026201192920251772,0.002661884672746492,0.5022689941630447,0.4192701342766772,2,5
12,0.13849046385824723,0.1399709971483963,2.0638560611117915,23.74218146525526,10.60705177895283,1.985030644624604,5.7697845085753214e-5,0.011995139363636362,0.006194551134168019,1.51086457940087,0.9867108086669816,-2.909269379238365,-1.1523798714006714,-3.5104154884288965,1.089298768737161,-0.7563352958184046,-0.02105363997354715,0.02,0.9950092902571411,2.1889454477668166e-4,8.994212701817052e-4,0.0038637526325151017,8.641295385433192e-6,0.0032493690807749256,0.0033623369128629515,0.5022689941630447,0.19203629643320444,2,5
13,0.13849046385824723,0.1399709971483963,2.0638560611117915,23.74218146525526,10.60705177895283,1.985030644624604,5.7697845085753214e-5,0.011995139363636362,0.006194551134168019,1.51086457940087,0.9867108086669816,-2.909269379238365,-1.1523798714006714,-3.5104154884288965,1.089298768737161,-0.7563352958184046,-0.02105363997354715,0.02,0.9985906865094037,4.779557441495535e-5,2.3476184129820005e-4,0.0011257266079219806,1.0294669611494797e-6,7.952551603986568e-4,7.260909767153767e-4,0.5022689941630447,0.22903859135196736,2,5
1,0.13849046385824723,0.1399709971483963,2.0638560611117915,23.74218146525526,10.60705177895283,1.985030644624604,5.7697845085753214e-5,0.01199513936363636,0.00619455113416802,1.51086457940087,0.9867108086669816,-2.909269379238365,-1.1523798714006714,-3.5104154884288965,1.089298768737161,-0.7563352958184046,-0.02105363997354715,0.02,0.30182041888512834,6.207955855627253e-4,0.0049228083585139,0.6058352229018801,0.08680075426891494,0.04985305754926784,0.7153054644371083,0.5022689941630447,1,14,6
2,0.13849046385824723,0.1399709971483963,2.0638560611117915,23.74218146525526,10.60705177895283,1.985030644624604,5.7697845085753214e-5,0.011995139363636362,0.006194551134168019,1.51086457940087,0.9867108086669816,-2.909269379238365,-1.1523798714006714,-3.5104154884288965,1.089298768737161,-0.7563352958184046,-0.02105363997354715,0.02,0.833822553029518,0.0031741391897585607,0.013542987422543866,0.12840071691733043,0.02105960344084916,0.057574244321110295,0.044763782322029266,0.5022689941630447,0.987739890458723,14,6
3,0.13849046385824723,0.1399709971483963,2.0638560611117915,23.74218146525526,10.60705177895283,1.985030644624604,5.7697845085753214e-5,0.011995139363636362,0.006194551134168019,1.51086457940087,0.9867108086669816,-2.909269379238365,-1.1523798714006714,-3.5104154884288965,1.089298768737161,-0.7563352958184046,-0.02105363997354715,0.02,0.9576838660398671,0.0014371970072422871,0.00698268619860316,0.03333343548007271,5.628152742146545e-4,0.02379829388853155,0.02099834943431073,0.5022689941630447,0.9759430515999586,14,6
4,0.13849046385824723,0.1399709971483963,2.0638560611117915,23.74218146525526,10.60705177895283,1.985030644624604,5.7697845085753214e-5,0.011995139363636362,0.006194551134168019,1.51086457940087,0.9867108086669816,-2.909269379238365,-1.1523798714006714,-3.5104154884288965,1.089298768737161,-0.7563352958184046,-0.02105363997354715,0.02,0.966105492030902,8.642723624818574e-4,0.004427651920144274,0.02810697417100695,4.956095154649064e-4,0.012667086773858062,0.019782427843430404,0.5022689941630447,0.9003548460572774,14,6
5,0.13849046385824723,0.1399709971483963,2.0638560611117915,23.74218146525526,10.60705177895283,1.985030644624604,5.7697845085753214e-5,0.011995139363636362,0.006194551134168019,1.51086457940087,0.9867108086669816,-2.909269379238365,-1.1523798714006714,-3.5104154884288965,1.089298768737161,-0.7563352958184046,-0.02105363997354715,0.02,0.9866430452486857,3.048913778001741e-4,0.0013961462348426675,0.01151109135456018,1.448257841112441e-4,0.008796668003799682,0.00493271351989427,0.5022689941630447,0.9084230659132747,14,6
6,0.13849046385824723,0.1399709971483963,2.0638560611117915,23.74218146525526,10.60705177895283,1.985030644624604,5.7697845085753214e-5,0.011995139363636362,0.006194551134168019,1.51086457940087,0.9867108086669816,-2.909269379238365,-1.1523798714006714,-3.5104154884288965,1.089298768737161,-0.7563352958184046,-0.02105363997354715,0.02,0.9926459033826418,5.17102698701821e-4,0.001371894474093513,0.005422899799118516,4.219964544438231e-5,0.007905865538811226,0.009012852245689137,0.5022689941630447,0.9172021245504736,14,6
7,0.13849046385824723,0.1399709971483963,2.0638560611117915,23.74218146525526,10.60705177895283,1.985030644624604,5.7697845085753214e-5,0.011995139363636362,0.006194551134168019,1.51086457940087,0.9867108086669816,-2.909269379238365,-1.1523798714006714,-3.5104154884288965,1.089298768737161,-0.7563352958184046,-0.02105363997354715,0.02,0.9866210776566996,6.786478694477846e-4,0.002365919288840019,0.01026974646865161,6.460871636088222e-5,0.012239392377372234,0.01007544729002616,0.5022689941630447,0.8552602099746921,14,6
8,0.13849046385824723,0.1399709971483963,2.0638560611117915,23.74218146525526,10.60705177895283,1.985030644624604,5.7697845085753214e-5,0.011995139363636362,0.006194551134168019,1.51086457940087,0.9867108086669816,-2.909269379238365,-1.1523798714006714,-3.5104154884288965,1.089298768737161,-0.7563352958184046,-0.02105363997354715,0.02,0.9810230342229305,5.57635866603519e-4,0.003236560184975588,0.015058888094712779,1.2388163077774997e-4,0.006779841811233809,0.009763371920523067,0.5022689941630447,0.7797948468177531,14,6
9,0.13849046385824723,0.1399709971483963,2.0638560611117915,23.74218146525526,10.60705177895283,1.985030644624604,5.7697845085753214e-5,0.011995139363636362,0.006194551134168019,1.51086457940087,0.9867108086669816,-2.909269379238365,-1.1523798714006714,-3.5104154884288965,1.089298768737161,-0.7563352958184046,-0.02105363997354715,0.02,0.9861690201354076,3.6393212266553975e-4,0.0017203493629989665,0.011652462112777949,9.423626615003583e-5,0.00609437477398932,0.008052061936193984,0.5022689941630447,0.682217777271245,14,6
10,0.13849046385824723,0.1399709971483963,2.0638560611117915,23.74218146525526,10.60705177895283,1.985030644624604,5.7697845085753214e-5,0.011995139363636362,0.006194551134168019,1.51086457940087,0.9867108086669816,-2.909269379238365,-1.1523798714006714,-3.5104154884288965,1.089298768737161,-0.7563352958184046,-0.02105363997354715,0.02,0.9925108984606885,2.157852549541703e-4,7.398544697403668e-4,0.006496382346339548,3.7079468277512566e-5,0.004651061105527066,0.00433227523907804,0.5022689941630447,0.6860175060909725,14,6
11,0.13849046385824723,0.1399709971483963,2.0638560611117915,23.74218146525526,10.60705177895283,1.985030644624604,5.7697845085753214e-5,0.011995139363636362,0.006194551134168019,1.51086457940087,0.9867108086669816,-2.909269379238365,-1.1523798714006714,-3.5104154884288965,1.089298768737161,-0.7563352958184046,-0.02105363997354715,0.02,0.997002949191485,1.4442463047049074e-4,4.309011959415382e-4,0.002412382189138344,9.342792964631095e-6,0.0027276212762599736,0.0035234077731883936,0.5022689941630447,0.6487952110850146,14,6
12,0.13849046385824723,0.1399709971483963,2.0638560611117915,23.74218146525526,10.60705177895283,1.985030644624604,5.7697845085753214e-5,0.011995139363636362,0.006194551134168019,1.51086457940087,0.9867108086669816,-2.909269379238365,-1.1523798714006714,-3.5104154884288965,1.089298768737161,-0.7563352958184046,-0.02105363997354715,0.02,0.9887047190187174,5.217750888671747e-4,0.0021058263906539782,0.008626705479238965,4.097402252252935e-5,0.007161671268192872,0.006895673131343948,0.5022689941630447,0.6849329953910597,14,6
13,0.13849046385824723,0.1399709971483963,2.0638560611117915,23.74218146525526,10.60705177895283,1.985030644624604,5.7697845085753214e-5,0.011995139363636362,0.006194551134168019,1.51086457940087,0.9867108086669816,-2.909269379238365,-1.1523798714006714,-3.5104154884288965,1.089298768737161,-0.7563352958184046,-0.02105363997354715,0.02,0.9974887686693881,8.771223060663008e-5,3.1245392386271606e-4,0.002105907263799808,5.157912342817135e-6,0.0036876465198947823,0.003099282081712524,0.5022689941630447,0.5776201249809716,14,6
1,0.13849046385824723,0.1399709971483963,2.0638560611117915,23.74218146525526,10.60705177895283,1.985030644624604,5.7697845085753214e-5,0.01199513936363636,0.00619455113416802,1.51086457940087,0.9867108086669816,-2.909269379238365,-1.1523798714006714,-3.5104154884288965,1.089298768737161,-0.7563352958184046,-0.02105363997354715,0.02,0.30182041888512834,6.207955855627253e-4,0.0049228083585139,0.6058352229018801,0.08680075426891494,0.04985305754926784,0.7153054644371083,0.5022689941630447,1,13,6
2,0.13849046385824723,0.1399709971483963,2.0638560611117915,23.74218146525526,10.60705177895283,1.985030644624604,5.7697845085753214e-5,0.011995139363636362,0.006194551134168019,1.51086457940087,0.9867108086669816,-2.909269379238365,-1.1523798714006714,-3.5104154884288965,1.089298768737161,-0.7563352958184046,-0.02105363997354715,0.02,0.9367663732167667,0.0016437528298980182,0.006325112865602709,0.05089760504911046,0.0043671560386221,0.026794963530297315,0.02548909938684324,0.5022689941630447,0.9416318561528223,13,6
3,0.13849046385824723,0.1399709971483963,2.0638560611117915,23.74218146525526,10.60705177895283,1.985030644624604,5.7697845085753214e-5,0.011995139363636362,0.006194551134168019,1.51086457940087,0.9867108086669816,-2.909269379238365,-1.1523798714006714,-3.5104154884288965,1.089298768737161,-0.7563352958184046,-0.02105363997354715,0.02,0.9585023795338152,0.0013750935710486138,0.006875626530171346,0.032701393681760026,5.455066832047256e-4,0.01714333914365895,0.018334349743808126,0.5022689941630447,0.9769403727262473,13,6
4,0.13849046385824723,0.1399709971483963,2.0638560611117915,23.74218146525526,10.60705177895283,1.985030644624604,5.7697845085753214e-5,0.011995139363636362,0.006194551134168019,1.51086457940087,0.9867108086669816,-2.909269379238365,-1.1523798714006714,-3.5104154884288965,1.089298768737161,-0.7563352958184046,-0.02105363997354715,0.02,0.9660412301547868,8.396662014314789e-4,0.004435344835004071,0.028185240484529316,4.985183242483801e-4,0.01600420347972588,0.013094553364799193,0.5022689941630447,0.9363434299902614,13,6
5,0.13849046385824723,0.1399709971483963,2.0638560611117915,23.74218146525526,10.60705177895283,1.985030644624604,5.7697845085753214e-5,0.011995139363636362,0.006194551134168019,1.51086457940087,0.9867108086669816,-2.909269379238365,-1.1523798714006714,-3.5104154884288965,1.089298768737161,-0.7563352958184046,-0.02105363997354715,0.02,0.9865739917845288,2.3758577668611623e-4,0.0012903278279074795,0.011753741939568556,1.4435267130903371e-4,0.018672843983999453,0.007435117016073441,0.5022689941630447,0.744050625385117,13,6
6,0.13849046385824723,0.1399709971483963,2.0638560611117915,23.74218146525526,10.60705177895283,1.985030644624604,5.7697845085753214e-5,0.011995139363636362,0.006194551134168019,1.51086457940087,0.9867108086669816,-2.909269379238365,-1.1523798714006714,-3.5104154884288965,1.089298768737161,-0.7563352958184046,-0.02105363997354715,0.02,0.992885789265566,4.650725065248375e-4,0.0013352484554725174,0.005275633794861188,3.825597757546813e-5,0.005864055208221103,0.006321739100134402,0.5022689941630447,0.8582839644656599,13,6
7,0.13849046385824723,0.1399709971483963,2.0638560611117915,23.74218146525526,10.60705177895283,1.985030644624604,5.7697845085753214e-5,0.011995139363636362,0.006194551134168019,1.51086457940087,0.9867108086669816,-2.909269379238365,-1.1523798714006714,-3.5104154884288965,1.089298768737161,-0.7563352958184046,-0.02105363997354715,0.02,0.9866286578789133,6.518396943230415e-4,0.0023534840525176793,0.010301179851253062,6.483852299295479e-5,0.009553253158745072,0.00991079997916627,0.5022689941630447,0.8885244544406842,13,6
8,0.13849046385824723,0.1399709971483963,2.0638560611117915,23.74218146525526,10.60705177895283,1.985030644624604,5.7697845085753214e-5,0.011995139363636362,0.006194551134168019,1.51086457940087,0.9867108086669816,-2.909269379238365,-1.1523798714006714,-3.5104154884288965,1.089298768737161,-0.7563352958184046,-0.02105363997354715,0.02,0.9807776048421896,5.783738150538684e-4,0.0032832014724869514,0.015236962886947978,1.23856983321687e-4,0.009858672548343139,0.012830832064209131,0.5022689941630447,0.7639592147674775,13,6
9,0.13849046385824723,0.1399709971483963,2.0638560611117915,23.74218146525526,10.60705177895283,1.985030644624604,5.7697845085753214e-5,0.011995139363636362,0.006194551134168019,1.51086457940087,0.9867108086669816,-2.909269379238365,-1.1523798714006714,-3.5104154884288965,1.089298768737161,-0.7563352958184046,-0.02105363997354715,0.02,0.9862337871375109,3.664110925670437e-4,0.0017261737956484672,0.01158061580292272,9.30121713509168e-5,0.009038650817111811,0.008279795025208031,0.5022689941630447,0.7156514494796319,13,6
10,0.13849046385824723,0.1399709971483963,2.0638560611117915,23.74218146525526,10.60705177895283,1.985030644624604,5.7697845085753214e-5,0.011995139363636362,0.006194551134168019,1.51086457940087,0.9867108086669816,-2.909269379238365,-1.1523798714006714,-3.5104154884288965,1.089298768737161,-0.7563352958184046,-0.02105363997354715,0.02,0.9926175053930624,2.2017001123117552e-4,7.407152183791067e-4,0.006385539869722163,3.6069507605193436e-5,0.005017395433205041,0.006373209383350514,0.5022689941630447,0.676317797293187,13,6
11,0.13849046385824723,0.1399709971483963,2.0638560611117915,23.74218146525526,10.60705177895283,1.985030644624604,5.7697845085753214e-5,0.011995139363636362,0.006194551134168019,1.51086457940087,0.9867108086669816,-2.909269379238365,-1.1523798714006714,-3.5104154884288965,1.089298768737161,-0.7563352958184046,-0.02105363997354715,0.02,0.9970380854829186,1.4800713269360027e-4,4.2733603155304154e-4,0.0023771918361287906,9.37951670596719e-6,0.003976422235197434,0.004056003964342495,0.5022689941630447,0.6742952708226349,13,6
12,0.13849046385824723,0.1399709971483963,2.0638560611117915,23.74218146525526,10.60705177895283,1.985030644624604,5.7697845085753214e-5,0.011995139363636362,0.006194551134168019,1.51086457940087,0.9867108086669816,-2.909269379238365,-1.1523798714006714,-3.5104154884288965,1.089298768737161,-0.7563352958184046,-0.02105363997354715,0.02,0.9880275840433809,5.471518574997034e-4,0.0022357615095295233,0.009143642407371729,4.586018221817436e-5,0.007943751906986627,0.008550262793886675,0.5022689941630447,0.6110058128923177,13,6
13,0.13849046385824723,0.1399709971483963,2.0638560611117915,23.74218146525526,10.60705177895283,1.985030644624604,5.7697845085753214e-5,0.011995139363636362,0.006194551134168019,1.51086457940087,0.9867108086669816,-2.909269379238365,-1.1523798714006714,-3.5104154884288965,1.089298768737161,-0.7563352958184046,-0.02105363997354715,0.02,0.9981331990378178,9.217208620846247e-5,3.1201357942895743e-4,0.001460590014155705,2.025282388987538e-6,0.0025996602901802502,0.003626952027328444,0.5022689941630447,0.5897162268594235,13,6
1,0.13849046385824723,0.1399709971483963,2.0638560611117915,23.74218146525526,10.60705177895283,1.985030644624604,5.7697845085753214e-5,0.01199513936363636,0.00619455113416802,1.51086457940087,0.9867108086669816,-2.909269379238365,-1.1523798714006714,-3.5104154884288965,1.089298768737161,-0.7563352958184046,-0.02105363997354715,0.02,0.30182041888512834,6.207955855627253e-4,0.0049228083585139,0.6058352229018801,0.08680075426891494,0.04985305754926784,0.7153054644371083,0.5022689941630447,1,12,6
2,0.13849046385824723,0.1399709971483963,2.0638560611117915,23.74218146525526,10.60705177895283,1.985030644624604,5.7697845085753214e-5,0.011995139363636362,0.006194551134168019,1.51086457940087,0.9867108086669816,-2.909269379238365,-1.1523798714006714,-3.5104154884288965,1.089298768737161,-0.7563352958184046,-0.02105363997354715,0.02,0.9697781220440354,0.0013418413727331316,0.00496855006430971,0.02297537628164881,9.361102372730374e-4,0.020154805940389896,0.021117317880791707,0.5022689941630447,0.9506248280316472,12,6
3,0.13849046385824723,0.1399709971483963,2.0638560611117915,23.74218146525526,10.60705177895283,1.985030644624604,5.7697845085753214e-5,0.011995139363636362,0.006194551134168019,1.51086457940087,0.9867108086669816,-2.909269379238365,-1.1523798714006714,-3.5104154884288965,1.089298768737161,-0.7563352958184046,-0.02105363997354715,0.02,0.9582507089142074,0.0014066227781133396,0.006913205776931508,0.03288589028637016,5.435722443775915e-4,0.02051425571278333,0.020175876334728404,0.5022689941630447,0.9679125165570004,12,6
4,0.13849046385824723,0.1399709971483963,2.0638560611117915,23.74218146525526,10.60705177895283,1.985030644624604,5.7697845085753214e-5,0.011995139363636362,0.006194551134168019,1.51086457940087,0.9867108086669816,-2.909269379238365,-1.1523798714006714,-3.5104154884288965,1.089298768737161,-0.7563352958184046,-0.02105363997354715,0.02,0.9665511228980458,8.480510877675474e-4,0.004401370792735877,0.027715577935242885,4.838772862079077e-4,0.020967514257971394,0.016918246921184946,0.5022689941630447,0.9215583098493006,12,6
5,0.13849046385824723,0.1399709971483963,2.0638560611117915,23.74218146525526,10.60705177895283,1.985030644624604,5.7697845085753214e-5,0.011995139363636362,0.006194551134168019,1.51086457940087,0.9867108086669816,-2.909269379238365,-1.1523798714006714,-3.5104154884288965,1.089298768737161,-0.7563352958184046,-0.02105363997354715,0.02,0.9864545795942063,2.801546978916922e-4,0.0013683956634830022,0.011744926024236074,1.519440201829843e-4,0.0029939812962402833,0.006288063249038198,0.5022689941630447,0.7605451729305522,12,6
6,0.13849046385824723,0.1399709971483963,2.0638560611117915,23.74218146525526,10.60705177895283,1.985030644624604,5.7697845085753214e-5,0.011995139363636362,0.006194551134168019,1.51086457940087,0.9867108086669816,-2.909269379238365,-1.1523798714006714,-3.5104154884288965,1.089298768737161,-0.7563352958184046,-0.02105363997354715,0.02,0.9928528727030401,4.693935374340606e-4,0.0013430271772154271,0.00529584886366764,3.885771864271269e-5,0.008111863617251443,0.00631614241099904,0.5022689941630447,0.8864400345111312,12,6
7,0.13849046385824723,0.1399709971483963,2.0638560611117915,23.74218146525526,10.60705177895283,1.985030644624604,5.7697845085753214e-5,0.011995139363636362,0.006194551134168019,1.51086457940087,0.9867108086669816,-2.909269379238365,-1.1523798714006714,-3.5104154884288965,1.089298768737161,-0.7563352958184046,-0.02105363997354715,0.02,0.9866196610676147,6.563562770602339e-4,0.002370014993749831,0.010289464432988034,6.450322858716499e-5,0.010569919640037655,0.012026789657581046,0.5022689941630447,0.869074212481339,12,6
8,0.13849046385824723,0.1399709971483963,2.0638560611117915,23.74218146525526,10.60705177895283,1.985030644624604,5.7697845085753214e-5,0.011995139363636362,0.006194551134168019,1.51086457940087,0.9867108086669816,-2.909269379238365,-1.1523798714006714,-3.5104154884288965,1.089298768737161,-0.7563352958184046,-0.02105363997354715,0.02,0.9802874597595376,5.755568154068583e-4,0.0033110571022221136,0.015692271416391367,1.336549064421088e-4,0.014198958630424491,0.008299526001970113,0.5022689941630447,0.7924476828993838,12,6
9,0.13849046385824723,0.1399709971483963,2.0638560611117915,23.74218146525526,10.60705177895283,1.985030644624604,5.7697845085753214e-5,0.011995139363636362,0.006194551134168019,1.51086457940087,0.9867108086669816,-2.909269379238365,-1.1523798714006714,-3.5104154884288965,1.089298768737161,-0.7563352958184046,-0.02105363997354715,0.02,0.9861443511798823,3.7048357848147324e-4,0.0017385564407920331,0.01165331079811649,9.32980027277348e-5,0.00825437584915464,0.01084410228933953,0.5022689941630447,0.7608895781026971,12,6
10,0.13849046385824723,0.1399709971483963,2.0638560611117915,23.74218146525526,10.60705177895283,1.985030644624604,5.7697845085753214e-5,0.011995139363636362,0.006194551134168019,1.51086457940087,0.9867108086669816,-2.909269379238365,-1.1523798714006714,-3.5104154884288965,1.089298768737161,-0.7563352958184046,-0.02105363997354715,0.02,0.9926885275182624,2.2166739607510519e-4,7.457192165514204e-4,0.006308989868305771,3.5096000805302715e-5,0.005443523306007707,0.005186202055176223,0.5022689941630447,0.6945981720077342,12,6
11,0.13849046385824723,0.1399709971483963,2.0638560611117915,23.74218146525526,10.60705177895283,1.985030644624604,5.7697845085753214e-5,0.011995139363636362,0.006194551134168019,1.51086457940087,0.9867108086669816,-2.909269379238365,-1.1523798714006714,-3.5104154884288965,1.089298768737161,-0.7563352958184046,-0.02105363997354715,0.02,0.9968765607785399,1.513201481361635e-4,4.441689283305226e-4,0.002518582466424618,9.36767856875759e-6,0.0022486697225834068,0.0026890968955353444,0.5022689941630447,0.6634367287431994,12,6
12,0.13849046385824723,0.1399709971483963,2.0638560611117915,23.74218146525526,10.60705177895283,1.985030644624604,5.7697845085753214e-5,0.011995139363636362,0.006194551134168019,1.51086457940087,0.9867108086669816,-2.909269379238365,-1.1523798714006714,-3.5104154884288965,1.089298768737161,-0.7563352958184046,-0.02105363997354715,0.02,0.9880997050175492,5.396609496395691e-4,0.0022142119787312265,0.009100843032000986,4.557902207913267e-5,0.007071036217315791,0.0084220990261828,0.5022689941630447,0.5803054258548738,12,6
13,0.13849046385824723,0.1399709971483963,2.0638560611117915,23.74218146525526,10.60705177895283,1.985030644624604,5.7697845085753214e-5,0.011995139363636362,0.006194551134168019,1.51086457940087,0.9867108086669816,-2.909269379238365,-1.1523798714006714,-3.5104154884288965,1.089298768737161,-0.7563352958184046,-0.02105363997354715,0.02,0.998028037299813,9.292643145306102e-5,3.090458331300912e-4,0.0015676000545298862,2.390381073953461e-6,0.002559915783712927,0.0025313123104283696,0.5022689941630447,0.4688574689917938,12,6
1,0.13849046385824723,0.1399709971483963,2.0638560611117915,23.74218146525526,10.60705177895283,1.985030644624604,5.7697845085753214e-5,0.01199513936363636,0.00619455113416802,1.51086457940087,0.9867108086669816,-2.909269379238365,-1.1523798714006714,-3.5104154884288965,1.089298768737161,-0.7563352958184046,-0.02105363997354715,0.02,0.30182041888512834,6.207955855627253e-4,0.0049228083585139,0.6058352229018801,0.08680075426891494,0.04985305754926784,0.7153054644371083,0.5022689941630447,1,11,6
2,0.13849046385824723,0.1399709971483963,2.0638560611117915,23.74218146525526,10.60705177895283,1.985030644624604,5.7697845085753214e-5,0.011995139363636362,0.006194551134168019,1.51086457940087,0.9867108086669816,-2.909269379238365,-1.1523798714006714,-3.5104154884288965,1.089298768737161,-0.7563352958184046,-0.02105363997354715,0.02,0.9850332426523707,6.064472181021914e-4,0.0020389928159478743,0.01209461189019159,2.2670542338770473e-4,0.010454512729478836,0.013678820084988996,0.5022689941630447,0.9613014529934681,11,6
3,0.13849046385824723,0.1399709971483963,2.0638560611117915,23.74218146525526,10.60705177895283,1.985030644624604,5.7697845085753214e-5,0.011995139363636362,0.006194551134168019,1.51086457940087,0.9867108086669816,-2.909269379238365,-1.1523798714006714,-3.5104154884288965,1.089298768737161,-0.7563352958184046,-0.02105363997354715,0.02,0.9578217394597026,0.001405481814872774,0.006953787236160506,0.033260308388462625,5.586831008015195e-4,0.018154699110808702,0.017420515967191453,0.5022689941630447,0.967218989105459,11,6
4,0.13849046385824723,0.1399709971483963,2.0638560611117915,23.74218146525526,10.60705177895283,1.985030644624604,5.7697845085753214e-5,0.011995139363636362,0.006194551134168019,1.51086457940087,0.9867108086669816,-2.909269379238365,-1.1523798714006714,-3.5104154884288965,1.089298768737161,-0.7563352958184046,-0.02105363997354715,0.02,0.9660383384931823,8.324336545118601e-4,0.0044370767311432266,0.02819159372443714,5.005573967254935e-4,0.01740471406845208,0.0165910457220203,0.5022689941630447,0.847175986131258,11,6
5,0.13849046385824723,0.1399709971483963,2.0638560611117915,23.74218146525526,10.60705177895283,1.985030644624604,5.7697845085753214e-5,0.011995139363636362,0.006194551134168019,1.51086457940087,0.9867108086669816,-2.909269379238365,-1.1523798714006714,-3.5104154884288965,1.089298768737161,-0.7563352958184046,-0.02105363997354715,0.02,0.9862078899295736,2.496339983154908e-4,0.0013997377279623233,0.01199115029305954,1.5158805108910335e-4,0.007226094873771631,0.007217044091629136,0.5022689941630447,0.7549429141255277,11,6
6,0.13849046385824723,0.1399709971483963,2.0638560611117915,23.74218146525526,10.60705177895283,1.985030644624604,5.7697845085753214e-5,0.011995139363636362,0.006194551134168019,1.51086457940087,0.9867108086669816,-2.909269379238365,-1.1523798714006714,-3.5104154884288965,1.089298768737161,-0.7563352958184046,-0.02105363997354715,0.02,0.9928877580078481,4.7217745575541914e-4,0.0013397976756245682,0.0052629004562111305,3.7366404560786755e-5,0.006463517379162202,0.008094519563726461,0.5022689941630447,0.8862656571770137,11,6
7,0.13849046385824723,0.1399709971483963,2.0638560611117915,23.74218146525526,10.60705177895283,1.985030644624604,5.7697845085753214e-5,0.011995139363636362,0.006194551134168019,1.51086457940087,0.9867108086669816,-2.909269379238365,-1.1523798714006714,-3.5104154884288965,1.089298768737161,-0.7563352958184046,-0.02105363997354715,0.02,0.9865482447793243,6.791898081236885e-4,0.0023725036804085257,0.010334882575637859,6.517915650561016e-5,0.009661654822754115,0.011833407135926542,0.5022689941630447,0.8984796141898004,11,6
8,0.13849046385824723,0.1399709971483963,2.0638560611117915,23.74218146525526,10.60705177895283,1.985030644624604,5.7697845085753214e-5,0.011995139363636362,0.006194551134168019,1.51086457940087,0.9867108086669816,-2.909269379238365,-1.1523798714006714,-3.5104154884288965,1.089298768737161,-0.7563352958184046,-0.02105363997354715,0.02,0.9805942872091876,6.236603284743498e-4,0.0032546983181911734,0.01539728233807623,1.3007180607061105e-4,0.013933375911678259,0.011656585403784224,0.5022689941630447,0.7589446591420265,11,6
9,0.13849046385824723,0.1399709971483963,2.0638560611117915,23.74218146525526,10.60705177895283,1.985030644624604,5.7697845085753214e-5,0.011995139363636362,0.006194551134168019,1.51086457940087,0.9867108086669816,-2.909269379238365,-1.1523798714006714,-3.5104154884288965,1.089298768737161,-0.7563352958184046,-0.02105363997354715,0.02,0.9862164432627545,3.5579446827737287e-4,0.0017277997624271805,0.011606416334230395,9.354617231055798e-5,0.007202772512125035,0.010356349868942455,0.5022689941630447,0.7487538561478533,11,6
10,0.13849046385824723,0.1399709971483963,2.0638560611117915,23.74218146525526,10.60705177895283,1.985030644624604,5.7697845085753214e-5,0.011995139363636362,0.006194551134168019,1.51086457940087,0.9867108086669816,-2.909269379238365,-1.1523798714006714,-3.5104154884288965,1.089298768737161,-0.7563352958184046,-0.02105363997354715,0.02,0.9924441066925973,2.251799858293179e-4,7.574310496648807e-4,0.006535221726153144,3.8060545755402714e-5,0.0051922576509645085,0.005481114259155245,0.5022689941630447,0.703823351413128,11,6
11,0.13849046385824723,0.1399709971483963,2.0638560611117915,23.74218146525526,10.60705177895283,1.985030644624604,5.7697845085753214e-5,0.011995139363636362,0.006194551134168019,1.51086457940087,0.9867108086669816,-2.909269379238365,-1.1523798714006714,-3.5104154884288965,1.089298768737161,-0.7563352958184046,-0.02105363997354715,0.02,0.9970234316097192,1.5329020019792732e-4,4.3725659720429054e-4,0.002376852946883458,9.168645995131857e-6,0.003772454171383334,0.0037820580508930537,0.5022689941630447,0.7118495646366464,11,6
12,0.13849046385824723,0.1399709971483963,2.0638560611117915,23.74218146525526,10.60705177895283,1.985030644624604,5.7697845085753214e-5,0.011995139363636362,0.006194551134168019,1.51086457940087,0.9867108086669816,-2.909269379238365,-1.1523798714006714,-3.5104154884288965,1.089298768737161,-0.7563352958184046,-0.02105363997354715,0.02,0.9865347945893334,6.250435254288307e-4,0.002547679596547575,0.010235147852705575,5.7334435984669405e-5,0.00926605179063319,0.008661218934963235,0.5022689941630447,0.6328555348063336,11,6
13,0.13849046385824723,0.1399709971483963,2.0638560611117915,23.74218146525526,10.60705177895283,1.985030644624604,5.7697845085753214e-5,0.011995139363636362,0.006194551134168019,1.51086457940087,0.9867108086669816,-2.909269379238365,-1.1523798714006714,-3.5104154884288965,1.089298768737161,-0.7563352958184046,-0.02105363997354715,0.02,0.9979302417742463,9.963662059126606e-5,3.0334313644717466e-4,0.0016639037983659571,2.8746703492890298e-6,0.002584526542627263,0.0025668207952521493,0.5022689941630447,0.43183602301510954,11,6
1,0.13849046385824723,0.1399709971483963,2.0638560611117915,23.74218146525526,10.60705177895283,1.985030644624604,5.7697845085753214e-5,0.01199513936363636,0.00619455113416802,1.51086457940087,0.9867108086669816,-2.909269379238365,-1.1523798714006714,-3.5104154884288965,1.089298768737161,-0.7563352958184046,-0.02105363997354715,0.02,0.30182041888512834,6.207955855627253e-4,0.0049228083585139,0.6058352229018801,0.08680075426891494,0.04985305754926784,0.7153054644371083,0.5022689941630447,1,10,6
2,0.13849046385824723,0.1399709971483963,2.0638560611117915,23.74218146525526,10.60705177895283,1.985030644624604,5.7697845085753214e-5,0.011995139363636362,0.006194551134168019,1.51086457940087,0.9867108086669816,-2.909269379238365,-1.1523798714006714,-3.5104154884288965,1.089298768737161,-0.7563352958184046,-0.02105363997354715,0.02,0.9862296849991905,6.109801865646317e-4,0.002258566251836679,0.010795822594422449,1.049459679857869e-4,0.01090210752305772,0.010714077859298864,0.5022689941630447,0.9222771608876661,10,6
3,0.13849046385824723,0.1399709971483963,2.0638560611117915,23.74218146525526,10.60705177895283,1.985030644624604,5.7697845085753214e-5,0.011995139363636362,0.006194551134168019,1.51086457940087,0.9867108086669816,-2.909269379238365,-1.1523798714006714,-3.5104154884288965,1.089298768737161,-0.7563352958184046,-0.02105363997354715,0.02,0.9583529106312256,0.0013936429124442751,0.006874035093364785,0.03283307688564293,5.46334477322353e-4,0.0182638873187809,0.01858232382777572,0.5022689941630447,0.9632902386161476,10,6
4,0.13849046385824723,0.1399709971483963,2.0638560611117915,23.74218146525526,10.60705177895283,1.985030644624604,5.7697845085753214e-5,0.011995139363636362,0.006194551134168019,1.51086457940087,0.9867108086669816,-2.909269379238365,-1.1523798714006714,-3.5104154884288965,1.089298768737161,-0.7563352958184046,-0.02105363997354715,0.02,0.965931250961388,8.507873794255891e-4,0.0044447575163280165,0.0282722687344209,5.009354084375008e-4,0.014299671170515485,0.017909645642331468,0.5022689941630447,0.8338370789606038,10,6
5,0.13849046385824723,0.1399709971483963,2.0638560611117915,23.74218146525526,10.60705177895283,1.985030644624604,5.7697845085753214e-5,0.011995139363636362,0.006194551134168019,1.51086457940087,0.9867108086669816,-2.909269379238365,-1.1523798714006714,-3.5104154884288965,1.089298768737161,-0.7563352958184046,-0.02105363997354715,0.02,0.9864645791165867,3.1323828551265825e-4,0.0014164677678810498,0.011662215858712478,1.4349897130707404e-4,0.008591750016271963,0.015976790526559672,0.5022689941630447,0.7677665335580128,10,6
6,0.13849046385824723,0.1399709971483963,2.0638560611117915,23.74218146525526,10.60705177895283,1.985030644624604,5.7697845085753214e-5,0.011995139363636362,0.006194551134168019,1.51086457940087,0.9867108086669816,-2.909269379238365,-1.1523798714006714,-3.5104154884288965,1.089298768737161,-0.7563352958184046,-0.02105363997354715,0.02,0.992769019377586,4.907166003765013e-4,0.0013481906126260228,0.005352005941405381,4.006746800613358e-5,0.006381205442849826,0.007165623193264771,0.5022689941630447,0.7106244892344651,10,6
7,0.13849046385824723,0.1399709971483963,2.0638560611117915,23.74218146525526,10.60705177895283,1.985030644624604,5.7697845085753214e-5,0.011995139363636362,0.006194551134168019,1.51086457940087,0.9867108086669816,-2.909269379238365,-1.1523798714006714,-3.5104154884288965,1.089298768737161,-0.7563352958184046,-0.02105363997354715,0.02,0.9869433034636973,5.949645730402465e-4,0.0023030514832331674,0.010097949600463518,6.0730879565839924e-5,0.009029850898046025,0.006778878898394086,0.5022689941630447,0.7966655647591964,10,6
8,0.13849046385824723,0.1399709971483963,2.0638560611117915,23.74218146525526,10.60705177895283,1.985030644624604,5.7697845085753214e-5,0.011995139363636362,0.006194551134168019,1.51086457940087,0.9867108086669816,-2.909269379238365,-1.1523798714006714,-3.5104154884288965,1.089298768737161,-0.7563352958184046,-0.02105363997354715,0.02,0.9810363687633636,5.639530734187491e-4,0.0032506948209507316,0.015025444805956486,1.2353853631046175e-4,0.014113118068772551,0.009942609702313133,0.5022689941630447,0.8269306754797389,10,6
9,0.13849046385824723,0.1399709971483963,2.0638560611117915,23.74218146525526,10.60705177895283,1.985030644624604,5.7697845085753214e-5,0.011995139363636362,0.006194551134168019,1.51086457940087,0.9867108086669816,-2.909269379238365,-1.1523798714006714,-3.5104154884288965,1.089298768737161,-0.7563352958184046,-0.02105363997354715,0.02,0.9859166863518525,4.0640121044566185e-4,0.0017646466352568967,0.011815595744808291,9.66700576366422e-5,0.00801339405810492,0.007269307029333593,0.5022689941630447,0.7235639096221372,10,6
10,0.13849046385824723,0.1399709971483963,2.0638560611117915,23.74218146525526,10.60705177895283,1.985030644624604,5.7697845085753214e-5,0.011995139363636362,0.006194551134168019,1.51086457940087,0.9867108086669816,-2.909269379238365,-1.1523798714006714,-3.5104154884288965,1.089298768737161,-0.7563352958184046,-0.02105363997354715,0.02,0.9925149915211475,2.308255976333044e-4,7.426475712648724e-4,0.006474829712530579,3.670559742371612e-5,0.005523300230750452,0.005756805917501508,0.5022689941630447,0.7574927376208888,10,6
11,0.13849046385824723,0.1399709971483963,2.0638560611117915,23.74218146525526,10.60705177895283,1.985030644624604,5.7697845085753214e-5,0.011995139363636362,0.006194551134168019,1.51086457940087,0.9867108086669816,-2.909269379238365,-1.1523798714006714,-3.5104154884288965,1.089298768737161,-0.7563352958184046,-0.02105363997354715,0.02,0.9969584251151903,1.6527449746760097e-4,4.487503429053862e-4,0.0024187435902484453,8.806454188306175e-6,0.003970184413787582,0.003190449110192225,0.5022689941630447,0.5991179220793451,10,6
12,0.13849046385824723,0.1399709971483963,2.0638560611117915,23.74218146525526,10.60705177895283,1.985030644624604,5.7697845085753214e-5,0.011995139363636362,0.006194551134168019,1.51086457940087,0.9867108086669816,-2.909269379238365,-1.1523798714006714,-3.5104154884288965,1.089298768737161,-0.7563352958184046,-0.02105363997354715,0.02,0.9902800922792764,4.4167498228226814e-4,0.001795663807769172,0.0074515234298600155,3.1045500812152726e-5,0.005566269703455039,0.006704295659407403,0.5022689941630447,0.6626203742299047,10,6
13,0.13849046385824723,0.1399709971483963,2.0638560611117915,23.74218146525526,10.60705177895283,1.985030644624604,5.7697845085753214e-5,0.011995139363636362,0.006194551134168019,1.51086457940087,0.9867108086669816,-2.909269379238365,-1.1523798714006714,-3.5104154884288965,1.089298768737161,-0.7563352958184046,-0.02105363997354715,0.02,0.9981089709685113,9.469512647773708e-5,2.896445029894368e-4,0.001504486226092533,2.203175929088551e-6,0.0025254898339122384,0.004173905450176484,0.5022689941630447,0.4737147532499571,10,6
1,0.13849046385824723,0.1399709971483963,2.0638560611117915,23.74218146525526,10.60705177895283,1.985030644624604,5.7697845085753214e-5,0.01199513936363636,0.00619455113416802,1.51086457940087,0.9867108086669816,-2.909269379238365,-1.1523798714006714,-3.5104154884288965,1.089298768737161,-0.7563352958184046,-0.02105363997354715,0.02,0.30182041888512834,6.207955855627253e-4,0.0049228083585139,0.6058352229018801,0.08680075426891494,0.04985305754926784,0.7153054644371083,0.5022689941630447,1,9,6
2,0.13849046385824723,0.1399709971483963,2.0638560611117915,23.74218146525526,10.60705177895283,1.985030644624604,5.7697845085753214e-5,0.011995139363636362,0.006194551134168019,1.51086457940087,0.9867108086669816,-2.909269379238365,-1.1523798714006714,-3.5104154884288965,1.089298768737161,-0.7563352958184046,-0.02105363997354715,0.02,0.9902823597306837,4.944415478496612e-4,0.0015053574981713249,0.007663567062053779,5.427416124155155e-5,0.011068950462713502,0.009409862696698064,0.5022689941630447,0.9633505899018969,9,6
3,0.13849046385824723,0.1399709971483963,2.0638560611117915,23.74218146525526,10.60705177895283,1.985030644624604,5.7697845085753214e-5,0.011995139363636362,0.006194551134168019,1.51086457940087,0.9867108086669816,-2.909269379238365,-1.1523798714006714,-3.5104154884288965,1.089298768737161,-0.7563352958184046,-0.02105363997354715,0.02,0.9585356406580848,0.0014578642947384356,0.006872760253165717,0.032589063114887365,5.446716791236355e-4,0.018054378856877263,0.020935161455726412,0.5022689941630447,1.0082479675071856,9,6
4,0.13849046385824723,0.1399709971483963,2.0638560611117915,23.74218146525526,10.60705177895283,1.985030644624604,5.7697845085753214e-5,0.011995139363636362,0.006194551134168019,1.51086457940087,0.9867108086669816,-2.909269379238365,-1.1523798714006714,-3.5104154884288965,1.089298768737161,-0.7563352958184046,-0.02105363997354715,0.02,0.9656503697312726,8.402960078187396e-4,0.004485549400384678,0.028511046405312185,5.127384552118066e-4,0.01841722138210312,0.016825948667215287,0.5022689941630447,0.8979159624014249,9,6
5,0.13849046385824723,0.1399709971483963,2.0638560611117915,23.74218146525526,10.60705177895283,1.985030644624604,5.7697845085753214e-5,0.011995139363636362,0.006194551134168019,1.51086457940087,0.9867108086669816,-2.909269379238365,-1.1523798714006714,-3.5104154884288965,1.089298768737161,-0.7563352958184046,-0.02105363997354715,0.02,0.9863144364893794,2.8200399559233976e-4,0.0013898517223248311,0.011864978375129722,1.487294175736836e-4,0.0058305117580405765,0.0052582676107149695,0.5022689941630447,0.7900759034243037,9,6
6,0.13849046385824723,0.1399709971483963,2.0638560611117915,23.74218146525526,10.60705177895283,1.985030644624604,5.7697845085753214e-5,0.011995139363636362,0.006194551134168019,1.51086457940087,0.9867108086669816,-2.909269379238365,-1.1523798714006714,-3.5104154884288965,1.089298768737161,-0.7563352958184046,-0.02105363997354715,0.02,0.9928373276907735,4.8114027359653835e-4,0.0013482004582193385,0.0052937380743699304,3.9593503040580164e-5,0.00794802487282606,0.006404497663877673,0.5022689941630447,0.8682625895654978,9,6
7,0.13849046385824723,0.1399709971483963,2.0638560611117915,23.74218146525526,10.60705177895283,1.985030644624604,5.7697845085753214e-5,0.011995139363636362,0.006194551134168019,1.51086457940087,0.9867108086669816,-2.909269379238365,-1.1523798714006714,-3.5104154884288965,1.089298768737161,-0.7563352958184046,-0.02105363997354715,0.02,0.9866429791606272,6.417942086630977e-4,0.002344241631186281,0.010306184325866826,6.480067365668018e-5,0.009488796018759479,0.01164874881903213,0.5022689941630447,0.7603870944084763,9,6
8,0.13849046385824723,0.1399709971483963,2.0638560611117915,23.74218146525526,10.60705177895283,1.985030644624604,5.7697845085753214e-5,0.011995139363636362,0.006194551134168019,1.51086457940087,0.9867108086669816,-2.909269379238365,-1.1523798714006714,-3.5104154884288965,1.089298768737161,-0.7563352958184046,-0.02105363997354715,0.02,0.9811836891841731,5.662883494826443e-4,0.00319600918466789,0.01493335303355197,1.2066024812450156e-4,0.010823851162956684,0.012104380230428766,0.5022689941630447,0.784614341004399,9,6
9,0.13849046385824723,0.1399709971483963,2.0638560611117915,23.74218146525526,10.60705177895283,1.985030644624604,5.7697845085753214e-5,0.011995139363636362,0.006194551134168019,1.51086457940087,0.9867108086669816,-2.909269379238365,-1.1523798714006714,-3.5104154884288965,1.089298768737161,-0.7563352958184046,-0.02105363997354715,0.02,0.9860926177717354,3.6272424934562296e-4,0.001739855373097346,0.011710692634077044,9.410997174456696e-5,0.00810731148921726,0.006446659259763735,0.5022689941630447,0.7117295572849675,9,6
10,0.13849046385824723,0.1399709971483963,2.0638560611117915,23.74218146525526,10.60705177895283,1.985030644624604,5.7697845085753214e-5,0.011995139363636362,0.006194551134168019,1.51086457940087,0.9867108086669816,-2.909269379238365,-1.1523798714006714,-3.5104154884288965,1.089298768737161,-0.7563352958184046,-0.02105363997354715,0.02,0.9924788131825868,2.1772605666243384e-4,7.345370168315347e-4,0.006531957793703338,3.696595021585141e-5,0.004787381153122809,0.005141921899210101,0.5022689941630447,0.6273352795907009,9,6
11,0.13849046385824723,0.1399709971483963,2.0638560611117915,23.74218146525526,10.60705177895283,1.985030644624604,5.7697845085753214e-5,0.011995139363636362,0.006194551134168019,1.51086457940087,0.9867108086669816,-2.909269379238365,-1.1523798714006714,-3.5104154884288965,1.089298768737161,-0.7563352958184046,-0.02105363997354715,0.02,0.9971159418960223,1.3857221831132507e-4,4.1990908673845924e-4,0.002316889794263003,8.687004664845333e-6,0.0025530893528383372,0.00293692171501102,0.5022689941630447,0.7000682394272258,9,6
12,0.13849046385824723,0.1399709971483963,2.0638560611117915,23.74218146525526,10.60705177895283,1.985030644624604,5.7697845085753214e-5,0.011995139363636362,0.006194551134168019,1.51086457940087,0.9867108086669816,-2.909269379238365,-1.1523798714006714,-3.5104154884288965,1.089298768737161,-0.7563352958184046,-0.02105363997354715,0.02,0.9869546510795983,5.946164585099038e-4,0.002459359764912541,0.009937896662040271,5.3476034939049905e-5,0.00843260746504791,0.007854449611827513,0.5022689941630447,0.492707021784783,9,6
13,0.13849046385824723,0.1399709971483963,2.0638560611117915,23.74218146525526,10.60705177895283,1.985030644624604,5.7697845085753214e-5,0.011995139363636362,0.006194551134168019,1.51086457940087,0.9867108086669816,-2.909269379238365,-1.1523798714006714,-3.5104154884288965,1.089298768737161,-0.7563352958184046,-0.02105363997354715,0.02,0.998232622358654,8.757511570729635e-5,2.9793521369641775e-4,0.001380144416142737,1.7228957996503286e-6,0.0016230561633984195,0.001950380978619765,0.5022689941630447,0.4404554935119238,9,6
1,0.13849046385824723,0.1399709971483963,2.0638560611117915,23.74218146525526,10.60705177895283,1.985030644624604,5.7697845085753214e-5,0.01199513936363636,0.00619455113416802,1.51086457940087,0.9867108086669816,-2.909269379238365,-1.1523798714006714,-3.5104154884288965,1.089298768737161,-0.7563352958184046,-0.02105363997354715,0.02,0.30182041888512834,6.207955855627253e-4,0.0049228083585139,0.6058352229018801,0.08680075426891494,0.04985305754926784,0.7153054644371083,0.5022689941630447,1,8,6
2,0.13849046385824723,0.1399709971483963,2.0638560611117915,23.74218146525526,10.60705177895283,1.985030644624604,5.7697845085753214e-5,0.011995139363636362,0.006194551134168019,1.51086457940087,0.9867108086669816,-2.909269379238365,-1.1523798714006714,-3.5104154884288965,1.089298768737161,-0.7563352958184046,-0.02105363997354715,0.02,0.9837621647726632,0.0011012136156388702,0.003709413759052817,0.011334642794143016,9.256505850207773e-5,0.01448804119652309,0.014821253030478813,0.5022689941630447,1.0167002967067993,8,6
3,0.13849046385824723,0.1399709971483963,2.0638560611117915,23.74218146525526,10.60705177895283,1.985030644624604,5.7697845085753214e-5,0.011995139363636362,0.006194551134168019,1.51086457940087,0.9867108086669816,-2.909269379238365,-1.1523798714006714,-3.5104154884288965,1.089298768737161,-0.7563352958184046,-0.02105363997354715,0.02,0.9580206128686967,0.0014381165919424908,0.0069414377057602965,0.03304040621622716,5.594266173734196e-4,0.020518639349184693,0.02129918242797564,0.5022689941630447,0.9731815521342002,8,6
4,0.13849046385824723,0.1399709971483963,2.0638560611117915,23.74218146525526,10.60705177895283,1.985030644624604,5.7697845085753214e-5,0.011995139363636362,0.006194551134168019,1.51086457940087,0.9867108086669816,-2.909269379238365,-1.1523798714006714,-3.5104154884288965,1.089298768737161,-0.7563352958184046,-0.02105363997354715,0.02,0.9661021038128448,8.633815313044952e-4,0.004417345558364389,0.028119460865475926,4.977082320104507e-4,0.011782304112895513,0.01847648560736443,0.5022689941630447,0.8673279234628098,8,6
5,0.13849046385824723,0.1399709971483963,2.0638560611117915,23.74218146525526,10.60705177895283,1.985030644624604,5.7697845085753214e-5,0.011995139363636362,0.006194551134168019,1.51086457940087,0.9867108086669816,-2.909269379238365,-1.1523798714006714,-3.5104154884288965,1.089298768737161,-0.7563352958184046,-0.02105363997354715,0.02,0.9864544821429714,2.8952418424093424e-4,0.001378764139244383,0.011729461999273588,1.4776753426971477e-4,0.00760046426766305,0.015943842398455508,0.5022689941630447,0.8535721327251178,8,6
6,0.13849046385824723,0.1399709971483963,2.0638560611117915,23.74218146525526,10.60705177895283,1.985030644624604,5.7697845085753214e-5,0.011995139363636362,0.006194551134168019,1.51086457940087,0.9867108086669816,-2.909269379238365,-1.1523798714006714,-3.5104154884288965,1.089298768737161,-0.7563352958184046,-0.02105363997354715,0.02,0.9927250251066162,4.920079555252756e-4,0.0013584450751974021,0.005383917679829128,4.06041828319226e-5,0.005848970507091138,0.007223124564114035,0.5022689941630447,0.8482132170213689,8,6
7,0.13849046385824723,0.1399709971483963,2.0638560611117915,23.74218146525526,10.60705177895283,1.985030644624604,5.7697845085753214e-5,0.011995139363636362,0.006194551134168019,1.51086457940087,0.9867108086669816,-2.909269379238365,-1.1523798714006714,-3.5104154884288965,1.089298768737161,-0.7563352958184046,-0.02105363997354715,0.02,0.9868807865997502,6.411879055602719e-4,0.002328914831524639,0.010087029668554336,6.2080994610606e-5,0.01199475947243598,0.011657920205858083,0.5022689941630447,0.8679127667868923,8,6
8,0.13849046385824723,0.1399709971483963,2.0638560611117915,23.74218146525526,10.60705177895283,1.985030644624604,5.7697845085753214e-5,0.011995139363636362,0.006194551134168019,1.51086457940087,0.9867108086669816,-2.909269379238365,-1.1523798714006714,-3.5104154884288965,1.089298768737161,-0.7563352958184046,-0.02105363997354715,0.02,0.9808869741142863,5.348610948915632e-4,0.003193922041116963,0.015258603427406005,1.256393222991605e-4,0.008793203708857649,0.007437630413980741,0.5022689941630447,0.7183652437986717,8,6
9,0.13849046385824723,0.1399709971483963,2.0638560611117915,23.74218146525526,10.60705177895283,1.985030644624604,5.7697845085753214e-5,0.011995139363636362,0.006194551134168019,1.51086457940087,0.9867108086669816,-2.909269379238365,-1.1523798714006714,-3.5104154884288965,1.089298768737161,-0.7563352958184046,-0.02105363997354715,0.02,0.9860916724555419,3.5200292667060356e-4,0.0017398226328008697,0.011722128040918026,9.437394406870792e-5,0.006841546997839424,0.008199404370068147,0.5022689941630447,0.6062470633365746,8,6
10,0.13849046385824723,0.1399709971483963,2.0638560611117915,23.74218146525526,10.60705177895283,1.985030644624604,5.7697845085753214e-5,0.011995139363636362,0.006194551134168019,1.51086457940087,0.9867108086669816,-2.909269379238365,-1.1523798714006714,-3.5104154884288965,1.089298768737161,-0.7563352958184046,-0.02105363997354715,0.02,0.9926112798478777,2.0457031156541586e-4,7.358058518111905e-4,0.006412677559840552,3.566642890519639e-5,0.003696360118110309,0.004063659096236179,0.5022689941630447,0.6479180789910023,8,6
11,0.13849046385824723,0.1399709971483963,2.0638560611117915,23.74218146525526,10.60705177895283,1.985030644624604,5.7697845085753214e-5,0.011995139363636362,0.006194551134168019,1.51086457940087,0.9867108086669816,-2.909269379238365,-1.1523798714006714,-3.5104154884288965,1.089298768737161,-0.7563352958184046,-0.02105363997354715,0.02,0.9970028859309885,1.5016832920913852e-4,4.3808497526950945e-4,0.002400190895890181,8.669868642700364e-6,0.0029262305751505103,0.005124507955555911,0.5022689941630447,0.6410765718630153,8,6
12,0.13849046385824723,0.1399709971483963,2.0638560611117915,23.74218146525526,10.60705177895283,1.985030644624604,5.7697845085753214e-5,0.011995139363636362,0.006194551134168019,1.51086457940087,0.9867108086669816,-2.909269379238365,-1.1523798714006714,-3.5104154884288965,1.089298768737161,-0.7563352958184046,-0.02105363997354715,0.02,0.9888291124724002,5.082227987231189e-4,0.00207303813612864,0.008549021653035024,4.0604939712933423e-05,0.008256224047288338,0.007192862031242863,0.5022689941630447,0.4851719121031959,8,6
13,0.13849046385824723,0.1399709971483963,2.0638560611117915,23.74218146525526,10.60705177895283,1.985030644624604,5.7697845085753214e-5,0.011995139363636362,0.006194551134168019,1.51086457940087,0.9867108086669816,-2.909269379238365,-1.1523798714006714,-3.5104154884288965,1.089298768737161,-0.7563352958184046,-0.02105363997354715,0.02,0.9979150611092715,7.793399843279955e-5,2.8198493759183494e-4,0.001721848588482267,3.171366221643122e-6,0.0017165705341820484,0.0017409585187844303,0.5022689941630447,0.44418716534948194,8,6
1,0.13849046385824723,0.1399709971483963,2.0638560611117915,23.74218146525526,10.60705177895283,1.985030644624604,5.7697845085753214e-5,0.01199513936363636,0.00619455113416802,1.51086457940087,0.9867108086669816,-2.909269379238365,-1.1523798714006714,-3.5104154884288965,1.089298768737161,-0.7563352958184046,-0.02105363997354715,0.02,0.30182041888512834,6.207955855627253e-4,0.0049228083585139,0.6058352229018801,0.08680075426891494,0.04985305754926784,0.7153054644371083,0.5022689941630447,1,7,6
2,0.13849046385824723,0.1399709971483963,2.0638560611117915,23.74218146525526,10.60705177895283,1.985030644624604,5.7697845085753214e-5,0.011995139363636362,0.006194551134168019,1.51086457940087,0.9867108086669816,-2.909269379238365,-1.1523798714006714,-3.5104154884288965,1.089298768737161,-0.7563352958184046,-0.02105363997354715,0.02,0.9684342208689874,0.0018067471722579454,0.007323255198845863,0.022111077230336347,3.2469952957247855e-4,0.022711128417235344,0.022091470108604815,0.5022689941630447,0.9480758355441428,7,6
3,0.13849046385824723,0.1399709971483963,2.0638560611117915,23.74218146525526,10.60705177895283,1.985030644624604,5.7697845085753214e-5,0.011995139363636362,0.006194551134168019,1.51086457940087,0.9867108086669816,-2.909269379238365,-1.1523798714006714,-3.5104154884288965,1.089298768737161,-0.7563352958184046,-0.02105363997354715,0.02,0.9583930799523533,0.0014288167416583078,0.006900131825545186,0.03273085409027285,5.471173901703405e-4,0.020622988158072023,0.024239397390941518,0.5022689941630447,0.8794850454947629,7,6
4,0.13849046385824723,0.1399709971483963,2.0638560611117915,23.74218146525526,10.60705177895283,1.985030644624604,5.7697845085753214e-5,0.011995139363636362,0.006194551134168019,1.51086457940087,0.9867108086669816,-2.909269379238365,-1.1523798714006714,-3.5104154884288965,1.089298768737161,-0.7563352958184046,-0.02105363997354715,0.02,0.9663514908233517,8.358389853036112e-4,0.004368011812970539,0.027950046041359124,4.946123370150535e-4,0.014566862316869414,0.01824537207021948,0.5022689941630447,0.8076241312191166,7,6
5,0.13849046385824723,0.1399709971483963,2.0638560611117915,23.74218146525526,10.60705177895283,1.985030644624604,5.7697845085753214e-5,0.011995139363636362,0.006194551134168019,1.51086457940087,0.9867108086669816,-2.909269379238365,-1.1523798714006714,-3.5104154884288965,1.089298768737161,-0.7563352958184046,-0.02105363997354715,0.02,0.9863957270859306,2.761551187062565e-4,0.0013631621537608732,0.01181605168984278,1.4890395175952686e-4,0.003756220774239467,0.009376397985687797,0.5022689941630447,0.7747693178081618,7,6
6,0.13849046385824723,0.1399709971483963,2.0638560611117915,23.74218146525526,10.60705177895283,1.985030644624604,5.7697845085753214e-5,0.011995139363636362,0.006194551134168019,1.51086457940087,0.9867108086669816,-2.909269379238365,-1.1523798714006714,-3.5104154884288965,1.089298768737161,-0.7563352958184046,-0.02105363997354715,0.02,0.9927861924642908,4.68125075475118e-4,0.0013456151494451478,0.005360890345761237,3.917696502762343e-5,0.007055878147210931,0.007056678816595699,0.5022689941630447,0.7265155815199319,7,6
7,0.13849046385824723,0.1399709971483963,2.0638560611117915,23.74218146525526,10.60705177895283,1.985030644624604,5.7697845085753214e-5,0.011995139363636362,0.006194551134168019,1.51086457940087,0.9867108086669816,-2.909269379238365,-1.1523798714006714,-3.5104154884288965,1.089298768737161,-0.7563352958184046,-0.02105363997354715,0.02,0.9868202759940174,6.078714011048784e-4,0.0023086405516942006,0.010200535314291033,6.267673889251004e-5,0.009272116222257204,0.009672933698696902,0.5022689941630447,0.7654637357132047,7,6
8,0.13849046385824723,0.1399709971483963,2.0638560611117915,23.74218146525526,10.60705177895283,1.985030644624604,5.7697845085753214e-5,0.011995139363636362,0.006194551134168019,1.51086457940087,0.9867108086669816,-2.909269379238365,-1.1523798714006714,-3.5104154884288965,1.089298768737161,-0.7563352958184046,-0.02105363997354715,0.02,0.9807260502871877,5.918184251213249e-4,0.0032323702231352915,0.01532363782480809,1.261232397475376e-4,0.011965210509040125,0.011021857499459373,0.5022689941630447,0.6555303589750507,7,6
9,0.13849046385824723,0.1399709971483963,2.0638560611117915,23.74218146525526,10.60705177895283,1.985030644624604,5.7697845085753214e-5,0.011995139363636362,0.006194551134168019,1.51086457940087,0.9867108086669816,-2.909269379238365,-1.1523798714006714,-3.5104154884288965,1.089298768737161,-0.7563352958184046,-0.02105363997354715,0.02,0.9865603279698081,3.3191940211752544e-4,0.0016931368471700468,0.01132724948385108,8.736629705320662e-5,0.007765460843992095,0.007419284028173412,0.5022689941630447,0.6787422685938778,7,6
10,0.13849046385824723,0.1399709971483963,2.0638560611117915,23.74218146525526,10.60705177895283,1.985030644624604,5.7697845085753214e-5,0.011995139363636362,0.006194551134168019,1.51086457940087,0.9867108086669816,-2.909269379238365,-1.1523798714006714,-3.5104154884288965,1.089298768737161,-0.7563352958184046,-0.02105363997354715,0.02,0.9925426347420998,2.1463079596741632e-4,7.385163522779119e-4,0.006467568397865836,3.664971178905072e-5,0.0043910147642910345,0.0047612864464884625,0.5022689941630447,0.5157368848485492,7,6
11,0.13849046385824723,0.1399709971483963,2.0638560611117915,23.74218146525526,10.60705177895283,1.985030644624604,5.7697845085753214e-5,0.011995139363636362,0.006194551134168019,1.51086457940087,0.9867108086669816,-2.909269379238365,-1.1523798714006714,-3.5104154884288965,1.089298768737161,-0.7563352958184046,-0.02105363997354715,0.02,0.9971793646460025,1.2871084143376073e-4,4.112507267059855e-4,0.0022723656666887135,8.308119168993286e-6,0.002860047906947065,0.002386229697288059,0.5022689941630447,0.579170559059961,7,6
12,0.13849046385824723,0.1399709971483963,2.0638560611117915,23.74218146525526,10.60705177895283,1.985030644624604,5.7697845085753214e-5,0.011995139363636362,0.006194551134168019,1.51086457940087,0.9867108086669816,-2.909269379238365,-1.1523798714006714,-3.5104154884288965,1.089298768737161,-0.7563352958184046,-0.02105363997354715,0.02,0.99072294327967525,4.086261770854843e-4,0.0017054273533259445,0.007134420910120638,2.858227979272061e-5,0.00564117129937526,0.005508914698680712,0.5022689941630447,0.48332980933805086,7,6
13,0.13849046385824723,0.1399709971483963,2.0638560611117915,23.74218146525526,10.60705177895283,1.985030644624604,5.7697845085753214e-5,0.011995139363636362,0.006194551134168019,1.51086457940087,0.9867108086669816,-2.909269379238365,-1.1523798714006714,-3.5104154884288965,1.089298768737161,-0.7563352958184046,-0.02105363997354715,0.02,0.9980434893417169,8.657663752173386e-5,2.9592319601444075e-4,0.0015715419453027565,2.4688794441427807e-6,0.0012703899568137862,0.002313049131578545,0.5022689941630447,0.38464422766754586,7,6
1,0.13849046385824723,0.1399709971483963,2.0638560611117915,23.74218146525526,10.60705177895283,1.985030644624604,5.7697845085753214e-5,0.01199513936363636,0.00619455113416802,1.51086457940087,0.9867108086669816,-2.909269379238365,-1.1523798714006714,-3.5104154884288965,1.089298768737161,-0.7563352958184046,-0.02105363997354715,0.02,0.30182041888512834,6.207955855627253e-4,0.0049228083585139,0.6058352229018801,0.08680075426891494,0.04985305754926784,0.7153054644371083,0.5022689941630447,1,6,6
2,0.13849046385824723,0.1399709971483963,2.0638560611117915,23.74218146525526,10.60705177895283,1.985030644624604,5.7697845085753214e-5,0.011995139363636362,0.006194551134168019,1.51086457940087,0.9867108086669816,-2.909269379238365,-1.1523798714006714,-3.5104154884288965,1.089298768737161,-0.7563352958184046,-0.02105363997354715,0.02,0.9650296539761712,0.0013066434693258845,0.00599978141922384,0.027161577855831287,5.023432794477262e-4,0.019697046883458625,0.0172698182457541,0.5022689941630447,0.9651782700895891,6,6
3,0.13849046385824723,0.1399709971483963,2.0638560611117915,23.74218146525526,10.60705177895283,1.985030644624604,5.7697845085753214e-5,0.011995139363636362,0.006194551134168019,1.51086457940087,0.9867108086669816,-2.909269379238365,-1.1523798714006714,-3.5104154884288965,1.089298768737161,-0.7563352958184046,-0.02105363997354715,0.02,0.9582135775908367,0.0013958021779749768,0.006931310989641296,0.03290991663969403,5.493926018530847e-4,0.020810186663462394,0.019038638055290002,0.5022689941630447,0.8575012864077004,6,6
4,0.13849046385824723,0.1399709971483963,2.0638560611117915,23.74218146525526,10.60705177895283,1.985030644624604,5.7697845085753214e-5,0.011995139363636362,0.006194551134168019,1.51086457940087,0.9867108086669816,-2.909269379238365,-1.1523798714006714,-3.5104154884288965,1.089298768737161,-0.7563352958184046,-0.02105363997354715,0.02,0.9666244044046962,8.079792810338735e-4,0.0043657738231175315,0.02771723531831305,4.846071728393436e-4,0.01691285596430172,0.01696773566369956,0.5022689941630447,0.7456551416937403,6,6
5,0.13849046385824723,0.1399709971483963,2.0638560611117915,23.74218146525526,10.60705177895283,1.985030644624604,5.7697845085753214e-5,0.011995139363636362,0.006194551134168019,1.51086457940087,0.9867108086669816,-2.909269379238365,-1.1523798714006714,-3.5104154884288965,1.089298768737161,-0.7563352958184046,-0.02105363997354715,0.02,0.9867742828146804,2.709295912022362e-4,0.0013409211781095084,0.011468643473268878,1.452229427390833e-4,0.006440671354004874,0.008718391104176536,0.5022689941630447,0.8817708904830208,6,6
6,0.13849046385824723,0.1399709971483963,2.0638560611117915,23.74218146525526,10.60705177895283,1.985030644624604,5.7697845085753214e-5,0.011995139363636362,0.006194551134168019,1.51086457940087,0.9867108086669816,-2.909269379238365,-1.1523798714006714,-3.5104154884288965,1.089298768737161,-0.7563352958184046,-0.02105363997354715,0.02,0.9926983200882956,5.102533127521192e-4,0.0013611368311593824,0.005389935638158735,4.035412963424834e-5,0.0071945557510721195,0.007789063381425008,0.5022689941630447,0.8919339752110859,6,6
7,0.13849046385824723,0.1399709971483963,2.0638560611117915,23.74218146525526,10.60705177895283,1.985030644624604,5.7697845085753214e-5,0.011995139363636362,0.006194551134168019,1.51086457940087,0.9867108086669816,-2.909269379238365,-1.1523798714006714,-3.5104154884288965,1.089298768737161,-0.7563352958184046,-0.02105363997354715,0.02,0.9866025551892929,6.627172551139294e-4,0.0023680097756316504,0.010302113852603843,6.460392735769007e-5,0.012143046662461585,0.01090452536754011,0.5022689941630447,0.8582342180904785,6,6
8,0.13849046385824723,0.1399709971483963,2.0638560611117915,23.74218146525526,10.60705177895283,1.985030644624604,5.7697845085753214e-5,0.011995139363636362,0.006194551134168019,1.51086457940087,0.9867108086669816,-2.909269379238365,-1.1523798714006714,-3.5104154884288965,1.089298768737161,-0.7563352958184046,-0.02105363997354715,0.02,0.9807362145688516,5.784696905816103e-4,0.0032862574079148468,0.015274182500163599,1.248758324883683e-4,0.009966631197918803,0.012416228349957337,0.5022689941630447,0.7360607134882572,6,6
9,0.13849046385824723,0.1399709971483963,2.0638560611117915,23.74218146525526,10.60705177895283,1.985030644624604,5.7697845085753214e-5,0.011995139363636362,0.006194551134168019,1.51086457940087,0.9867108086669816,-2.909269379238365,-1.1523798714006714,-3.5104154884288965,1.089298768737161,-0.7563352958184046,-0.02105363997354715,0.02,0.986226287799102,3.480142027651676e-4,0.0017499618700942462,0.011583499852824553,9.223627521391885e-5,0.009650786489008818,0.009148643955773457,0.5022689941630447,0.6616004857262865,6,6
10,0.13849046385824723,0.1399709971483963,2.0638560611117915,23.74218146525526,10.60705177895283,1.985030644624604,5.7697845085753214e-5,0.011995139363636362,0.006194551134168019,1.51086457940087,0.9867108086669816,-2.909269379238365,-1.1523798714006714,-3.5104154884288965,1.089298768737161,-0.7563352958184046,-0.02105363997354715,0.02,0.9925239359923649,2.1616218863738064e-4,7.392142743020768e-4,0.006484028688753247,3.665885594238157e-5,0.005226250668509274,0.004350497444991569,0.5022689941630447,0.577897406371911,6,6
11,0.13849046385824723,0.1399709971483963,2.0638560611117915,23.74218146525526,10.60705177895283,1.985030644624604,5.7697845085753214e-5,0.011995139363636362,0.006194551134168019,1.51086457940087,0.9867108086669816,-2.909269379238365,-1.1523798714006714,-3.5104154884288965,1.089298768737161,-0.7563352958184046,-0.02105363997354715,0.02,0.9971116740954161,1.3537814819189158e-4,4.2881086630090624e-4,0.0023158453862269788,8.291503864141959e-6,0.003186701624868533,0.0036783996863390877,0.5022689941630447,0.6475683113976426,6,6
12,0.13849046385824723,0.1399709971483963,2.0638560611117915,23.74218146525526,10.60705177895283,1.985030644624604,5.7697845085753214e-5,0.011995139363636362,0.006194551134168019,1.51086457940087,0.9867108086669816,-2.909269379238365,-1.1523798714006714,-3.5104154884288965,1.089298768737161,-0.7563352958184046,-0.02105363997354715,0.02,0.9889324082044858,5.093696439816915e-4,0.002063800364541566,0.008454901411429943,3.952037556100834e-5,0.006437720094102147,0.007526740582713575,0.5022689941630447,0.34881880203952004,6,6
13,0.13849046385824723,0.1399709971483963,2.0638560611117915,23.74218146525526,10.60705177895283,1.985030644624604,5.7697845085753214e-5,0.011995139363636362,0.006194551134168019,1.51086457940087,0.9867108086669816,-2.909269379238365,-1.1523798714006714,-3.5104154884288965,1.089298768737161,-0.7563352958184046,-0.02105363997354715,0.02,0.9983461029558202,7.247408358326998e-5,2.8089223404712937e-4,0.00129911118443131,1.4195421181716928e-6,0.001598054059920129,0.0014570800824707567,0.5022689941630447,0.33728196648895786,6,6
1,0.13849046385824723,0.1399709971483963,2.0638560611117915,23.74218146525526,10.60705177895283,1.985030644624604,5.7697845085753214e-5,0.01199513936363636,0.00619455113416802,1.51086457940087,0.9867108086669816,-2.909269379238365,-1.1523798714006714,-3.5104154884288965,1.089298768737161,-0.7563352958184046,-0.02105363997354715,0.02,0.30182041888512834,6.207955855627253e-4,0.0049228083585139,0.6058352229018801,0.08680075426891494,0.04985305754926784,0.7153054644371083,0.5022689941630447,1,5,6
2,0.13849046385824723,0.1399709971483963,2.0638560611117915,23.74218146525526,10.60705177895283,1.985030644624604,5.7697845085753214e-5,0.011995139363636362,0.006194551134168019,1.51086457940087,0.9867108086669816,-2.909269379238365,-1.1523798714006714,-3.5104154884288965,1.089298768737161,-0.7563352958184046,-0.02105363997354715,0.02,0.9714422859890721,0.0010806706301697245,0.0042818406633717745,0.02278767395386292,4.075287635235236e-4,0.016979746726892404,0.015754039864988155,0.5022689941630447,0.907723097139408,5,6
3,0.13849046385824723,0.1399709971483963,2.0638560611117915,23.74218146525526,10.60705177895283,1.985030644624604,5.7697845085753214e-5,0.011995139363636362,0.006194551134168019,1.51086457940087,0.9867108086669816,-2.909269379238365,-1.1523798714006714,-3.5104154884288965,1.089298768737161,-0.7563352958184046,-0.02105363997354715,0.02,0.958369074944326,0.0013665631055658485,0.006844231652123892,0.03287363993335874,5.46490364625589e-4,0.017329192010303317,0.02128784557050603,0.5022689941630447,0.8666067309596761,5,6
4,0.13849046385824723,0.1399709971483963,2.0638560611117915,23.74218146525526,10.60705177895283,1.985030644624604,5.7697845085753214e-5,0.011995139363636362,0.006194551134168019,1.51086457940087,0.9867108086669816,-2.909269379238365,-1.1523798714006714,-3.5104154884288965,1.089298768737161,-0.7563352958184046,-0.02105363997354715,0.02,0.9666296854442508,7.892530480550767e-4,0.004387976373574627,0.027714349096437864,4.787360376816908e-4,0.012852163489694698,0.01594092191561953,0.5022689941630447,0.8744893567158628,5,6
5,0.13849046385824723,0.1399709971483963,2.0638560611117915,23.74218146525526,10.60705177895283,1.985030644624604,5.7697845085753214e-5,0.011995139363636362,0.006194551134168019,1.51086457940087,0.9867108086669816,-2.909269379238365,-1.1523798714006714,-3.5104154884288965,1.089298768737161,-0.7563352958184046,-0.02105363997354715,0.02,0.9860646112085686,2.841917030603533e-4,0.0014366586929202517,0.012058803633583953,1.5573476186692476e-4,0.003719283730628661,0.006927170198640337,0.5022689941630447,0.7511800357450453,5,6
6,0.13849046385824723,0.1399709971483963,2.0638560611117915,23.74218146525526,10.60705177895283,1.985030644624604,5.7697845085753214e-5,0.011995139363636362,0.006194551134168019,1.51086457940087,0.9867108086669816,-2.909269379238365,-1.1523798714006714,-3.5104154884288965,1.089298768737161,-0.7563352958184046,-0.02105363997354715,0.02,0.9927774208755354,4.6938310776537803e-4,0.0013343134987744963,0.005378947320074212,3.993519785066714e-5,0.008452244284976419,0.005939686298056244,0.5022689941630447,0.742671136553198,5,6
7,0.13849046385824723,0.1399709971483963,2.0638560611117915,23.74218146525526,10.60705177895283,1.985030644624604,5.7697845085753214e-5,0.011995139363636362,0.006194551134168019,1.51086457940087,0.9867108086669816,-2.909269379238365,-1.1523798714006714,-3.5104154884288965,1.089298768737161,-0.7563352958184046,-0.02105363997354715,0.02,0.9868803958553646,6.123675878085622e-4,0.0023173067568342735,0.010128319824811754,6.16099751808559e-5,0.008077067206305915,0.00931279045258966,0.5022689941630447,0.6984051494643015,5,6
8,0.13849046385824723,0.1399709971483963,2.0638560611117915,23.74218146525526,10.60705177895283,1.985030644624604,5.7697845085753214e-5,0.011995139363636362,0.006194551134168019,1.51086457940087,0.9867108086669816,-2.909269379238365,-1.1523798714006714,-3.5104154884288965,1.089298768737161,-0.7563352958184046,-0.02105363997354715,0.02,0.9813508713811,5.304631971952745e-4,0.003150082680996748,0.014849696640971093,1.1888609973694903e-4,0.007355318180485572,0.010436528012010355,0.5022689941630447,0.6656698471455224,5,6
9,0.13849046385824723,0.1399709971483963,2.0638560611117915,23.74218146525526,10.60705177895283,1.985030644624604,5.7697845085753214e-5,0.011995139363636362,0.006194551134168019,1.51086457940087,0.9867108086669816,-2.909269379238365,-1.1523798714006714,-3.5104154884288965,1.089298768737161,-0.7563352958184046,-0.02105363997354715,0.02,0.9864441049541364,3.4610268603461794e-4,0.0017012742136570662,0.011419322502687458,8.919564348451033e-5,0.006702385172954547,0.008388177657644123,0.5022689941630447,0.6626133682631022,5,6
10,0.13849046385824723,0.1399709971483963,2.0638560611117915,23.74218146525526,10.60705177895283,1.985030644624604,5.7697845085753214e-5,0.011995139363636362,0.006194551134168019,1.51086457940087,0.9867108086669816,-2.909269379238365,-1.1523798714006714,-3.5104154884288965,1.089298768737161,-0.7563352958184046,-0.02105363997354715,0.02,0.9924404278658906,2.1531156392556015e-4,7.420866475390367e-4,0.006564422142391659,3.7751780253279235e-5,0.004940867349143979,0.00651007914697644,0.5022689941630447,0.6135995084491438,5,6
11,0.13849046385824723,0.1399709971483963,2.0638560611117915,23.74218146525526,10.60705177895283,1.985030644624604,5.7697845085753214e-5,0.011995139363636362,0.006194551134168019,1.51086457940087,0.9867108086669816,-2.909269379238365,-1.1523798714006714,-3.5104154884288965,1.089298768737161,-0.7563352958184046,-0.02105363997354715,0.02,0.9970759741740176,1.3712381826079753e-4,4.2574997433165003e-4,0.0023531153154800004,8.036717909949295e-6,0.002450327861319453,0.002969040763860802,0.5022689941630447,0.5790645301799783,5,6
12,0.13849046385824723,0.1399709971483963,2.0638560611117915,23.74218146525526,10.60705177895283,1.985030644624604,5.7697845085753214e-5,0.011995139363636362,0.006194551134168019,1.51086457940087,0.9867108086669816,-2.909269379238365,-1.1523798714006714,-3.5104154884288965,1.089298768737161,-0.7563352958184046,-0.02105363997354715,0.02,0.9907263922121466,4.0725424944634234e-4,0.0016994110217963198,0.007138482569085995,2.8459947524808916e-5,0.005360821694498487,0.006167679498432169,0.5022689941630447,0.362871143523741,5,6
13,0.13849046385824723,0.1399709971483963,2.0638560611117915,23.74218146525526,10.60705177895283,1.985030644624604,5.7697845085753214e-5,0.011995139363636362,0.006194551134168019,1.51086457940087,0.9867108086669816,-2.909269379238365,-1.1523798714006714,-3.5104154884288965,1.089298768737161,-0.7563352958184046,-0.02105363997354715,0.02,0.998242378440478,6.88605752427121e-5,2.8745573271160845e-4,0.0013995784599797898,1.726791587835501e-6,0.0013070618532244566,0.0018609262846046276,0.5022689941630447,0.28295537913961244,5,6
1,0.13849046385824723,0.1399709971483963,2.0638560611117915,23.74218146525526,10.60705177895283,1.985030644624604,5.7697845085753214e-5,0.01199513936363636,0.00619455113416802,1.51086457940087,0.9867108086669816,-2.909269379238365,-1.1523798714006714,-3.5104154884288965,1.089298768737161,-0.7563352958184046,-0.02105363997354715,0.02,0.30182041888512834,6.207955855627253e-4,0.0049228083585139,0.6058352229018801,0.08680075426891494,0.04985305754926784,0.7153054644371083,0.5022689941630447,1,4,6
2,0.13849046385824723,0.1399709971483963,2.0638560611117915,23.74218146525526,10.60705177895283,1.985030644624604,5.7697845085753214e-5,0.011995139363636362,0.006194551134168019,1.51086457940087,0.9867108086669816,-2.909269379238365,-1.1523798714006714,-3.5104154884288965,1.089298768737161,-0.7563352958184046,-0.02105363997354715,0.02,0.9727022785412283,9.731921288943207e-4,0.004221963682859779,0.021787057501877906,3.1550814513975193e-4,0.01599256520034428,0.01638346876377221,0.5022689941630447,0.8954407068148801,4,6
3,0.13849046385824723,0.1399709971483963,2.0638560611117915,23.74218146525526,10.60705177895283,1.985030644624604,5.7697845085753214e-5,0.011995139363636362,0.006194551134168019,1.51086457940087,0.9867108086669816,-2.909269379238365,-1.1523798714006714,-3.5104154884288965,1.089298768737161,-0.7563352958184046,-0.02105363997354715,0.02,0.9581599833431025,0.001361355150524983,0.006919179950847614,0.03300544516097644,5.540363945484879e-4,0.019592286053021355,0.016950125131502968,0.5022689941630447,0.9030643369635571,4,6
4,0.13849046385824723,0.1399709971483963,2.0638560611117915,23.74218146525526,10.60705177895283,1.985030644624604,5.7697845085753214e-5,0.011995139363636362,0.006194551134168019,1.51086457940087,0.9867108086669816,-2.909269379238365,-1.1523798714006714,-3.5104154884288965,1.089298768737161,-0.7563352958184046,-0.02105363997354715,0.02,0.9662899903401723,8.146148085846819e-4,0.004406775739712585,0.027996525623923824,4.920934876066897e-4,0.014913421358163212,0.019400585435879265,0.5022689941630447,0.8382605818719588,4,6
5,0.13849046385824723,0.1399709971483963,2.0638560611117915,23.74218146525526,10.60705177895283,1.985030644624604,5.7697845085753214e-5,0.011995139363636362,0.006194551134168019,1.51086457940087,0.9867108086669816,-2.909269379238365,-1.1523798714006714,-3.5104154884288965,1.089298768737161,-0.7563352958184046,-0.02105363997354715,0.02,0.986495628665429,2.543918528063713e-4,0.0013872407296326127,0.011713343401718472,1.4939535041352998e-4,0.024090751379020687,0.0021764181574899207,0.5022689941630447,0.7398700827748478,4,6
6,0.13849046385824723,0.1399709971483963,2.0638560611117915,23.74218146525526,10.60705177895283,1.985030644624604,5.7697845085753214e-5,0.011995139363636362,0.006194551134168019,1.51086457940087,0.9867108086669816,-2.909269379238365,-1.1523798714006714,-3.5104154884288965,1.089298768737161,-0.7563352958184046,-0.02105363997354715,0.02,0.992918893743649,4.698463402292856e-4,0.0013286939787162562,0.005245426809779802,3.71391276257464e-5,0.006605380290252894,0.0072743717494403535,0.5022689941630447,0.8308297367781926,4,6
7,0.13849046385824723,0.1399709971483963,2.0638560611117915,23.74218146525526,10.60705177895283,1.985030644624604,5.7697845085753214e-5,0.011995139363636362,0.006194551134168019,1.51086457940087,0.9867108086669816,-2.909269379238365,-1.1523798714006714,-3.5104154884288965,1.089298768737161,-0.7563352958184046,-0.02105363997354715,0.02,0.9867174032992859,6.541870084847218e-4,0.0023395185824885475,0.010225746232876151,6.314487686457032e-5,0.009678196252212423,0.008759869642518629,0.5022689941630447,0.7273701541419896,4,6
8,0.13849046385824723,0.1399709971483963,2.0638560611117915,23.74218146525526,10.60705177895283,1.985030644624604,5.7697845085753214e-5,0.011995139363636362,0.006194551134168019,1.51086457940087,0.9867108086669816,-2.909269379238365,-1.1523798714006714,-3.5104154884288965,1.089298768737161,-0.7563352958184046,-0.02105363997354715,0.02,0.9809161587420967,5.402677599210702e-4,0.0032073140646281416,0.01521159183119379,1.246676021602449e-4,0.014747371741204485,0.00852700415116072,0.5022689941630447,0.5896658372091932,4,6
9,0.13849046385824723,0.1399709971483963,2.0638560611117915,23.74218146525526,10.60705177895283,1.985030644624604,5.7697845085753214e-5,0.011995139363636362,0.006194551134168019,1.51086457940087,0.9867108086669816,-2.909269379238365,-1.1523798714006714,-3.5104154884288965,1.089298768737161,-0.7563352958184046,-0.02105363997354715,0.02,0.986396080993628,3.2341439279261924e-4,0.0017008702882409664,0.011487928609274322,9.170571606416093e-5,0.0051558989899879535,0.006868910770161966,0.5022689941630447,0.7243534425246274,4,6
10,0.13849046385824723,0.1399709971483963,2.0638560611117915,23.74218146525526,10.60705177895283,1.985030644624604,5.7697845085753214e-5,0.011995139363636362,0.006194551134168019,1.51086457940087,0.9867108086669816,-2.909269379238365,-1.1523798714006714,-3.5104154884288965,1.089298768737161,-0.7563352958184046,-0.02105363997354715,0.02,0.99274191464041,2.146931648200225e-4,7.263609860912761e-4,0.006281519767754945,3.551144092389432e-5,0.004592481906160504,0.005356199844662853,0.5022689941630447,0.6681940342177578,4,6
11,0.13849046385824723,0.1399709971483963,2.0638560611117915,23.74218146525526,10.60705177895283,1.985030644624604,5.7697845085753214e-5,0.011995139363636362,0.006194551134168019,1.51086457940087,0.9867108086669816,-2.909269379238365,-1.1523798714006714,-3.5104154884288965,1.089298768737161,-0.7563352958184046,-0.02105363997354715,0.02,0.9970326597170381,1.4444743806458558e-4,4.278576434662749e-4,0.002386427576856065,8.607624574935693e-6,0.0036200965917414156,0.004891535770555245,0.5022689941630447,0.5555911806038933,4,6
12,0.13849046385824723,0.1399709971483963,2.0638560611117915,23.74218146525526,10.60705177895283,1.985030644624604,5.7697845085753214e-5,0.011995139363636362,0.006194551134168019,1.51086457940087,0.9867108086669816,-2.909269379238365,-1.1523798714006714,-3.5104154884288965,1.089298768737161,-0.7563352958184046,-0.02105363997354715,0.02,0.9916777807814394,3.8284979801956877e-4,0.0015367375365383403,0.006379494821398399,2.313706260424713e-5,0.005022704335368639,0.005462611517878914,0.5022689941630447,0.34252659311050093,4,6
13,0.13849046385824723,0.1399709971483963,2.0638560611117915,23.74218146525526,10.60705177895283,1.985030644624604,5.7697845085753214e-5,0.011995139363636362,0.006194551134168019,1.51086457940087,0.9867108086669816,-2.909269379238365,-1.1523798714006714,-3.5104154884288965,1.089298768737161,-0.7563352958184046,-0.02105363997354715,0.02,0.9983820069364544,6.670353281854307e-5,2.745532587837896e-4,0.0012753738734583788,1.3623984849432138e-6,0.0011728849087123824,0.0016636423120235822,0.5022689941630447,0.24399509462331112,4,6
1,0.13849046385824723,0.1399709971483963,2.0638560611117915,23.74218146525526,10.60705177895283,1.985030644624604,5.7697845085753214e-5,0.01199513936363636,0.00619455113416802,1.51086457940087,0.9867108086669816,-2.909269379238365,-1.1523798714006714,-3.5104154884288965,1.089298768737161,-0.7563352958184046,-0.02105363997354715,0.02,0.30182041888512834,6.207955855627253e-4,0.0049228083585139,0.6058352229018801,0.08680075426891494,0.04985305754926784,0.7153054644371083,0.5022689941630447,1,3,6
2,0.13849046385824723,0.1399709971483963,2.0638560611117915,23.74218146525526,10.60705177895283,1.985030644624604,5.7697845085753214e-5,0.011995139363636362,0.006194551134168019,1.51086457940087,0.9867108086669816,-2.909269379238365,-1.1523798714006714,-3.5104154884288965,1.089298768737161,-0.7563352958184046,-0.02105363997354715,0.02,0.9816967279226321,4.944756785457493e-4,0.0022882184121890276,0.01534497190437276,1.7560608226032033e-4,0.019119101502300916,0.011744721671253922,0.5022689941630447,0.9195931871063618,3,6
3,0.13849046385824723,0.1399709971483963,2.0638560611117915,23.74218146525526,10.60705177895283,1.985030644624604,5.7697845085753214e-5,0.011995139363636362,0.006194551134168019,1.51086457940087,0.9867108086669816,-2.909269379238365,-1.1523798714006714,-3.5104154884288965,1.089298768737161,-0.7563352958184046,-0.02105363997354715,0.02,0.9581988898482707,0.0013679327964781992,0.006873100105030358,0.0330087728648814,5.513043853393509e-4,0.01993502029399333,0.020297812172692078,0.5022689941630447,0.884598134956374,3,6
4,0.13849046385824723,0.1399709971483963,2.0638560611117915,23.74218146525526,10.60705177895283,1.985030644624604,5.7697845085753214e-5,0.011995139363636362,0.006194551134168019,1.51086457940087,0.9867108086669816,-2.909269379238365,-1.1523798714006714,-3.5104154884288965,1.089298768737161,-0.7563352958184046,-0.02105363997354715,0.02,0.9662175448205415,8.338826868712012e-4,0.00438094685544198,0.0280634775496925,5.041480874528818e-4,0.011849130452760018,0.013703871745406297,0.5022689941630447,0.9187210293909381,3,6
5,0.13849046385824723,0.1399709971483963,2.0638560611117915,23.74218146525526,10.60705177895283,1.985030644624604,5.7697845085753214e-5,0.011995139363636362,0.006194551134168019,1.51086457940087,0.9867108086669816,-2.909269379238365,-1.1523798714006714,-3.5104154884288965,1.089298768737161,-0.7563352958184046,-0.02105363997354715,0.02,0.985975985592059,3.396049792164558e-4,0.0014779728803044285,0.012050550683572392,1.5588586484768842e-4,0.036847644665828086,0.006691111650385757,0.5022689941630447,0.6744604186832811,3,6
6,0.13849046385824723,0.1399709971483963,2.0638560611117915,23.74218146525526,10.60705177895283,1.985030644624604,5.7697845085753214e-5,0.011995139363636362,0.006194551134168019,1.51086457940087,0.9867108086669816,-2.909269379238365,-1.1523798714006714,-3.5104154884288965,1.089298768737161,-0.7563352958184046,-0.02105363997354715,0.02,0.9928602428204563,4.538286509473116e-4,0.00133027394599381,0.0053197037738106755,3.595080879201476e-5,0.006707719005335046,0.006125321285095174,0.5022689941630447,0.7174475406110385,3,6
7,0.13849046385824723,0.1399709971483963,2.0638560611117915,23.74218146525526,10.60705177895283,1.985030644624604,5.7697845085753214e-5,0.011995139363636362,0.006194551134168019,1.51086457940087,0.9867108086669816,-2.909269379238365,-1.1523798714006714,-3.5104154884288965,1.089298768737161,-0.7563352958184046,-0.02105363997354715,0.02,0.9868784671527956,6.097724970231262e-4,0.002298237520988017,0.010153228318986046,6.0294510207330475e-5,0.007503490607875076,0.00786067131633169,0.5022689941630447,0.6600329810965143,3,6
8,0.13849046385824723,0.1399709971483963,2.0638560611117915,23.74218146525526,10.60705177895283,1.985030644624604,5.7697845085753214e-5,0.011995139363636362,0.006194551134168019,1.51086457940087,0.9867108086669816,-2.909269379238365,-1.1523798714006714,-3.5104154884288965,1.089298768737161,-0.7563352958184046,-0.02105363997354715,0.02,0.9808268575182593,5.199132491763517e-4,0.003191166921837839,0.015335674648698195,1.2638766202840396e-4,0.006899393235472245,0.009464651855652146,0.5022689941630447,0.7389089379120949,3,6
9,0.13849046385824723,0.1399709971483963,2.0638560611117915,23.74218146525526,10.60705177895283,1.985030644624604,5.7697845085753214e-5,0.011995139363636362,0.006194551134168019,1.51086457940087,0.9867108086669816,-2.909269379238365,-1.1523798714006714,-3.5104154884288965,1.089298768737161,-0.7563352958184046,-0.02105363997354715,0.02,0.9863948782531601,3.557676161384923e-4,0.001711861586418765,0.0114458613208503,9.163122343230192e-5,0.008735347492871743,0.007188720705641883,0.5022689941630447,0.6216193887861061,3,6
10,0.13849046385824723,0.1399709971483963,2.0638560611117915,23.74218146525526,10.60705177895283,1.985030644624604,5.7697845085753214e-5,0.011995139363636362,0.006194551134168019,1.51086457940087,0.9867108086669816,-2.909269379238365,-1.1523798714006714,-3.5104154884288965,1.089298768737161,-0.7563352958184046,-0.02105363997354715,0.02,0.9925145673373533,2.001047810147707e-4,7.354825110529547e-4,0.006512779056669032,3.70663139100023e-5,0.004437054209917494,0.004354575377519864,0.5022689941630447,0.5962857327628326,3,6
11,0.13849046385824723,0.1399709971483963,2.0638560611117915,23.74218146525526,10.60705177895283,1.985030644624604,5.7697845085753214e-5,0.011995139363636362,0.006194551134168019,1.51086457940087,0.9867108086669816,-2.909269379238365,-1.1523798714006714,-3.5104154884288965,1.089298768737161,-0.7563352958184046,-0.02105363997354715,0.02,0.9971359690758833,1.410864254104452e-4,4.208953303029333e-4,0.0022943839747687662,7.665193634484927e-6,0.003313929898166771,0.003610517927635519,0.5022689941630447,0.562103236060806,3,6
12,0.13849046385824723,0.1399709971483963,2.0638560611117915,23.74218146525526,10.60705177895283,1.985030644624604,5.7697845085753214e-5,0.011995139363636362,0.006194551134168019,1.51086457940087,0.9867108086669816,-2.909269379238365,-1.1523798714006714,-3.5104154884288965,1.089298768737161,-0.7563352958184046,-0.02105363997354715,0.02,0.9914939838945961,3.9225560002519976e-4,0.0015728404339802827,0.006517263062824725,2.3657008573675533e-5,0.005907103519406451,0.005471435367457401,0.5022689941630447,0.23828447109674333,3,6
13,0.13849046385824723,0.1399709971483963,2.0638560611117915,23.74218146525526,10.60705177895283,1.985030644624604,5.7697845085753214e-5,0.011995139363636362,0.006194551134168019,1.51086457940087,0.9867108086669816,-2.909269379238365,-1.1523798714006714,-3.5104154884288965,1.089298768737161,-0.7563352958184046,-0.02105363997354715,0.02,0.9985208704326539,5.3321490812980834e-5,2.531318281186549e-4,0.001171624131599796,1.0521168146339718e-6,0.0010224985494840817,9.086691651268373e-4,0.5022689941630447,0.21169890141037034,3,6
1,0.13849046385824723,0.1399709971483963,2.0638560611117915,23.74218146525526,10.60705177895283,1.985030644624604,5.7697845085753214e-5,0.01199513936363636,0.00619455113416802,1.51086457940087,0.9867108086669816,-2.909269379238365,-1.1523798714006714,-3.5104154884288965,1.089298768737161,-0.7563352958184046,-0.02105363997354715,0.02,0.30182041888512834,6.207955855627253e-4,0.0049228083585139,0.6058352229018801,0.08680075426891494,0.04985305754926784,0.7153054644371083,0.5022689941630447,1,2,6
2,0.13849046385824723,0.1399709971483963,2.0638560611117915,23.74218146525526,10.60705177895283,1.985030644624604,5.7697845085753214e-5,0.011995139363636362,0.006194551134168019,1.51086457940087,0.9867108086669816,-2.909269379238365,-1.1523798714006714,-3.5104154884288965,1.089298768737161,-0.7563352958184046,-0.02105363997354715,0.02,0.9863858348175187,7.497988828154363e-4,0.0026707218478105163,0.010099024271644372,9.462018021105009e-5,0.012396197439334403,0.014440822390123419,0.5022689941630447,0.9618946966589466,2,6
3,0.13849046385824723,0.1399709971483963,2.0638560611117915,23.74218146525526,10.60705177895283,1.985030644624604,5.7697845085753214e-5,0.011995139363636362,0.006194551134168019,1.51086457940087,0.9867108086669816,-2.909269379238365,-1.1523798714006714,-3.5104154884288965,1.089298768737161,-0.7563352958184046,-0.02105363997354715,0.02,0.9580215224452204,0.0013963523109660528,0.006918844365712459,0.03310972385671661,5.535570213845405e-4,0.016743567874326452,0.0201203750940562,0.5022689941630447,0.8838497000817783,2,6
4,0.13849046385824723,0.1399709971483963,2.0638560611117915,23.74218146525526,10.60705177895283,1.985030644624604,5.7697845085753214e-5,0.011995139363636362,0.006194551134168019,1.51086457940087,0.9867108086669816,-2.909269379238365,-1.1523798714006714,-3.5104154884288965,1.089298768737161,-0.7563352958184046,-0.02105363997354715,0.02,0.9657308130574761,8.311931142386e-4,0.004431977937258029,0.028471401758312958,5.346141327142853e-4,0.014116596756747386,0.01597616574364075,0.5022689941630447,0.7650855526796988,2,6
5,0.13849046385824723,0.1399709971483963,2.0638560611117915,23.74218146525526,10.60705177895283,1.985030644624604,5.7697845085753214e-5,0.011995139363636362,0.006194551134168019,1.51086457940087,0.9867108086669816,-2.909269379238365,-1.1523798714006714,-3.5104154884288965,1.089298768737161,-0.7563352958184046,-0.02105363997354715,0.02,0.9868012317688476,3.2821150276544784e-4,0.0014275779894062683,0.011307933436572841,1.3504530240778363e-4,0.006947341523746201,0.007730244850401174,0.5022689941630447,0.5471719261990692,2,6
6,0.13849046385824723,0.1399709971483963,2.0638560611117915,23.74218146525526,10.60705177895283,1.985030644624604,5.7697845085753214e-5,0.011995139363636362,0.006194551134168019,1.51086457940087,0.9867108086669816,-2.909269379238365,-1.1523798714006714,-3.5104154884288965,1.089298768737161,-0.7563352958184046,-0.02105363997354715,0.02,0.9933771196165082,3.9373968063703165e-4,0.0012759559148482966,0.0049274945728974085,2.5690215109106823e-5,0.0040633102355307265,0.004725734872999641,0.5022689941630447,0.7325571554386632,2,6
7,0.13849046385824723,0.1399709971483963,2.0638560611117915,23.74218146525526,10.60705177895283,1.985030644624604,5.7697845085753214e-5,0.011995139363636362,0.006194551134168019,1.51086457940087,0.9867108086669816,-2.909269379238365,-1.1523798714006714,-3.5104154884288965,1.089298768737161,-0.7563352958184046,-0.02105363997354715,0.02,0.9870619571850043,6.181698728939971e-4,0.0023186573408061385,0.009944418058269018,5.67975430264767e-5,0.009707613531583874,0.010149920794483515,0.5022689941630447,0.8538837253960868,2,6
8,0.13849046385824723,0.1399709971483963,2.0638560611117915,23.74218146525526,10.60705177895283,1.985030644624604,5.7697845085753214e-5,0.011995139363636362,0.006194551134168019,1.51086457940087,0.9867108086669816,-2.909269379238365,-1.1523798714006714,-3.5104154884288965,1.089298768737161,-0.7563352958184046,-0.02105363997354715,0.02,0.9808961290685115,5.581053584156917e-4,0.0032376140621232243,0.0151820137162674,1.2613779468218365e-4,0.01351630206614618,0.006248767531245916,0.5022689941630447,0.6631508320888628,2,6
9,0.13849046385824723,0.1399709971483963,2.0638560611117915,23.74218146525526,10.60705177895283,1.985030644624604,5.7697845085753214e-5,0.011995139363636362,0.006194551134168019,1.51086457940087,0.9867108086669816,-2.909269379238365,-1.1523798714006714,-3.5104154884288965,1.089298768737161,-0.7563352958184046,-0.02105363997354715,0.02,0.986138440624749,3.397804191973781e-4,0.0017197135384102522,0.01170469756638743,9.736785125596245e-5,0.0076030456678026805,0.0064110694698486905,0.5022689941630447,0.6034112668366554,2,6
10,0.13849046385824723,0.1399709971483963,2.0638560611117915,23.74218146525526,10.60705177895283,1.985030644624604,5.7697845085753214e-5,0.011995139363636362,0.006194551134168019,1.51086457940087,0.9867108086669816,-2.909269379238365,-1.1523798714006714,-3.5104154884288965,1.089298768737161,-0.7563352958184046,-0.02105363997354715,0.02,0.9927957275633519,2.0344286868568368e-4,7.152001182310719e-4,0.006252487217806251,3.3142231925149945e-5,0.0038624162681529816,0.004435372069980198,0.5022689941630447,0.5166379755055525,2,6
11,0.13849046385824723,0.1399709971483963,2.0638560611117915,23.74218146525526,10.60705177895283,1.985030644624604,5.7697845085753214e-5,0.011995139363636362,0.006194551134168019,1.51086457940087,0.9867108086669816,-2.909269379238365,-1.1523798714006714,-3.5104154884288965,1.089298768737161,-0.7563352958184046,-0.02105363997354715,0.02,0.9971358035869771,1.2842295209956206e-4,4.239202619304541e-4,0.002305356066662292,6.497132330564753e-6,0.002633346779538921,0.0024054829735375397,0.5022689941630447,0.3936041633395455,2,6
12,0.13849046385824723,0.1399709971483963,2.0638560611117915,23.74218146525526,10.60705177895283,1.985030644624604,5.7697845085753214e-5,0.011995139363636362,0.006194551134168019,1.51086457940087,0.9867108086669816,-2.909269379238365,-1.1523798714006714,-3.5104154884288965,1.089298768737161,-0.7563352958184046,-0.02105363997354715,0.02,0.9954863511487678,1.948852450307523e-4,7.983326332403596e-4,0.0035130972113004487,7.33376166065367e-6,0.002936297252999958,0.0029965294033195795,0.5022689941630447,0.185618107968465,2,6
13,0.13849046385824723,0.1399709971483963,2.0638560611117915,23.74218146525526,10.60705177895283,1.985030644624604,5.7697845085753214e-5,0.011995139363636362,0.006194551134168019,1.51086457940087,0.9867108086669816,-2.909269379238365,-1.1523798714006714,-3.5104154884288965,1.089298768737161,-0.7563352958184046,-0.02105363997354715,0.02,0.9985874720746448,4.689548890731769e-5,2.3786999798170418e-4,0.00112678972553854,9.727129276242773e-7,7.142816691785963e-4,6.757194343708111e-4,0.5022689941630447,0.21975844050373577,2,6
1,0.13849046385824723,0.1399709971483963,2.0638560611117915,23.74218146525526,10.60705177895283,1.985030644624604,5.7697845085753214e-5,0.01199513936363636,0.00619455113416802,1.51086457940087,0.9867108086669816,-2.909269379238365,-1.1523798714006714,-3.5104154884288965,1.089298768737161,-0.7563352958184046,-0.02105363997354715,0.02,0.30182041888512834,6.207955855627253e-4,0.0049228083585139,0.6058352229018801,0.08680075426891494,0.04985305754926784,0.7153054644371083,0.5022689941630447,1,14,7
2,0.13849046385824723,0.1399709971483963,2.0638560611117915,23.74218146525526,10.60705177895283,1.985030644624604,5.7697845085753214e-5,0.011995139363636362,0.006194551134168019,1.51086457940087,0.9867108086669816,-2.909269379238365,-1.1523798714006714,-3.5104154884288965,1.089298768737161,-0.7563352958184046,-0.02105363997354715,0.02,0.8335251591860005,0.003194133801171058,0.013744239950267894,0.1284710869145026,0.021065380148058005,0.044131902590657295,0.04940556561254622,0.5022689941630447,0.9804297042425051,14,7
3,0.13849046385824723,0.1399709971483963,2.0638560611117915,23.74218146525526,10.60705177895283,1.985030644624604,5.7697845085753214e-5,0.011995139363636362,0.006194551134168019,1.51086457940087,0.9867108086669816,-2.909269379238365,-1.1523798714006714,-3.5104154884288965,1.089298768737161,-0.7563352958184046,-0.02105363997354715,0.02,0.9576625062330394,0.0014415511613949722,0.006974348455737084,0.033356889251045144,5.64704898783322e-4,0.021191615992566065,0.019404438392685054,0.5022689941630447,1.0359508252464635,14,7
4,0.13849046385824723,0.1399709971483963,2.0638560611117915,23.74218146525526,10.60705177895283,1.985030644624604,5.7697845085753214e-5,0.011995139363636362,0.006194551134168019,1.51086457940087,0.9867108086669816,-2.909269379238365,-1.1523798714006714,-3.5104154884288965,1.089298768737161,-0.7563352958184046,-0.02105363997354715,0.02,0.9657931050755024,9.042447459687501e-4,0.004465581371681997,0.02832737564060393,5.096931662429062e-4,0.016899884154137478,0.01760229035214802,0.5022689941630447,0.9380354234166376,14,7
5,0.13849046385824723,0.1399709971483963,2.0638560611117915,23.74218146525526,10.60705177895283,1.985030644624604,5.7697845085753214e-5,0.011995139363636362,0.006194551134168019,1.51086457940087,0.9867108086669816,-2.909269379238365,-1.1523798714006714,-3.5104154884288965,1.089298768737161,-0.7563352958184046,-0.02105363997354715,0.02,0.9864960097096227,2.6441756934822186e-4,0.0014162981586161852,0.011676593130888412,1.4668143152452004e-4,0.009902368636968842,0.03065203595936284,0.5022689941630447,0.8455536775597773,14,7
6,0.13849046385824723,0.1399709971483963,2.0638560611117915,23.74218146525526,10.60705177895283,1.985030644624604,5.7697845085753214e-5,0.011995139363636362,0.006194551134168019,1.51086457940087,0.9867108086669816,-2.909269379238365,-1.1523798714006714,-3.5104154884288965,1.089298768737161,-0.7563352958184046,-0.02105363997354715,0.02,0.992723586657055,4.980872507053118e-4,0.0013674869706306382,0.00537013707876918,4.070204283997261e-5,0.008801987339125331,0.007725741264802916,0.5022689941630447,0.8998769156157607,14,7
7,0.13849046385824723,0.1399709971483963,2.0638560611117915,23.74218146525526,10.60705177895283,1.985030644624604,5.7697845085753214e-5,0.011995139363636362,0.006194551134168019,1.51086457940087,0.9867108086669816,-2.909269379238365,-1.1523798714006714,-3.5104154884288965,1.089298768737161,-0.7563352958184046,-0.02105363997354715,0.02,0.9866578187444038,6.627423573582226e-4,0.0023586541932393112,0.010255734949773297,6.504975522536168e-5,0.013256992071890891,0.011261521440627026,0.5022689941630447,0.8526021630156388,14,7
8,0.13849046385824723,0.1399709971483963,2.0638560611117915,23.74218146525526,10.60705177895283,1.985030644624604,5.7697845085753214e-5,0.011995139363636362,0.006194551134168019,1.51086457940087,0.9867108086669816,-2.909269379238365,-1.1523798714006714,-3.5104154884288965,1.089298768737161,-0.7563352958184046,-0.02105363997354715,0.02,0.9810617159132816,5.890526426392277e-4,0.0032350446488364558,0.014992699043903657,1.2148775133903981e-4,0.008001685237631454,0.008926143291915526,0.5022689941630447,0.7771937028639032,14,7
9,0.13849046385824723,0.1399709971483963,2.0638560611117915,23.74218146525526,10.60705177895283,1.985030644624604,5.7697845085753214e-5,0.011995139363636362,0.006194551134168019,1.51086457940087,0.9867108086669816,-2.909269379238365,-1.1523798714006714,-3.5104154884288965,1.089298768737161,-0.7563352958184046,-0.02105363997354715,0.02,0.9861082400902066,3.6013175210388625e-4,0.0017421647547591643,0.011693018475225954,9.644492770432634e-5,0.009465008328629001,0.008423766393879381,0.5022689941630447,0.7551494493004715,14,7
10,0.13849046385824723,0.1399709971483963,2.0638560611117915,23.74218146525526,10.60705177895283,1.985030644624604,5.7697845085753214e-5,0.011995139363636362,0.006194551134168019,1.51086457940087,0.9867108086669816,-2.909269379238365,-1.1523798714006714,-3.5104154884288965,1.089298768737161,-0.7563352958184046,-0.02105363997354715,0.02,0.9927343615622652,2.306864716557605e-4,7.484573635093682e-4,0.006251383662811343,3.511093975835445e-5,0.005066165108210784,0.005009425239128857,0.5022689941630447,0.748237948750335,14,7
11,0.13849046385824723,0.1399709971483963,2.0638560611117915,23.74218146525526,10.60705177895283,1.985030644624604,5.7697845085753214e-5,0.011995139363636362,0.006194551134168019,1.51086457940087,0.9867108086669816,-2.909269379238365,-1.1523798714006714,-3.5104154884288965,1.089298768737161,-0.7563352958184046,-0.02105363997354715,0.02,0.99694375760144,1.5232032108783124e-4,4.3426589412458695e-4,0.0024600443747692267,9.611808578339604e-6,0.003212543552610835,0.004226858133688998,0.5022689941630447,0.6074843910723314,14,7
12,0.13849046385824723,0.1399709971483963,2.0638560611117915,23.74218146525526,10.60705177895283,1.985030644624604,5.7697845085753214e-5,0.011995139363636362,0.006194551134168019,1.51086457940087,0.9867108086669816,-2.909269379238365,-1.1523798714006714,-3.5104154884288965,1.089298768737161,-0.7563352958184046,-0.02105363997354715,0.02,0.9899918148784126,4.5147880731841747e-4,0.0018505841980642186,0.0076729991229821225,3.31229932227005e-5,0.005694582654447784,0.006064322790875825,0.5022689941630447,0.6494810342681124,14,7
13,0.13849046385824723,0.1399709971483963,2.0638560611117915,23.74218146525526,10.60705177895283,1.985030644624604,5.7697845085753214e-5,0.011995139363636362,0.006194551134168019,1.51086457940087,0.9867108086669816,-2.909269379238365,-1.1523798714006714,-3.5104154884288965,1.089298768737161,-0.7563352958184046,-0.02105363997354715,0.02,0.9978414069631784,9.300861725898294e-5,3.0333797054391546e-4,0.0017587833714253155,3.4630775933608257e-6,0.002442393897637932,0.0014255790460123746,0.5022689941630447,0.6415012563941755,14,7
1,0.13849046385824723,0.1399709971483963,2.0638560611117915,23.74218146525526,10.60705177895283,1.985030644624604,5.7697845085753214e-5,0.01199513936363636,0.00619455113416802,1.51086457940087,0.9867108086669816,-2.909269379238365,-1.1523798714006714,-3.5104154884288965,1.089298768737161,-0.7563352958184046,-0.02105363997354715,0.02,0.30182041888512834,6.207955855627253e-4,0.0049228083585139,0.6058352229018801,0.08680075426891494,0.04985305754926784,0.7153054644371083,0.5022689941630447,1,13,7
2,0.13849046385824723,0.1399709971483963,2.0638560611117915,23.74218146525526,10.60705177895283,1.985030644624604,5.7697845085753214e-5,0.011995139363636362,0.006194551134168019,1.51086457940087,0.9867108086669816,-2.909269379238365,-1.1523798714006714,-3.5104154884288965,1.089298768737161,-0.7563352958184046,-0.02105363997354715,0.02,0.9368152234349892,0.0016543848492917143,0.006354761756008077,0.05081508478137864,0.0043605451783322825,0.024531717752782248,0.02776678675318222,0.5022689941630447,0.9555817055467233,13,7
3,0.13849046385824723,0.1399709971483963,2.0638560611117915,23.74218146525526,10.60705177895283,1.985030644624604,5.7697845085753214e-5,0.011995139363636362,0.006194551134168019,1.51086457940087,0.9867108086669816,-2.909269379238365,-1.1523798714006714,-3.5104154884288965,1.089298768737161,-0.7563352958184046,-0.02105363997354715,0.02,0.9581076676841994,0.001363234531629695,0.006911744120018792,0.033061875957341065,5.55477706810969e-4,0.01682057309218324,0.021104320896077663,0.5022689941630447,0.9936953915779657,13,7
4,0.13849046385824723,0.1399709971483963,2.0638560611117915,23.74218146525526,10.60705177895283,1.985030644624604,5.7697845085753214e-5,0.011995139363636362,0.006194551134168019,1.51086457940087,0.9867108086669816,-2.909269379238365,-1.1523798714006714,-3.5104154884288965,1.089298768737161,-0.7563352958184046,-0.02105363997354715,0.02,0.9661156615854329,8.808378550923217e-4,0.004423383770092676,0.028081505034484283,4.986117548978619e-4,0.015460787193048305,0.014799549786288469,0.5022689941630447,0.88109056616603,13,7
5,0.13849046385824723,0.1399709971483963,2.0638560611117915,23.74218146525526,10.60705177895283,1.985030644624604,5.7697845085753214e-5,0.011995139363636362,0.006194551134168019,1.51086457940087,0.9867108086669816,-2.909269379238365,-1.1523798714006714,-3.5104154884288965,1.089298768737161,-0.7563352958184046,-0.02105363997354715,0.02,0.9862981007092932,2.8325162122765053e-4,0.0014038833086351822,0.011861842109441221,1.5292225140275438e-4,0.025948269858416355,0.025398262304447965,0.5022689941630447,0.8579768369686833,13,7
6,0.13849046385824723,0.1399709971483963,2.0638560611117915,23.74218146525526,10.60705177895283,1.985030644624604,5.7697845085753214e-5,0.011995139363636362,0.006194551134168019,1.51086457940087,0.9867108086669816,-2.909269379238365,-1.1523798714006714,-3.5104154884288965,1.089298768737161,-0.7563352958184046,-0.02105363997354715,0.02,0.9926987490181538,4.840907614383853e-4,0.0013600691494540858,0.005417195533897695,3.9895537055985285e-5,0.007065224249035078,0.007675812390381534,0.5022689941630447,0.894194170274015,13,7
7,0.13849046385824723,0.1399709971483963,2.0638560611117915,23.74218146525526,10.60705177895283,1.985030644624604,5.7697845085753214e-5,0.011995139363636362,0.006194551134168019,1.51086457940087,0.9867108086669816,-2.909269379238365,-1.1523798714006714,-3.5104154884288965,1.089298768737161,-0.7563352958184046,-0.02105363997354715,0.02,0.986618048212966,6.763799284502284e-4,0.0023613785533720916,0.010279908145841034,6.428515937075265e-5,0.009884269378441574,0.011039910775500874,0.5022689941630447,0.8846343636490596,13,7
8,0.13849046385824723,0.1399709971483963,2.0638560611117915,23.74218146525526,10.60705177895283,1.985030644624604,5.7697845085753214e-5,0.011995139363636362,0.006194551134168019,1.51086457940087,0.9867108086669816,-2.909269379238365,-1.1523798714006714,-3.5104154884288965,1.089298768737161,-0.7563352958184046,-0.02105363997354715,0.02,0.9807152604315957,5.728153560786379e-4,0.0032554087718418587,0.015328817033793284,1.2769840669055388e-4,0.009680879593425574,0.015118261371550763,0.5022689941630447,0.7794680207515219,13,7
9,0.13849046385824723,0.1399709971483963,2.0638560611117915,23.74218146525526,10.60705177895283,1.985030644624604,5.7697845085753214e-5,0.011995139363636362,0.006194551134168019,1.51086457940087,0.9867108086669816,-2.909269379238365,-1.1523798714006714,-3.5104154884288965,1.089298768737161,-0.7563352958184046,-0.02105363997354715,0.02,0.9862710088415565,3.5162234106087946e-4,0.0017414517453349146,0.011544575566638888,9.134150540879959e-5,0.007974824875140337,0.007063076778120562,0.5022689941630447,0.7030217508766368,13,7
10,0.13849046385824723,0.1399709971483963,2.0638560611117915,23.74218146525526,10.60705177895283,1.985030644624604,5.7697845085753214e-5,0.011995139363636362,0.006194551134168019,1.51086457940087,0.9867108086669816,-2.909269379238365,-1.1523798714006714,-3.5104154884288965,1.089298768737161,-0.7563352958184046,-0.02105363997354715,0.02,0.9925996845876766,2.217368919562544e-4,7.365271233832005e-4,0.006405522161195504,3.652923578846892e-5,0.00515014227882314,0.00534548371510219,0.5022689941630447,0.6753189851132221,13,7
11,0.13849046385824723,0.1399709971483963,2.0638560611117915,23.74218146525526,10.60705177895283,1.985030644624604,5.7697845085753214e-5,0.011995139363636362,0.006194551134168019,1.51086457940087,0.9867108086669816,-2.909269379238365,-1.1523798714006714,-3.5104154884288965,1.089298768737161,-0.7563352958184046,-0.02105363997354715,0.02,0.9969227535449877,1.4685719659007264e-4,4.319090000015567e-4,0.0024889211725309538,9.559085889777583e-6,0.003594799534560878,0.0037952302083424203,0.5022689941630447,0.7218940985422978,13,7
12,0.13849046385824723,0.1399709971483963,2.0638560611117915,23.74218146525526,10.60705177895283,1.985030644624604,5.7697845085753214e-5,0.011995139363636362,0.006194551134168019,1.51086457940087,0.9867108086669816,-2.909269379238365,-1.1523798714006714,-3.5104154884288965,1.089298768737161,-0.7563352958184046,-0.02105363997354715,0.02,0.9860751348273028,6.4354782801898e-4,0.002611443426241155,0.010609807157786276,6.0066760650722006e-5,0.008744932034009605,0.009461336213495528,0.5022689941630447,0.6955021551263835,13,7
13,0.13849046385824723,0.1399709971483963,2.0638560611117915,23.74218146525526,10.60705177895283,1.985030644624604,5.7697845085753214e-5,0.011995139363636362,0.006194551134168019,1.51086457940087,0.9867108086669816,-2.909269379238365,-1.1523798714006714,-3.5104154884288965,1.089298768737161,-0.7563352958184046,-0.02105363997354715,0.02,0.9979054036122901,1.0747192747901407e-4,3.152581733166502e-4,0.001668745265394409,3.1210215198292233e-6,0.0013119927964615672,0.001755782004880525,0.5022689941630447,0.5597167879198202,13,7
1,0.13849046385824723,0.1399709971483963,2.0638560611117915,23.74218146525526,10.60705177895283,1.985030644624604,5.7697845085753214e-5,0.01199513936363636,0.00619455113416802,1.51086457940087,0.9867108086669816,-2.909269379238365,-1.1523798714006714,-3.5104154884288965,1.089298768737161,-0.7563352958184046,-0.02105363997354715,0.02,0.30182041888512834,6.207955855627253e-4,0.0049228083585139,0.6058352229018801,0.08680075426891494,0.04985305754926784,0.7153054644371083,0.5022689941630447,1,12,7
2,0.13849046385824723,0.1399709971483963,2.0638560611117915,23.74218146525526,10.60705177895283,1.985030644624604,5.7697845085753214e-5,0.011995139363636362,0.006194551134168019,1.51086457940087,0.9867108086669816,-2.909269379238365,-1.1523798714006714,-3.5104154884288965,1.089298768737161,-0.7563352958184046,-0.02105363997354715,0.02,0.9695571626767636,0.0013859486804008831,0.005023788688860676,0.023084801426313094,9.482985276617482e-4,0.019578128526566953,0.023108211012335997,0.5022689941630447,0.9937405605322375,12,7
3,0.13849046385824723,0.1399709971483963,2.0638560611117915,23.74218146525526,10.60705177895283,1.985030644624604,5.7697845085753214e-5,0.011995139363636362,0.006194551134168019,1.51086457940087,0.9867108086669816,-2.909269379238365,-1.1523798714006714,-3.5104154884288965,1.089298768737161,-0.7563352958184046,-0.02105363997354715,0.02,0.9579588638706121,0.0014182335673168021,0.006968159565556094,0.03309856754514057,5.561754513743899e-4,0.01718149365283622,0.020194785883821193,0.5022689941630447,0.9665793539040963,12,7
4,0.13849046385824723,0.1399709971483963,2.0638560611117915,23.74218146525526,10.60705177895283,1.985030644624604,5.7697845085753214e-5,0.011995139363636362,0.006194551134168019,1.51086457940087,0.9867108086669816,-2.909269379238365,-1.1523798714006714,-3.5104154884288965,1.089298768737161,-0.7563352958184046,-0.02105363997354715,0.02,0.9664106919607227,8.345034658987776e-4,0.0043912985606484245,0.02787294053759861,4.905654751314992e-4,0.01822868146122303,0.016765225294806285,0.5022689941630447,0.9110427545557206,12,7
5,0.13849046385824723,0.1399709971483963,2.0638560611117915,23.74218146525526,10.60705177895283,1.985030644624604,5.7697845085753214e-5,0.011995139363636362,0.006194551134168019,1.51086457940087,0.9867108086669816,-2.909269379238365,-1.1523798714006714,-3.5104154884288965,1.089298768737161,-0.7563352958184046,-0.02105363997354715,0.02,0.987044568161085,2.7096165845071725e-4,0.00127898671239617,0.011265280069864205,1.4020339820397445e-4,0.004184890867669123,0.00531713486719273,0.5022689941630447,0.8679564573097108,12,7
6,0.13849046385824723,0.1399709971483963,2.0638560611117915,23.74218146525526,10.60705177895283,1.985030644624604,5.7697845085753214e-5,0.011995139363636362,0.006194551134168019,1.51086457940087,0.9867108086669816,-2.909269379238365,-1.1523798714006714,-3.5104154884288965,1.089298768737161,-0.7563352958184046,-0.02105363997354715,0.02,0.9927625605223303,4.929484606475778e-4,0.0013555829796678403,0.005348885713169953,4.002232418438091e-5,0.0070509415045729405,0.008465244180360074,0.5022689941630447,0.9799956593077246,12,7
7,0.13849046385824723,0.1399709971483963,2.0638560611117915,23.74218146525526,10.60705177895283,1.985030644624604,5.7697845085753214e-5,0.011995139363636362,0.006194551134168019,1.51086457940087,0.9867108086669816,-2.909269379238365,-1.1523798714006714,-3.5104154884288965,1.089298768737161,-0.7563352958184046,-0.02105363997354715,0.02,0.9864938299405298,6.908072332557273e-4,0.0023895523999248377,0.010359504282171781,6.630614411779409e-5,0.013074957364106058,0.01137203880679637,0.5022689941630447,0.7526590827907587,12,7
8,0.13849046385824723,0.1399709971483963,2.0638560611117915,23.74218146525526,10.60705177895283,1.985030644624604,5.7697845085753214e-5,0.011995139363636362,0.006194551134168019,1.51086457940087,0.9867108086669816,-2.909269379238365,-1.1523798714006714,-3.5104154884288965,1.089298768737161,-0.7563352958184046,-0.02105363997354715,0.02,0.980843979398553,5.883948598827083e-4,0.0032784099599702113,0.015162499656914333,1.267161246798967e-4,0.007649981078959003,0.01766111529349297,0.5022689941630447,0.7584531544420497,12,7
9,0.13849046385824723,0.1399709971483963,2.0638560611117915,23.74218146525526,10.60705177895283,1.985030644624604,5.7697845085753214e-5,0.011995139363636362,0.006194551134168019,1.51086457940087,0.9867108086669816,-2.909269379238365,-1.1523798714006714,-3.5104154884288965,1.089298768737161,-0.7563352958184046,-0.02105363997354715,0.02,0.9861411410906714,3.5613077182864957e-4,0.0017423067138204764,0.01166696473345286,9.345669022662887e-5,0.008993471622128527,0.008201956150834671,0.5022689941630447,0.7915304776958865,12,7
10,0.13849046385824723,0.1399709971483963,2.0638560611117915,23.74218146525526,10.60705177895283,1.985030644624604,5.7697845085753214e-5,0.011995139363636362,0.006194551134168019,1.51086457940087,0.9867108086669816,-2.909269379238365,-1.1523798714006714,-3.5104154884288965,1.089298768737161,-0.7563352958184046,-0.02105363997354715,0.02,0.9927126429963359,2.284977312491859e-4,7.269868384670223e-4,0.006295902438803832,3.5969995144044596e-5,0.005854883189272241,0.004516311371392425,0.5022689941630447,0.757234764511961,12,7
11,0.13849046385824723,0.1399709971483963,2.0638560611117915,23.74218146525526,10.60705177895283,1.985030644624604,5.7697845085753214e-5,0.011995139363636362,0.006194551134168019,1.51086457940087,0.9867108086669816,-2.909269379238365,-1.1523798714006714,-3.5104154884288965,1.089298768737161,-0.7563352958184046,-0.02105363997354715,0.02,0.9968978763995073,1.5551200541800593e-4,4.426625991784722e-4,0.0024945733656745886,9.375630221616581e-6,0.0032809818453593377,0.0031289486475999813,0.5022689941630447,0.6991545878746904,12,7
12,0.13849046385824723,0.1399709971483963,2.0638560611117915,23.74218146525526,10.60705177895283,1.985030644624604,5.7697845085753214e-5,0.011995139363636362,0.006194551134168019,1.51086457940087,0.9867108086669816,-2.909269379238365,-1.1523798714006714,-3.5104154884288965,1.089298768737161,-0.7563352958184046,-0.02105363997354715,0.02,0.9870797558936674,5.929122547725244e-4,0.002419895035456551,0.009854647373682995,5.278944242056889e-5,0.008575665889303898,0.008834268826456958,0.5022689941630447,0.5385244273780883,12,7
13,0.13849046385824723,0.1399709971483963,2.0638560611117915,23.74218146525526,10.60705177895283,1.985030644624604,5.7697845085753214e-5,0.011995139363636362,0.006194551134168019,1.51086457940087,0.9867108086669816,-2.909269379238365,-1.1523798714006714,-3.5104154884288965,1.089298768737161,-0.7563352958184046,-0.02105363997354715,0.02,0.9980151611863948,8.43776015195803e-5,2.993425826355237e-4,0.0015985781476219436,2.5404818281465534e-6,0.0014745532625020645,0.0020081860726213403,0.5022689941630447,0.5070186278174151,12,7
1,0.13849046385824723,0.1399709971483963,2.0638560611117915,23.74218146525526,10.60705177895283,1.985030644624604,5.7697845085753214e-5,0.01199513936363636,0.00619455113416802,1.51086457940087,0.9867108086669816,-2.909269379238365,-1.1523798714006714,-3.5104154884288965,1.089298768737161,-0.7563352958184046,-0.02105363997354715,0.02,0.30182041888512834,6.207955855627253e-4,0.0049228083585139,0.6058352229018801,0.08680075426891494,0.04985305754926784,0.7153054644371083,0.5022689941630447,1,11,7
2,0.13849046385824723,0.1399709971483963,2.0638560611117915,23.74218146525526,10.60705177895283,1.985030644624604,5.7697845085753214e-5,0.011995139363636362,0.006194551134168019,1.51086457940087,0.9867108086669816,-2.909269379238365,-1.1523798714006714,-3.5104154884288965,1.089298768737161,-0.7563352958184046,-0.02105363997354715,0.02,0.9851070785554277,6.064273841042784e-4,0.002052659842967666,0.012010820643799769,2.230135737006191e-4,0.009225014232718905,0.012383669220501057,0.5022689941630447,0.9721050435059821,11,7
3,0.13849046385824723,0.1399709971483963,2.0638560611117915,23.74218146525526,10.60705177895283,1.985030644624604,5.7697845085753214e-5,0.011995139363636362,0.006194551134168019,1.51086457940087,0.9867108086669816,-2.909269379238365,-1.1523798714006714,-3.5104154884288965,1.089298768737161,-0.7563352958184046,-0.02105363997354715,0.02,0.9579480076377972,0.001416733749227562,0.006966867503609806,0.033108842886151735,5.595482232136312e-4,0.022051844298052334,0.019307144137547274,0.5022689941630447,0.9460329557956585,11,7
4,0.13849046385824723,0.1399709971483963,2.0638560611117915,23.74218146525526,10.60705177895283,1.985030644624604,5.7697845085753214e-5,0.011995139363636362,0.006194551134168019,1.51086457940087,0.9867108086669816,-2.909269379238365,-1.1523798714006714,-3.5104154884288965,1.089298768737161,-0.7563352958184046,-0.02105363997354715,0.02,0.9660346884347959,8.404190226758349e-4,0.004447083779616783,0.028180057463593835,4.97751299317619e-4,0.014933542023614525,0.01638839135056172,0.5022689941630447,0.8366157310971943,11,7
5,0.13849046385824723,0.1399709971483963,2.0638560611117915,23.74218146525526,10.60705177895283,1.985030644624604,5.7697845085753214e-5,0.011995139363636362,0.006194551134168019,1.51086457940087,0.9867108086669816,-2.909269379238365,-1.1523798714006714,-3.5104154884288965,1.089298768737161,-0.7563352958184046,-0.02105363997354715,0.02,0.9864349263872311,2.9878383738102786e-4,0.0014184371766344146,0.011696251978606324,1.5160062014716634e-4,0.013332241768176354,0.011420944392721231,0.5022689941630447,0.8872818277580966,11,7
6,0.13849046385824723,0.1399709971483963,2.0638560611117915,23.74218146525526,10.60705177895283,1.985030644624604,5.7697845085753214e-5,0.011995139363636362,0.006194551134168019,1.51086457940087,0.9867108086669816,-2.909269379238365,-1.1523798714006714,-3.5104154884288965,1.089298768737161,-0.7563352958184046,-0.02105363997354715,0.02,0.9927369152906592,5.190140531008533e-4,0.00137028243925327,0.005334273877409706,3.951433957703552e-5,0.008615204202504202,0.008225536807601325,0.5022689941630447,0.905028787177409,11,7
7,0.13849046385824723,0.1399709971483963,2.0638560611117915,23.74218146525526,10.60705177895283,1.985030644624604,5.7697845085753214e-5,0.011995139363636362,0.006194551134168019,1.51086457940087,0.9867108086669816,-2.909269379238365,-1.1523798714006714,-3.5104154884288965,1.089298768737161,-0.7563352958184046,-0.02105363997354715,0.02,0.9864538505840365,6.697167772331193e-4,0.002381372315890395,0.010428912036183688,6.614828665626508e-5,0.009439103776346129,0.011161493244922221,0.5022689941630447,0.7853259983089176,11,7
8,0.13849046385824723,0.1399709971483963,2.0638560611117915,23.74218146525526,10.60705177895283,1.985030644624604,5.7697845085753214e-5,0.011995139363636362,0.006194551134168019,1.51086457940087,0.9867108086669816,-2.909269379238365,-1.1523798714006714,-3.5104154884288965,1.089298768737161,-0.7563352958184046,-0.02105363997354715,0.02,0.9808671172666317,6.109237870162299e-4,0.003199607300419721,0.015196310797788977,1.2604084814351463e-4,0.009625149589442583,0.02056172779425179,0.5022689941630447,0.803326602509926,11,7
9,0.13849046385824723,0.1399709971483963,2.0638560611117915,23.74218146525526,10.60705177895283,1.985030644624604,5.7697845085753214e-5,0.011995139363636362,0.006194551134168019,1.51086457940087,0.9867108086669816,-2.909269379238365,-1.1523798714006714,-3.5104154884288965,1.089298768737161,-0.7563352958184046,-0.02105363997354715,0.02,0.9859021764391078,3.64770068600289e-4,0.001771635758995654,0.011864826773519887,9.659095977645534e-5,0.007266461571220295,0.007768543571371742,0.5022689941630447,0.7491995140752498,11,7
10,0.13849046385824723,0.1399709971483963,2.0638560611117915,23.74218146525526,10.60705177895283,1.985030644624604,5.7697845085753214e-5,0.011995139363636362,0.006194551134168019,1.51086457940087,0.9867108086669816,-2.909269379238365,-1.1523798714006714,-3.5104154884288965,1.089298768737161,-0.7563352958184046,-0.02105363997354715,0.02,0.992703327267112,2.2245509085661155e-4,7.288157596881763e-4,0.006308595168838084,3.6806713505231446e-5,0.0055571466125861535,0.005105578443421389,0.5022689941630447,0.6562040818045218,11,7
11,0.13849046385824723,0.1399709971483963,2.0638560611117915,23.74218146525526,10.60705177895283,1.985030644624604,5.7697845085753214e-5,0.011995139363636362,0.006194551134168019,1.51086457940087,0.9867108086669816,-2.909269379238365,-1.1523798714006714,-3.5104154884288965,1.089298768737161,-0.7563352958184046,-0.02105363997354715,0.02,0.9970965158015874,1.4466666991339613e-4,4.2939637352217724e-4,0.002320528637608154,8.892517368888464e-6,0.003144575356050983,0.0037158911405153787,0.5022689941630447,0.6270761674658396,11,7
12,0.13849046385824723,0.1399709971483963,2.0638560611117915,23.74218146525526,10.60705177895283,1.985030644624604,5.7697845085753214e-5,0.011995139363636362,0.006194551134168019,1.51086457940087,0.9867108086669816,-2.909269379238365,-1.1523798714006714,-3.5104154884288965,1.089298768737161,-0.7563352958184046,-0.02105363997354715,0.02,0.989594910409105,4.7700869115847394e-4,0.0019413880836994,0.007951480692803157,3.521212323402488e-5,0.00749724494764484,0.006301684908059199,0.5022689941630447,0.6259218752204588,11,7
13,0.13849046385824723,0.1399709971483963,2.0638560611117915,23.74218146525526,10.60705177895283,1.985030644624604,5.7697845085753214e-5,0.011995139363636362,0.006194551134168019,1.51086457940087,0.9867108086669816,-2.909269379238365,-1.1523798714006714,-3.5104154884288965,1.089298768737161,-0.7563352958184046,-0.02105363997354715,0.02,0.997834610252195,8.26441102714322e-5,3.089904865120726e-4,0.0017705517254988817,3.2034255226176926e-6,0.0019855224840396144,0.0022467827352042886,0.5022689941630447,0.34608042868016725,11,7
1,0.13849046385824723,0.1399709971483963,2.0638560611117915,23.74218146525526,10.60705177895283,1.985030644624604,5.7697845085753214e-5,0.01199513936363636,0.00619455113416802,1.51086457940087,0.9867108086669816,-2.909269379238365,-1.1523798714006714,-3.5104154884288965,1.089298768737161,-0.7563352958184046,-0.02105363997354715,0.02,0.30182041888512834,6.207955855627253e-4,0.0049228083585139,0.6058352229018801,0.08680075426891494,0.04985305754926784,0.7153054644371083,0.5022689941630447,1,10,7
2,0.13849046385824723,0.1399709971483963,2.0638560611117915,23.74218146525526,10.60705177895283,1.985030644624604,5.7697845085753214e-5,0.011995139363636362,0.006194551134168019,1.51086457940087,0.9867108086669816,-2.909269379238365,-1.1523798714006714,-3.5104154884288965,1.089298768737161,-0.7563352958184046,-0.02105363997354715,0.02,0.986242570970248,6.073758709218212e-4,0.0022565508813375437,0.010788871033083021,1.0463124440956779e-4,0.010390873715848344,0.01190663084864605,0.5022689941630447,0.8897680034814267,10,7
3,0.13849046385824723,0.1399709971483963,2.0638560611117915,23.74218146525526,10.60705177895283,1.985030644624604,5.7697845085753214e-5,0.011995139363636362,0.006194551134168019,1.51086457940087,0.9867108086669816,-2.909269379238365,-1.1523798714006714,-3.5104154884288965,1.089298768737161,-0.7563352958184046,-0.02105363997354715,0.02,0.9584581420791913,0.0013752908982713372,0.006871336038156535,0.032749539250875016,5.456917335058529e-4,0.019203687113749396,0.02022515534021509,0.5022689941630447,0.9528871810525071,10,7
4,0.13849046385824723,0.1399709971483963,2.0638560611117915,23.74218146525526,10.60705177895283,1.985030644624604,5.7697845085753214e-5,0.011995139363636362,0.006194551134168019,1.51086457940087,0.9867108086669816,-2.909269379238365,-1.1523798714006714,-3.5104154884288965,1.089298768737161,-0.7563352958184046,-0.02105363997354715,0.02,0.9662802028975028,8.618245905431727e-4,0.0044159999769430944,0.02794781509188851,4.94157443122392e-4,0.014351388476214127,0.019473373133210348,0.5022689941630447,0.9083952717269749,10,7
5,0.13849046385824723,0.1399709971483963,2.0638560611117915,23.74218146525526,10.60705177895283,1.985030644624604,5.7697845085753214e-5,0.011995139363636362,0.006194551134168019,1.51086457940087,0.9867108086669816,-2.909269379238365,-1.1523798714006714,-3.5104154884288965,1.089298768737161,-0.7563352958184046,-0.02105363997354715,0.02,0.9867087934144804,3.1161826166406704e-4,0.0014163257904764642,0.011421890404943956,1.4137212843519804e-4,0.0030974181352002405,0.004478526301209689,0.5022689941630447,0.88142908447168,10,7
6,0.13849046385824723,0.1399709971483963,2.0638560611117915,23.74218146525526,10.60705177895283,1.985030644624604,5.7697845085753214e-5,0.011995139363636362,0.006194551134168019,1.51086457940087,0.9867108086669816,-2.909269379238365,-1.1523798714006714,-3.5104154884288965,1.089298768737161,-0.7563352958184046,-0.02105363997354715,0.02,0.992699483911848,5.20409011195591e-4,0.0013589463308160568,0.005379607253801867,4.155349233856949e-5,0.010008129743449983,0.008976356415921066,0.5022689941630447,0.7438381606459467,10,7
7,0.13849046385824723,0.1399709971483963,2.0638560611117915,23.74218146525526,10.60705177895283,1.985030644624604,5.7697845085753214e-5,0.011995139363636362,0.006194551134168019,1.51086457940087,0.9867108086669816,-2.909269379238365,-1.1523798714006714,-3.5104154884288965,1.089298768737161,-0.7563352958184046,-0.02105363997354715,0.02,0.9867943595716604,6.172941927831052e-4,0.002318116004492482,0.010207129421087174,6.310080997685984e-5,0.009003832872647268,0.008744819285576801,0.5022689941630447,0.7876083826750037,10,7
8,0.13849046385824723,0.1399709971483963,2.0638560611117915,23.74218146525526,10.60705177895283,1.985030644624604,5.7697845085753214e-5,0.011995139363636362,0.006194551134168019,1.51086457940087,0.9867108086669816,-2.909269379238365,-1.1523798714006714,-3.5104154884288965,1.089298768737161,-0.7563352958184046,-0.02105363997354715,0.02,0.9809079462014122,5.642937875471317e-4,0.0031851293133009365,0.015218099311261758,1.2453138647803747e-4,0.011496996400349622,0.008841791114249231,0.5022689941630447,0.717599518418911,10,7
9,0.13849046385824723,0.1399709971483963,2.0638560611117915,23.74218146525526,10.60705177895283,1.985030644624604,5.7697845085753214e-5,0.011995139363636362,0.006194551134168019,1.51086457940087,0.9867108086669816,-2.909269379238365,-1.1523798714006714,-3.5104154884288965,1.089298768737161,-0.7563352958184046,-0.02105363997354715,0.02,0.9862153673741729,3.576254966169968e-4,0.0017254449201680201,0.011609198157062415,9.236405197969759e-5,0.008593366091152205,0.006999955993450353,0.5022689941630447,0.7612790856008043,10,7
10,0.13849046385824723,0.1399709971483963,2.0638560611117915,23.74218146525526,10.60705177895283,1.985030644624604,5.7697845085753214e-5,0.011995139363636362,0.006194551134168019,1.51086457940087,0.9867108086669816,-2.909269379238365,-1.1523798714006714,-3.5104154884288965,1.089298768737161,-0.7563352958184046,-0.02105363997354715,0.02,0.9924993027612924,2.29132814335415e-4,7.50258645665972e-4,0.0064838879964460175,3.741778226002693e-5,0.006580428550172089,0.005344575073207078,0.5022689941630447,0.6549177728983454,10,7
11,0.13849046385824723,0.1399709971483963,2.0638560611117915,23.74218146525526,10.60705177895283,1.985030644624604,5.7697845085753214e-5,0.011995139363636362,0.006194551134168019,1.51086457940087,0.9867108086669816,-2.909269379238365,-1.1523798714006714,-3.5104154884288965,1.089298768737161,-0.7563352958184046,-0.02105363997354715,0.02,0.9970857833292656,1.4906305096991232e-4,4.246701215915913e-4,0.002332080044036245,8.403454136595519e-6,0.0039077282226370365,0.0033911070187037516,0.5022689941630447,0.5810094858344773,10,7
12,0.13849046385824723,0.1399709971483963,2.0638560611117915,23.74218146525526,10.60705177895283,1.985030644624604,5.7697845085753214e-5,0.011995139363636362,0.006194551134168019,1.51086457940087,0.9867108086669816,-2.909269379238365,-1.1523798714006714,-3.5104154884288965,1.089298768737161,-0.7563352958184046,-0.02105363997354715,0.02,0.9906328901791556,4.1114377857011494e-4,0.0017147211719170054,0.0072123941963289796,2.8850674028330972e-5,0.005844403111506157,0.005677144224193029,0.5022689941630447,0.6089986657077183,10,7
13,0.13849046385824723,0.1399709971483963,2.0638560611117915,23.74218146525526,10.60705177895283,1.985030644624604,5.7697845085753214e-5,0.011995139363636362,0.006194551134168019,1.51086457940087,0.9867108086669816,-2.909269379238365,-1.1523798714006714,-3.5104154884288965,1.089298768737161,-0.7563352958184046,-0.02105363997354715,0.02,0.9979132529686323,8.418646931678751e-5,3.010115793558651e-4,0.0016984430439888171,3.1059387062647624e-6,0.004529367770114624,0.0014944540491383695,0.5022689941630447,0.46958506252240834,10,7
1,0.13849046385824723,0.1399709971483963,2.0638560611117915,23.74218146525526,10.60705177895283,1.985030644624604,5.7697845085753214e-5,0.01199513936363636,0.00619455113416802,1.51086457940087,0.9867108086669816,-2.909269379238365,-1.1523798714006714,-3.5104154884288965,1.089298768737161,-0.7563352958184046,-0.02105363997354715,0.02,0.30182041888512834,6.207955855627253e-4,0.0049228083585139,0.6058352229018801,0.08680075426891494,0.04985305754926784,0.7153054644371083,0.5022689941630447,1,9,7
2,0.13849046385824723,0.1399709971483963,2.0638560611117915,23.74218146525526,10.60705177895283,1.985030644624604,5.7697845085753214e-5,0.011995139363636362,0.006194551134168019,1.51086457940087,0.9867108086669816,-2.909269379238365,-1.1523798714006714,-3.5104154884288965,1.089298768737161,-0.7563352958184046,-0.02105363997354715,0.02,0.9902999198061886,4.995761664911713e-4,0.0015002860352243816,0.00764610297229691,5.4115019798935216e-5,0.008859118570141917,0.009868988332874362,0.5022689941630447,0.9361495997045333,9,7
3,0.13849046385824723,0.1399709971483963,2.0638560611117915,23.74218146525526,10.60705177895283,1.985030644624604,5.7697845085753214e-5,0.011995139363636362,0.006194551134168019,1.51086457940087,0.9867108086669816,-2.909269379238365,-1.1523798714006714,-3.5104154884288965,1.089298768737161,-0.7563352958184046,-0.02105363997354715,0.02,0.9579605903050578,0.0013870137202521185,0.006928145110802679,0.0331688554253913,5.55395438496283e-4,0.017961351310195512,0.01850715193853378,0.5022689941630447,0.9174603172456813,9,7
4,0.13849046385824723,0.1399709971483963,2.0638560611117915,23.74218146525526,10.60705177895283,1.985030644624604,5.7697845085753214e-5,0.011995139363636362,0.006194551134168019,1.51086457940087,0.9867108086669816,-2.909269379238365,-1.1523798714006714,-3.5104154884288965,1.089298768737161,-0.7563352958184046,-0.02105363997354715,0.02,0.9667800860906554,7.959568136018725e-4,0.004359509872235676,0.027583552265493427,4.808949580136785e-4,0.011186627904689387,0.012850824982456885,0.5022689941630447,0.8947323245956844,9,7
5,0.13849046385824723,0.1399709971483963,2.0638560611117915,23.74218146525526,10.60705177895283,1.985030644624604,5.7697845085753214e-5,0.011995139363636362,0.006194551134168019,1.51086457940087,0.9867108086669816,-2.909269379238365,-1.1523798714006714,-3.5104154884288965,1.089298768737161,-0.7563352958184046,-0.02105363997354715,0.02,0.9870267480361686,2.5647881983292586e-4,0.0013438574795721547,0.011237006131765915,1.3590953266037287e-4,0.003629484306011912,0.013398448032808681,0.5022689941630447,0.845875846411294,9,7
6,0.13849046385824723,0.1399709971483963,2.0638560611117915,23.74218146525526,10.60705177895283,1.985030644624604,5.7697845085753214e-5,0.011995139363636362,0.006194551134168019,1.51086457940087,0.9867108086669816,-2.909269379238365,-1.1523798714006714,-3.5104154884288965,1.089298768737161,-0.7563352958184046,-0.02105363997354715,0.02,0.9928781480853024,5.004126850467516e-4,0.0013552178975716382,0.005229154541089153,3.706679099009414e-5,0.007153041194205757,0.007810653689022248,0.5022689941630447,0.7922186187521861,9,7
7,0.13849046385824723,0.1399709971483963,2.0638560611117915,23.74218146525526,10.60705177895283,1.985030644624604,5.7697845085753214e-5,0.011995139363636362,0.006194551134168019,1.51086457940087,0.9867108086669816,-2.909269379238365,-1.1523798714006714,-3.5104154884288965,1.089298768737161,-0.7563352958184046,-0.02105363997354715,0.02,0.9866826163871307,6.355557221836021e-4,0.0023427071128854014,0.010274704380372299,6.441639742791546e-5,0.010527522175669678,0.009411437383215128,0.5022689941630447,0.9476877533393496,9,7
8,0.13849046385824723,0.1399709971483963,2.0638560611117915,23.74218146525526,10.60705177895283,1.985030644624604,5.7697845085753214e-5,0.011995139363636362,0.006194551134168019,1.51086457940087,0.9867108086669816,-2.909269379238365,-1.1523798714006714,-3.5104154884288965,1.089298768737161,-0.7563352958184046,-0.02105363997354715,0.02,0.9806699686011411,6.463149592763363e-4,0.00324757341313127,0.015306127208818581,1.3001581763266528e-4,0.008217107425925862,0.01001145338398975,0.5022689941630447,0.7851140062969303,9,7
9,0.13849046385824723,0.1399709971483963,2.0638560611117915,23.74218146525526,10.60705177895283,1.985030644624604,5.7697845085753214e-5,0.011995139363636362,0.006194551134168019,1.51086457940087,0.9867108086669816,-2.909269379238365,-1.1523798714006714,-3.5104154884288965,1.089298768737161,-0.7563352958184046,-0.02105363997354715,0.02,0.9862461926199568,3.9339210039751626e-4,0.0017327781809700485,0.011534932543365541,9.270455531002568e-5,0.008895712439244656,0.009381711934548887,0.5022689941630447,0.693343928198602,9,7
10,0.13849046385824723,0.1399709971483963,2.0638560611117915,23.74218146525526,10.60705177895283,1.985030644624604,5.7697845085753214e-5,0.011995139363636362,0.006194551134168019,1.51086457940087,0.9867108086669816,-2.909269379238365,-1.1523798714006714,-3.5104154884288965,1.089298768737161,-0.7563352958184046,-0.02105363997354715,0.02,0.9924270825337376,2.201365149788702e-4,7.301752309896046e-4,0.006584396929864995,3.8208790429007014e-5,0.004290616461750307,0.004536202738077666,0.5022689941630447,0.6954342654827224,9,7
11,0.13849046385824723,0.1399709971483963,2.0638560611117915,23.74218146525526,10.60705177895283,1.985030644624604,5.7697845085753214e-5,0.011995139363636362,0.006194551134168019,1.51086457940087,0.9867108086669816,-2.909269379238365,-1.1523798714006714,-3.5104154884288965,1.089298768737161,-0.7563352958184046,-0.02105363997354715,0.02,0.9969087323698697,1.5150766988648087e-4,4.458698678664079e-4,0.0024845330646527664,9.3570277246584e-6,0.0031847770270343697,0.0036518305854720923,0.5022689941630447,0.7603376902663257,9,7
12,0.13849046385824723,0.1399709971483963,2.0638560611117915,23.74218146525526,10.60705177895283,1.985030644624604,5.7697845085753214e-5,0.011995139363636362,0.006194551134168019,1.51086457940087,0.9867108086669816,-2.909269379238365,-1.1523798714006714,-3.5104154884288965,1.089298768737161,-0.7563352958184046,-0.02105363997354715,0.02,0.9845635848959686,7.04590706325331e-4,0.0029218066583052557,0.011736197199843302,7.382053955752237e-5,0.010697852612741622,0.011559768917889538,0.5022689941630447,0.5455592397881537,9,7
13,0.13849046385824723,0.1399709971483963,2.0638560611117915,23.74218146525526,10.60705177895283,1.985030644624604,5.7697845085753214e-5,0.011995139363636362,0.006194551134168019,1.51086457940087,0.9867108086669816,-2.909269379238365,-1.1523798714006714,-3.5104154884288965,1.089298768737161,-0.7563352958184046,-0.02105363997354715,0.02,0.9981011396397342,9.064633589667141e-5,2.917813644713919e-4,0.0015140892603377157,2.3433995600011485e-6,0.0021247516894605406,0.0025093417637606454,0.5022689941630447,0.5407346717270792,9,7
1,0.13849046385824723,0.1399709971483963,2.0638560611117915,23.74218146525526,10.60705177895283,1.985030644624604,5.7697845085753214e-5,0.01199513936363636,0.00619455113416802,1.51086457940087,0.9867108086669816,-2.909269379238365,-1.1523798714006714,-3.5104154884288965,1.089298768737161,-0.7563352958184046,-0.02105363997354715,0.02,0.30182041888512834,6.207955855627253e-4,0.0049228083585139,0.6058352229018801,0.08680075426891494,0.04985305754926784,0.7153054644371083,0.5022689941630447,1,8,7
2,0.13849046385824723,0.1399709971483963,2.0638560611117915,23.74218146525526,10.60705177895283,1.985030644624604,5.7697845085753214e-5,0.011995139363636362,0.006194551134168019,1.51086457940087,0.9867108086669816,-2.909269379238365,-1.1523798714006714,-3.5104154884288965,1.089298768737161,-0.7563352958184046,-0.02105363997354715,0.02,0.9837149171045049,0.0011269279787262342,0.0037013052410992515,0.011362990803354952,9.385887231477058e-5,0.016025183987554096,0.013715998528579184,0.5022689941630447,0.9763812265298742,8,7
3,0.13849046385824723,0.1399709971483963,2.0638560611117915,23.74218146525526,10.60705177895283,1.985030644624604,5.7697845085753214e-5,0.011995139363636362,0.006194551134168019,1.51086457940087,0.9867108086669816,-2.909269379238365,-1.1523798714006714,-3.5104154884288965,1.089298768737161,-0.7563352958184046,-0.02105363997354715,0.02,0.9582251084230387,0.0014225562842222306,0.006898133504757668,0.03290505368321961,5.491481047618516e-4,0.0209478470027796,0.0184451133717659,0.5022689941630447,0.9648946194376954,8,7
4,0.13849046385824723,0.1399709971483963,2.0638560611117915,23.74218146525526,10.60705177895283,1.985030644624604,5.7697845085753214e-5,0.011995139363636362,0.006194551134168019,1.51086457940087,0.9867108086669816,-2.909269379238365,-1.1523798714006714,-3.5104154884288965,1.089298768737161,-0.7563352958184046,-0.02105363997354715,0.02,0.9661902978189042,8.770602803489853e-4,0.0044187658772685875,0.028022366432043002,4.915095914351543e-4,0.012423984056684517,0.0156603304873694,0.5022689941630447,0.8670596122481471,8,7
5,0.13849046385824723,0.1399709971483963,2.0638560611117915,23.74218146525526,10.60705177895283,1.985030644624604,5.7697845085753214e-5,0.011995139363636362,0.006194551134168019,1.51086457940087,0.9867108086669816,-2.909269379238365,-1.1523798714006714,-3.5104154884288965,1.089298768737161,-0.7563352958184046,-0.02105363997354715,0.02,0.9863232887394286,2.897954156272933e-4,0.0014557706415999634,0.011785023516345318,1.4612168699870316e-4,0.011072110872986322,0.003997793914624818,0.5022689941630447,0.7996144762033152,8,7
6,0.13849046385824723,0.1399709971483963,2.0638560611117915,23.74218146525526,10.60705177895283,1.985030644624604,5.7697845085753214e-5,0.011995139363636362,0.006194551134168019,1.51086457940087,0.9867108086669816,-2.909269379238365,-1.1523798714006714,-3.5104154884288965,1.089298768737161,-0.7563352958184046,-0.02105363997354715,0.02,0.9927304348145664,4.8250589396366133e-4,0.0013489659067569032,0.005397508607648752,4.058477706421924e-5,0.008273226526829791,0.0075011427343451755,0.5022689941630447,0.8551965593300348,8,7
7,0.13849046385824723,0.1399709971483963,2.0638560611117915,23.74218146525526,10.60705177895283,1.985030644624604,5.7697845085753214e-5,0.011995139363636362,0.006194551134168019,1.51086457940087,0.9867108086669816,-2.909269379238365,-1.1523798714006714,-3.5104154884288965,1.089298768737161,-0.7563352958184046,-0.02105363997354715,0.02,0.9866957130445504,6.594195382496632e-4,0.0023512936051147374,0.01022963857617082,6.393523591431398e-5,0.010200322515919543,0.010809334847794352,0.5022689941630447,0.7218953279117077,8,7
8,0.13849046385824723,0.1399709971483963,2.0638560611117915,23.74218146525526,10.60705177895283,1.985030644624604,5.7697845085753214e-5,0.011995139363636362,0.006194551134168019,1.51086457940087,0.9867108086669816,-2.909269379238365,-1.1523798714006714,-3.5104154884288965,1.089298768737161,-0.7563352958184046,-0.02105363997354715,0.02,0.9810547080536475,5.094421838822849e-4,0.0032254271434959732,0.015088449476439633,1.2197314253467394e-4,0.016496432049710914,0.011576427058092609,0.5022689941630447,0.7527296831122655,8,7
9,0.13849046385824723,0.1399709971483963,2.0638560611117915,23.74218146525526,10.60705177895283,1.985030644624604,5.7697845085753214e-5,0.011995139363636362,0.006194551134168019,1.51086457940087,0.9867108086669816,-2.909269379238365,-1.1523798714006714,-3.5104154884288965,1.089298768737161,-0.7563352958184046,-0.02105363997354715,0.02,0.9861285605715058,3.526834391265031e-4,0.001741738008808429,0.011683286943135548,9.373103742376583e-5,0.006550630100893062,0.008451145278671069,0.5022689941630447,0.6531012525678457,8,7
10,0.13849046385824723,0.1399709971483963,2.0638560611117915,23.74218146525526,10.60705177895283,1.985030644624604,5.7697845085753214e-5,0.011995139363636362,0.006194551134168019,1.51086457940087,0.9867108086669816,-2.909269379238365,-1.1523798714006714,-3.5104154884288965,1.089298768737161,-0.7563352958184046,-0.02105363997354715,0.02,0.9925094781005724,2.0593516457363104e-4,7.305733436414453e-4,0.00651564230883301,3.837108237940762e-5,0.003915157204133076,0.00447312739056143,0.5022689941630447,0.6579259988174289,8,7
11,0.13849046385824723,0.1399709971483963,2.0638560611117915,23.74218146525526,10.60705177895283,1.985030644624604,5.7697845085753214e-5,0.011995139363636362,0.006194551134168019,1.51086457940087,0.9867108086669816,-2.909269379238365,-1.1523798714006714,-3.5104154884288965,1.089298768737161,-0.7563352958184046,-0.02105363997354715,0.02,0.9969367881841482,1.4410336653777696e-4,4.2919018893356365e-4,0.0024805554023080343,9.36285807225785e-6,0.003111766947839657,0.002901317113909283,0.5022689941630447,0.686737705095652,8,7
12,0.13849046385824723,0.1399709971483963,2.0638560611117915,23.74218146525526,10.60705177895283,1.985030644624604,5.7697845085753214e-5,0.011995139363636362,0.006194551134168019,1.51086457940087,0.9867108086669816,-2.909269379238365,-1.1523798714006714,-3.5104154884288965,1.089298768737161,-0.7563352958184046,-0.02105363997354715,0.02,0.9875046869199624,5.748970061785075e-4,0.0023465136252088297,0.00952427957865042,4.962286999978786e-5,0.009128015095625384,0.00801952987016573,0.5022689941630447,0.5135372125870502,8,7
13,0.13849046385824723,0.1399709971483963,2.0638560611117915,23.74218146525526,10.60705177895283,1.985030644624604,5.7697845085753214e-5,0.011995139363636362,0.006194551134168019,1.51086457940087,0.9867108086669816,-2.909269379238365,-1.1523798714006714,-3.5104154884288965,1.089298768737161,-0.7563352958184046,-0.02105363997354715,0.02,0.998150199469231,8.474081177333698e-5,2.918505781804044e-4,0.001471108925810902,2.10021500436221e-6,0.0012814145384039818,0.002396742036414346,0.5022689941630447,0.33899388687867893,8,7
1,0.13849046385824723,0.1399709971483963,2.0638560611117915,23.74218146525526,10.60705177895283,1.985030644624604,5.7697845085753214e-5,0.01199513936363636,0.00619455113416802,1.51086457940087,0.9867108086669816,-2.909269379238365,-1.1523798714006714,-3.5104154884288965,1.089298768737161,-0.7563352958184046,-0.02105363997354715,0.02,0.30182041888512834,6.207955855627253e-4,0.0049228083585139,0.6058352229018801,0.08680075426891494,0.04985305754926784,0.7153054644371083,0.5022689941630447,1,7,7
2,0.13849046385824723,0.1399709971483963,2.0638560611117915,23.74218146525526,10.60705177895283,1.985030644624604,5.7697845085753214e-5,0.011995139363636362,0.006194551134168019,1.51086457940087,0.9867108086669816,-2.909269379238365,-1.1523798714006714,-3.5104154884288965,1.089298768737161,-0.7563352958184046,-0.02105363997354715,0.02,0.9685319780619973,0.001810487722174992,0.007295499543500724,0.02204132014951353,3.207145228134359e-4,0.020851357105055503,0.02028784932194228,0.5022689941630447,0.9080552428356171,7,7
3,0.13849046385824723,0.1399709971483963,2.0638560611117915,23.74218146525526,10.60705177895283,1.985030644624604,5.7697845085753214e-5,0.011995139363636362,0.006194551134168019,1.51086457940087,0.9867108086669816,-2.909269379238365,-1.1523798714006714,-3.5104154884288965,1.089298768737161,-0.7563352958184046,-0.02105363997354715,0.02,0.9579333758282745,0.0013911679688745641,0.006929500543297503,0.03318573900881227,5.602166507410739e-4,0.015556585016766024,0.023310573990681344,0.5022689941630447,0.9137820514649353,7,7
4,0.13849046385824723,0.1399709971483963,2.0638560611117915,23.74218146525526,10.60705177895283,1.985030644624604,5.7697845085753214e-5,0.011995139363636362,0.006194551134168019,1.51086457940087,0.9867108086669816,-2.909269379238365,-1.1523798714006714,-3.5104154884288965,1.089298768737161,-0.7563352958184046,-0.02105363997354715,0.02,0.9662032762317199,8.337182383192016e-4,0.004430338205952985,0.028036556235677475,4.961110883304778e-4,0.012919916571720211,0.01438791405741,0.5022689941630447,0.8363377760922255,7,7
5,0.13849046385824723,0.1399709971483963,2.0638560611117915,23.74218146525526,10.60705177895283,1.985030644624604,5.7697845085753214e-5,0.011995139363636362,0.006194551134168019,1.51086457940087,0.9867108086669816,-2.909269379238365,-1.1523798714006714,-3.5104154884288965,1.089298768737161,-0.7563352958184046,-0.02105363997354715,0.02,0.986615158081673,3.469670370516878e-4,0.001337455438573523,0.011554585249157766,1.458341935439284e-4,0.027512045221663336,0.011683033695044436,0.5022689941630447,0.8272281675223992,7,7
6,0.13849046385824723,0.1399709971483963,2.0638560611117915,23.74218146525526,10.60705177895283,1.985030644624604,5.7697845085753214e-5,0.011995139363636362,0.006194551134168019,1.51086457940087,0.9867108086669816,-2.909269379238365,-1.1523798714006714,-3.5104154884288965,1.089298768737161,-0.7563352958184046,-0.02105363997354715,0.02,0.9928274724249297,4.917431433803197e-4,0.001347919544196837,0.005293546831240308,3.9318056252838744e-5,0.0072654204749476765,0.0069480300329139,0.5022689941630447,0.847125445578241,7,7
7,0.13849046385824723,0.1399709971483963,2.0638560611117915,23.74218146525526,10.60705177895283,1.985030644624604,5.7697845085753214e-5,0.011995139363636362,0.006194551134168019,1.51086457940087,0.9867108086669816,-2.909269379238365,-1.1523798714006714,-3.5104154884288965,1.089298768737161,-0.7563352958184046,-0.02105363997354715,0.02,0.9867404032976267,6.407081598688556e-4,0.002336631478156392,0.010218626611843352,6.363045250476867e-5,0.010935928795054985,0.010112029140834382,0.5022689941630447,0.8010482497137363,7,7
8,0.13849046385824723,0.1399709971483963,2.0638560611117915,23.74218146525526,10.60705177895283,1.985030644624604,5.7697845085753214e-5,0.011995139363636362,0.006194551134168019,1.51086457940087,0.9867108086669816,-2.909269379238365,-1.1523798714006714,-3.5104154884288965,1.089298768737161,-0.7563352958184046,-0.02105363997354715,0.02,0.9807322233492161,5.396833713559585e-4,0.0032404561878460526,0.01536042485927078,1.27212232311199e-4,0.01474774289163876,0.016490281965442673,0.5022689941630447,0.6679771489232803,7,7
9,0.13849046385824723,0.1399709971483963,2.0638560611117915,23.74218146525526,10.60705177895283,1.985030644624604,5.7697845085753214e-5,0.011995139363636362,0.006194551134168019,1.51086457940087,0.9867108086669816,-2.909269379238365,-1.1523798714006714,-3.5104154884288965,1.089298768737161,-0.7563352958184046,-0.02105363997354715,0.02,0.9861335739697761,3.448204001604866e-4,0.0017165126787593238,0.011709831226075173,9.526172522896429e-5,0.005457080650844502,0.007658055828896328,0.5022689941630447,0.6787667753752402,7,7
10,0.13849046385824723,0.1399709971483963,2.0638560611117915,23.74218146525526,10.60705177895283,1.985030644624604,5.7697845085753214e-5,0.011995139363636362,0.006194551134168019,1.51086457940087,0.9867108086669816,-2.909269379238365,-1.1523798714006714,-3.5104154884288965,1.089298768737161,-0.7563352958184046,-0.02105363997354715,0.02,0.9925287621707589,2.0846419802548555e-4,7.382017416655372e-4,0.006487852468618963,3.6719420931186336e-5,0.003452510602638408,0.004277358079078755,0.5022689941630447,0.6237624371547473,7,7
11,0.13849046385824723,0.1399709971483963,2.0638560611117915,23.74218146525526,10.60705177895283,1.985030644624604,5.7697845085753214e-5,0.011995139363636362,0.006194551134168019,1.51086457940087,0.9867108086669816,-2.909269379238365,-1.1523798714006714,-3.5104154884288965,1.089298768737161,-0.7563352958184046,-0.02105363997354715,0.02,0.9968648563500804,1.4361877180194352e-4,4.3499666033141004e-4,0.0025466932227260044,9.83499506027359e-6,0.0025833857166558966,0.003702617365316898,0.5022689941630447,0.64760787968153255,7,7
12,0.13849046385824723,0.1399709971483963,2.0638560611117915,23.74218146525526,10.60705177895283,1.985030644624604,5.7697845085753214e-5,0.011995139363636362,0.006194551134168019,1.51086457940087,0.9867108086669816,-2.909269379238365,-1.1523798714006714,-3.5104154884288965,1.089298768737161,-0.7563352958184046,-0.02105363997354715,0.02,0.988594948306966,5.127087740359423e-4,0.002120544588102999,0.008729767655024858,4.203067587025363e-5,0.007385506537374991,0.008081709580449953,0.5022689941630447,0.5620054459374926,7,7
13,0.13849046385824723,0.1399709971483963,2.0638560611117915,23.74218146525526,10.60705177895283,1.985030644624604,5.7697845085753214e-5,0.011995139363636362,0.006194551134168019,1.51086457940087,0.9867108086669816,-2.909269379238365,-1.1523798714006714,-3.5104154884288965,1.089298768737161,-0.7563352958184046,-0.02105363997354715,0.02,0.998056513638773,7.709564190414944e-5,2.9194004948143276e-4,0.001571929755628293,2.5209142131834903e-6,0.0021084446486367026,0.0030370278188473964,0.5022689941630447,0.41808172869994936,7,7
1,0.13849046385824723,0.1399709971483963,2.0638560611117915,23.74218146525526,10.60705177895283,1.985030644624604,5.7697845085753214e-5,0.01199513936363636,0.00619455113416802,1.51086457940087,0.9867108086669816,-2.909269379238365,-1.1523798714006714,-3.5104154884288965,1.089298768737161,-0.7563352958184046,-0.02105363997354715,0.02,0.30182041888512834,6.207955855627253e-4,0.0049228083585139,0.6058352229018801,0.08680075426891494,0.04985305754926784,0.7153054644371083,0.5022689941630447,1,6,7
2,0.13849046385824723,0.1399709971483963,2.0638560611117915,23.74218146525526,10.60705177895283,1.985030644624604,5.7697845085753214e-5,0.011995139363636362,0.006194551134168019,1.51086457940087,0.9867108086669816,-2.909269379238365,-1.1523798714006714,-3.5104154884288965,1.089298768737161,-0.7563352958184046,-0.02105363997354715,0.02,0.9651560061032736,0.0013204012947830984,0.005964904218849769,0.02705981400629352,4.988743768000207e-4,0.016757160900215392,0.0188084205355517,0.5022689941630447,0.9357015801196019,6,7
3,0.13849046385824723,0.1399709971483963,2.0638560611117915,23.74218146525526,10.60705177895283,1.985030644624604,5.7697845085753214e-5,0.011995139363636362,0.006194551134168019,1.51086457940087,0.9867108086669816,-2.909269379238365,-1.1523798714006714,-3.5104154884288965,1.089298768737161,-0.7563352958184046,-0.02105363997354715,0.02,0.9579844022512268,0.001379192154108743,0.006933973719234407,0.033146366911960955,5.560649634690896e-4,0.020376822352618434,0.020398647595903437,0.5022689941630447,0.9144308430205661,6,7
4,0.13849046385824723,0.1399709971483963,2.0638560611117915,23.74218146525526,10.60705177895283,1.985030644624604,5.7697845085753214e-5,0.011995139363636362,0.006194551134168019,1.51086457940087,0.9867108086669816,-2.909269379238365,-1.1523798714006714,-3.5104154884288965,1.089298768737161,-0.7563352958184046,-0.02105363997354715,0.02,0.9661895968086043,8.447636202195173e-4,0.004431733762532513,0.028039950474061087,4.939553345826777e-4,0.014002636363581466,0.018857844378398884,0.5022689941630447,0.8582036628479908,6,7
5,0.13849046385824723,0.1399709971483963,2.0638560611117915,23.74218146525526,10.60705177895283,1.985030644624604,5.7697845085753214e-5,0.011995139363636362,0.006194551134168019,1.51086457940087,0.9867108086669816,-2.909269379238365,-1.1523798714006714,-3.5104154884288965,1.089298768737161,-0.7563352958184046,-0.02105363997354715,0.02,0.9865872591044353,2.515676409711371e-4,0.0013374711988964499,0.011675695874198335,1.4800618149874982e-4,0.008210389284658101,0.008689136785438489,0.5022689941630447,0.7726843440619476,6,7
6,0.13849046385824723,0.1399709971483963,2.0638560611117915,23.74218146525526,10.60705177895283,1.985030644624604,5.7697845085753214e-5,0.011995139363636362,0.006194551134168019,1.51086457940087,0.9867108086669816,-2.909269379238365,-1.1523798714006714,-3.5104154884288965,1.089298768737161,-0.7563352958184046,-0.02105363997354715,0.02,0.9928394636125185,4.6813185223325103e-4,0.0013378161575484495,0.005315955363670513,3.8633014029279414e-5,0.005424734705698067,0.007464201098664988,0.5022689941630447,0.7247492071280823,6,7
7,0.13849046385824723,0.1399709971483963,2.0638560611117915,23.74218146525526,10.60705177895283,1.985030644624604,5.7697845085753214e-5,0.011995139363636362,0.006194551134168019,1.51086457940087,0.9867108086669816,-2.909269379238365,-1.1523798714006714,-3.5104154884288965,1.089298768737161,-0.7563352958184046,-0.02105363997354715,0.02,0.9868847454371104,6.097904447194905e-4,0.0023169025433699662,0.010126441338175949,6.212023662424577e-5,0.00858454545388815,0.008288179140268373,0.5022689941630447,0.846560228990266,6,7
8,0.13849046385824723,0.1399709971483963,2.0638560611117915,23.74218146525526,10.60705177895283,1.985030644624604,5.7697845085753214e-5,0.011995139363636362,0.006194551134168019,1.51086457940087,0.9867108086669816,-2.909269379238365,-1.1523798714006714,-3.5104154884288965,1.089298768737161,-0.7563352958184046,-0.02105363997354715,0.02,0.980860280337863,6.124008948385122e-4,0.00324261372589247,0.015157978056599263,1.2672698480674873e-4,0.012944367864054012,0.01446739297641221,0.5022689941630447,0.6791918026578032,6,7
9,0.13849046385824723,0.1399709971483963,2.0638560611117915,23.74218146525526,10.60705177895283,1.985030644624604,5.7697845085753214e-5,0.011995139363636362,0.006194551134168019,1.51086457940087,0.9867108086669816,-2.909269379238365,-1.1523798714006714,-3.5104154884288965,1.089298768737161,-0.7563352958184046,-0.02105363997354715,0.02,0.9862834204120887,3.591654978038303e-4,0.001718074292423028,0.01154670378907526,9.263600860919106e-5,0.005794112451527792,0.007444584327146944,0.5022689941630447,0.663132908265258,6,7
10,0.13849046385824723,0.1399709971483963,2.0638560611117915,23.74218146525526,10.60705177895283,1.985030644624604,5.7697845085753214e-5,0.011995139363636362,0.006194551134168019,1.51086457940087,0.9867108086669816,-2.909269379238365,-1.1523798714006714,-3.5104154884288965,1.089298768737161,-0.7563352958184046,-0.02105363997354715,0.02,0.9924971628519785,2.0926217263431924e-4,7.414701663082639e-4,0.006514208536965599,3.7896272113357804e-5,0.0037747418206386424,0.0040667334912797715,0.5022689941630447,0.5778353365437322,6,7
11,0.13849046385824723,0.1399709971483963,2.0638560611117915,23.74218146525526,10.60705177895283,1.985030644624604,5.7697845085753214e-5,0.011995139363636362,0.006194551134168019,1.51086457940087,0.9867108086669816,-2.909269379238365,-1.1523798714006714,-3.5104154884288965,1.089298768737161,-0.7563352958184046,-0.02105363997354715,0.02,0.9970084506393696,1.3896322570110397e-4,4.2832741997065005e-4,0.002415268244299118,8.990470659467519e-6,0.002453723491826805,0.002945888815328287,0.5022689941630447,0.6290038217968468,6,7
12,0.13849046385824723,0.1399709971483963,2.0638560611117915,23.74218146525526,10.60705177895283,1.985030644624604,5.7697845085753214e-5,0.011995139363636362,0.006194551134168019,1.51086457940087,0.9867108086669816,-2.909269379238365,-1.1523798714006714,-3.5104154884288965,1.089298768737161,-0.7563352958184046,-0.02105363997354715,0.02,0.9894654983762523,4.8246700063606123e-4,0.001955136350679678,0.008061094746026743,3.5803526405179947e-5,0.006359466912271638,0.006722379359318384,0.5022689941630447,0.42617302302040544,6,7
13,0.13849046385824723,0.1399709971483963,2.0638560611117915,23.74218146525526,10.60705177895283,1.985030644624604,5.7697845085753214e-5,0.011995139363636362,0.006194551134168019,1.51086457940087,0.9867108086669816,-2.909269379238365,-1.1523798714006714,-3.5104154884288965,1.089298768737161,-0.7563352958184046,-0.02105363997354715,0.02,0.9982955776271046,8.238142302839824e-5,3.0019022190899247e-4,0.0013203868116020239,1.46391635587749e-6,0.002019671586704283,0.0020314093468268837,0.5022689941630447,0.42020512823134976,6,7
1,0.13849046385824723,0.1399709971483963,2.0638560611117915,23.74218146525526,10.60705177895283,1.985030644624604,5.7697845085753214e-5,0.01199513936363636,0.00619455113416802,1.51086457940087,0.9867108086669816,-2.909269379238365,-1.1523798714006714,-3.5104154884288965,1.089298768737161,-0.7563352958184046,-0.02105363997354715,0.02,0.30182041888512834,6.207955855627253e-4,0.0049228083585139,0.6058352229018801,0.08680075426891494,0.04985305754926784,0.7153054644371083,0.5022689941630447,1,5,7
2,0.13849046385824723,0.1399709971483963,2.0638560611117915,23.74218146525526,10.60705177895283,1.985030644624604,5.7697845085753214e-5,0.011995139363636362,0.006194551134168019,1.51086457940087,0.9867108086669816,-2.909269379238365,-1.1523798714006714,-3.5104154884288965,1.089298768737161,-0.7563352958184046,-0.02105363997354715,0.02,0.9715681066507192,0.0010385515376425786,0.00425458511066494,0.022732891880524613,4.0586482044865924e-4,0.0127029722672994,0.016479960377995487,0.5022689941630447,0.8733130908485084,5,7
3,0.13849046385824723,0.1399709971483963,2.0638560611117915,23.74218146525526,10.60705177895283,1.985030644624604,5.7697845085753214e-5,0.011995139363636362,0.006194551134168019,1.51086457940087,0.9867108086669816,-2.909269379238365,-1.1523798714006714,-3.5104154884288965,1.089298768737161,-0.7563352958184046,-0.02105363997354715,0.02,0.9582824707155988,0.0013413469747298602,0.006862999285426303,0.03296126425736248,5.519187668825582e-4,0.01705801642583419,0.02085354957604628,0.5022689941630447,0.8783461390826625,5,7
4,0.13849046385824723,0.1399709971483963,2.0638560611117915,23.74218146525526,10.60705177895283,1.985030644624604,5.7697845085753214e-5,0.011995139363636362,0.006194551134168019,1.51086457940087,0.9867108086669816,-2.909269379238365,-1.1523798714006714,-3.5104154884288965,1.089298768737161,-0.7563352958184046,-0.02105363997354715,0.02,0.966226324466739,8.224808409595809e-4,0.004418380648685026,0.02804201445664949,4.90799586966976e-4,0.014361307253744056,0.013817818947196156,0.5022689941630447,0.8281158797676885,5,7
5,0.13849046385824723,0.1399709971483963,2.0638560611117915,23.74218146525526,10.60705177895283,1.985030644624604,5.7697845085753214e-5,0.011995139363636362,0.006194551134168019,1.51086457940087,0.9867108086669816,-2.909269379238365,-1.1523798714006714,-3.5104154884288965,1.089298768737161,-0.7563352958184046,-0.02105363997354715,0.02,0.9864167567014399,3.345079157773695e-4,0.0013697062089873986,0.011730577100971083,1.4845207282410163e-4,0.00486297006903178,0.006094937154602288,0.5022689941630447,0.7990111841463409,5,7
6,0.13849046385824723,0.1399709971483963,2.0638560611117915,23.74218146525526,10.60705177895283,1.985030644624604,5.7697845085753214e-5,0.011995139363636362,0.006194551134168019,1.51086457940087,0.9867108086669816,-2.909269379238365,-1.1523798714006714,-3.5104154884288965,1.089298768737161,-0.7563352958184046,-0.02105363997354715,0.02,0.9928200954820289,4.900906772263962e-4,0.0013514559047109645,0.005298757188976903,3.960074705685012e-5,0.007176110379576763,0.008630439697034921,0.5022689941630447,0.916183427948372,5,7
7,0.13849046385824723,0.1399709971483963,2.0638560611117915,23.74218146525526,10.60705177895283,1.985030644624604,5.7697845085753214e-5,0.011995139363636362,0.006194551134168019,1.51086457940087,0.9867108086669816,-2.909269379238365,-1.1523798714006714,-3.5104154884288965,1.089298768737161,-0.7563352958184046,-0.02105363997354715,0.02,0.9865840997434498,6.915465157827611e-4,0.002370950015151185,0.010288537377903232,6.486634771296404e-5,0.01231882069242642,0.011824339166394335,0.5022689941630447,0.6935811631116904,5,7
8,0.13849046385824723,0.1399709971483963,2.0638560611117915,23.74218146525526,10.60705177895283,1.985030644624604,5.7697845085753214e-5,0.011995139363636362,0.006194551134168019,1.51086457940087,0.9867108086669816,-2.909269379238365,-1.1523798714006714,-3.5104154884288965,1.089298768737161,-0.7563352958184046,-0.02105363997354715,0.02,0.9810964571440003,5.209661132707205e-4,0.0031677312830326767,0.01509196306511357,1.2288239458272494e-4,0.010353491491671772,0.008154477556011135,0.5022689941630447,0.70046241578941415,5,7
9,0.13849046385824723,0.1399709971483963,2.0638560611117915,23.74218146525526,10.60705177895283,1.985030644624604,5.7697845085753214e-5,0.011995139363636362,0.006194551134168019,1.51086457940087,0.9867108086669816,-2.909269379238365,-1.1523798714006714,-3.5104154884288965,1.089298768737161,-0.7563352958184046,-0.02105363997354715,0.02,0.9861663849871092,3.445522414514294e-4,0.0017310652817347416,0.01166462018776797,9.33773019366978e-5,0.007877640315576992,0.00884088942013796,0.5022689941630447,0.7356801456438342,5,7
10,0.13849046385824723,0.1399709971483963,2.0638560611117915,23.74218146525526,10.60705177895283,1.985030644624604,5.7697845085753214e-5,0.011995139363636362,0.006194551134168019,1.51086457940087,0.9867108086669816,-2.909269379238365,-1.1523798714006714,-3.5104154884288965,1.089298768737161,-0.7563352958184046,-0.02105363997354715,0.02,0.9925815705733951,2.2352509146080285e-4,7.386378588031736e-4,0.006419220311259833,3.704616508109107e-5,0.004751670012525094,0.004127986738188598,0.5022689941630447,0.7739491416260275,5,7
11,0.13849046385824723,0.1399709971483963,2.0638560611117915,23.74218146525526,10.60705177895283,1.985030644624604,5.7697845085753214e-5,0.011995139363636362,0.006194551134168019,1.51086457940087,0.9867108086669816,-2.909269379238365,-1.1523798714006714,-3.5104154884288965,1.089298768737161,-0.7563352958184046,-0.02105363997354715,0.02,0.9969440239413453,1.6802239551933385e-4,4.466503724674183e-4,0.0024321405527867285,9.16273788130519e-6,0.005471226676522074,0.004227540558590187,0.5022689941630447,0.5569993145006837,5,7
12,0.13849046385824723,0.1399709971483963,2.0638560611117915,23.74218146525526,10.60705177895283,1.985030644624604,5.7697845085753214e-5,0.011995139363636362,0.006194551134168019,1.51086457940087,0.9867108086669816,-2.909269379238365,-1.1523798714006714,-3.5104154884288965,1.089298768737161,-0.7563352958184046,-0.02105363997354715,0.02,0.991518148504876,3.7648559291180377e-4,0.0015461078538769758,0.006534984960339414,2.4273087995819367e-05,0.005253276582521876,0.005499169832903063,0.5022689941630447,0.4027517212425004,5,7
13,0.13849046385824723,0.1399709971483963,2.0638560611117915,23.74218146525526,10.60705177895283,1.985030644624604,5.7697845085753214e-5,0.011995139363636362,0.006194551134168019,1.51086457940087,0.9867108086669816,-2.909269379238365,-1.1523798714006714,-3.5104154884288965,1.089298768737161,-0.7563352958184046,-0.02105363997354715,0.02,0.9983306461802097,7.598047129888428e-5,2.764621590075945e-4,0.0013153784582778877,1.5327312059298367e-6,0.0013530085316461463,0.00157210122412899,0.5022689941630447,0.30011618670216583,5,7
1,0.13849046385824723,0.1399709971483963,2.0638560611117915,23.74218146525526,10.60705177895283,1.985030644624604,5.7697845085753214e-5,0.01199513936363636,0.00619455113416802,1.51086457940087,0.9867108086669816,-2.909269379238365,-1.1523798714006714,-3.5104154884288965,1.089298768737161,-0.7563352958184046,-0.02105363997354715,0.02,0.30182041888512834,6.207955855627253e-4,0.0049228083585139,0.6058352229018801,0.08680075426891494,0.04985305754926784,0.7153054644371083,0.5022689941630447,1,4,7
2,0.13849046385824723,0.1399709971483963,2.0638560611117915,23.74218146525526,10.60705177895283,1.985030644624604,5.7697845085753214e-5,0.011995139363636362,0.006194551134168019,1.51086457940087,0.9867108086669816,-2.909269379238365,-1.1523798714006714,-3.5104154884288965,1.089298768737161,-0.7563352958184046,-0.02105363997354715,0.02,0.972533363143882,0.001017901712573448,0.004245249796482874,0.02188471102610426,3.1877432095752376e-4,0.01845088278135514,0.01633242443508796,0.5022689941630447,0.8484042142363829,4,7
3,0.13849046385824723,0.1399709971483963,2.0638560611117915,23.74218146525526,10.60705177895283,1.985030644624604,5.7697845085753214e-5,0.011995139363636362,0.006194551134168019,1.51086457940087,0.9867108086669816,-2.909269379238365,-1.1523798714006714,-3.5104154884288965,1.089298768737161,-0.7563352958184046,-0.02105363997354715,0.02,0.958894547622892,0.0013176139977057943,0.006771282361285393,0.03248222844065392,5.343275774628468e-4,0.016763772585219456,0.018534479490674913,0.5022689941630447,0.8913705425334043,4,7
4,0.13849046385824723,0.1399709971483963,2.0638560611117915,23.74218146525526,10.60705177895283,1.985030644624604,5.7697845085753214e-5,0.011995139363636362,0.006194551134168019,1.51086457940087,0.9867108086669816,-2.909269379238365,-1.1523798714006714,-3.5104154884288965,1.089298768737161,-0.7563352958184046,-0.02105363997354715,0.02,0.9661334057307767,8.116041105159419e-4,0.004408921449944517,0.028154180520403655,4.918881883591634e-4,0.015017780883916138,0.016097440578036568,0.5022689941630447,0.879412231775724,4,7
5,0.13849046385824723,0.1399709971483963,2.0638560611117915,23.74218146525526,10.60705177895283,1.985030644624604,5.7697845085753214e-5,0.011995139363636362,0.006194551134168019,1.51086457940087,0.9867108086669816,-2.909269379238365,-1.1523798714006714,-3.5104154884288965,1.089298768737161,-0.7563352958184046,-0.02105363997354715,0.02,0.9866163092945326,2.5254288352372664e-4,0.001355489249090663,0.011633412369957848,1.422462028951771e-4,0.013511202412883963,0.011670357501819937,0.5022689941630447,0.8861934189836334,4,7
6,0.13849046385824723,0.1399709971483963,2.0638560611117915,23.74218146525526,10.60705177895283,1.985030644624604,5.7697845085753214e-5,0.011995139363636362,0.006194551134168019,1.51086457940087,0.9867108086669816,-2.909269379238365,-1.1523798714006714,-3.5104154884288965,1.089298768737161,-0.7563352958184046,-0.02105363997354715,0.02,0.9925903098830047,5.036976261607377e-4,0.0013749692635823066,0.005488240423698797,4.2782803553531174e-5,0.006791806682859737,0.0072886472984958,0.5022689941630447,0.8122414569464915,4,7
7,0.13849046385824723,0.1399709971483963,2.0638560611117915,23.74218146525526,10.60705177895283,1.985030644624604,5.7697845085753214e-5,0.011995139363636362,0.006194551134168019,1.51086457940087,0.9867108086669816,-2.909269379238365,-1.1523798714006714,-3.5104154884288965,1.089298768737161,-0.7563352958184046,-0.02105363997354715,0.02,0.9867905176498958,6.474173333029815e-4,0.0023441577330483307,0.010156305083600495,6.160220015237354e-5,0.011564324919844955,0.01125775778622735,0.5022689941630447,0.7738697609185939,4,7
8,0.13849046385824723,0.1399709971483963,2.0638560611117915,23.74218146525526,10.60705177895283,1.985030644624604,5.7697845085753214e-5,0.011995139363636362,0.006194551134168019,1.51086457940087,0.9867108086669816,-2.909269379238365,-1.1523798714006714,-3.5104154884288965,1.089298768737161,-0.7563352958184046,-0.02105363997354715,0.02,0.980570090683116,5.73010904358433e-4,0.00324830038394942,0.015480242390456759,1.2835563811942812e-4,0.011146129414452107,0.013235578714768118,0.5022689941630447,0.7455028372879523,4,7
9,0.13849046385824723,0.1399709971483963,2.0638560611117915,23.74218146525526,10.60705177895283,1.985030644624604,5.7697845085753214e-5,0.011995139363636362,0.006194551134168019,1.51086457940087,0.9867108086669816,-2.909269379238365,-1.1523798714006714,-3.5104154884288965,1.089298768737161,-0.7563352958184046,-0.02105363997354715,0.02,0.9861602906205692,3.7598706482103975e-4,0.001738031345457052,0.011631637535421221,9.405343373162554e-5,0.007456483515666312,0.006705851398255209,0.5022689941630447,0.6894580849551838,4,7
10,0.13849046385824723,0.1399709971483963,2.0638560611117915,23.74218146525526,10.60705177895283,1.985030644624604,5.7697845085753214e-5,0.011995139363636362,0.006194551134168019,1.51086457940087,0.9867108086669816,-2.909269379238365,-1.1523798714006714,-3.5104154884288965,1.089298768737161,-0.7563352958184046,-0.02105363997354715,0.02,0.9924831202560693,2.1807682206491553e-4,7.48598990696653e-4,0.006512128867131079,3.807506403811719e-5,0.004127819268998475,0.004461782144700986,0.5022689941630447,0.5420624598818387,4,7
11,0.13849046385824723,0.1399709971483963,2.0638560611117915,23.74218146525526,10.60705177895283,1.985030644624604,5.7697845085753214e-5,0.011995139363636362,0.006194551134168019,1.51086457940087,0.9867108086669816,-2.909269379238365,-1.1523798714006714,-3.5104154884288965,1.089298768737161,-0.7563352958184046,-0.02105363997354715,0.02,0.9970676395190168,1.3258828164791636e-4,4.232151223939085e-4,0.0023681909684816122,8.366108459776182e-6,0.0029787650689849844,0.002396713322316377,0.5022689941630447,0.5834618236306339,4,7
12,0.13849046385824723,0.1399709971483963,2.0638560611117915,23.74218146525526,10.60705177895283,1.985030644624604,5.7697845085753214e-5,0.011995139363636362,0.006194551134168019,1.51086457940087,0.9867108086669816,-2.909269379238365,-1.1523798714006714,-3.5104154884288965,1.089298768737161,-0.7563352958184046,-0.02105363997354715,0.02,0.9907518474007434,4.0592228233091366e-4,0.0017004347787911572,0.007113718013653871,2.8077524480613517e-5,0.00563817905346581,0.005783669261484292,0.5022689941630447,0.28628448707945653,4,7
13,0.13849046385824723,0.1399709971483963,2.0638560611117915,23.74218146525526,10.60705177895283,1.985030644624604,5.7697845085753214e-5,0.011995139363636362,0.006194551134168019,1.51086457940087,0.9867108086669816,-2.909269379238365,-1.1523798714006714,-3.5104154884288965,1.089298768737161,-0.7563352958184046,-0.02105363997354715,0.02,0.9984731305409099,5.789769042877883e-5,2.6248392810429414e-4,0.001205389316437653,1.0985241194957517e-6,0.0011809783110474734,0.001302473391772781,0.5022689941630447,0.23103001430314543,4,7
1,0.13849046385824723,0.1399709971483963,2.0638560611117915,23.74218146525526,10.60705177895283,1.985030644624604,5.7697845085753214e-5,0.01199513936363636,0.00619455113416802,1.51086457940087,0.9867108086669816,-2.909269379238365,-1.1523798714006714,-3.5104154884288965,1.089298768737161,-0.7563352958184046,-0.02105363997354715,0.02,0.30182041888512834,6.207955855627253e-4,0.0049228083585139,0.6058352229018801,0.08680075426891494,0.04985305754926784,0.7153054644371083,0.5022689941630447,1,3,7
2,0.13849046385824723,0.1399709971483963,2.0638560611117915,23.74218146525526,10.60705177895283,1.985030644624604,5.7697845085753214e-5,0.011995139363636362,0.006194551134168019,1.51086457940087,0.9867108086669816,-2.909269379238365,-1.1523798714006714,-3.5104154884288965,1.089298768737161,-0.7563352958184046,-0.02105363997354715,0.02,0.981673768409145,4.75359154142948e-4,0.002292015523900712,0.01538344050872616,1.754164040851467e-4,0.016108418321294924,0.007854807062371561,0.5022689941630447,0.9626231796751326,3,7
3,0.13849046385824723,0.1399709971483963,2.0638560611117915,23.74218146525526,10.60705177895283,1.985030644624604,5.7697845085753214e-5,0.011995139363636362,0.006194551134168019,1.51086457940087,0.9867108086669816,-2.909269379238365,-1.1523798714006714,-3.5104154884288965,1.089298768737161,-0.7563352958184046,-0.02105363997354715,0.02,0.9582134745266109,0.0014025557914172583,0.006900714567665374,0.032933771262015604,5.494838522909349e-4,0.01787108621044913,0.020278696502354126,0.5022689941630447,0.9227793769728305,3,7
4,0.13849046385824723,0.1399709971483963,2.0638560611117915,23.74218146525526,10.60705177895283,1.985030644624604,5.7697845085753214e-5,0.011995139363636362,0.006194551134168019,1.51086457940087,0.9867108086669816,-2.909269379238365,-1.1523798714006714,-3.5104154884288965,1.089298768737161,-0.7563352958184046,-0.02105363997354715,0.02,0.9666368696481393,8.683422153262211e-4,0.004369692409194726,0.0276318228119153,4.932729154244155e-4,0.014134861469083538,0.014874002029688723,0.5022689941630447,0.7982289399421673,3,7
5,0.13849046385824723,0.1399709971483963,2.0638560611117915,23.74218146525526,10.60705177895283,1.985030644624604,5.7697845085753214e-5,0.011995139363636362,0.006194551134168019,1.51086457940087,0.9867108086669816,-2.909269379238365,-1.1523798714006714,-3.5104154884288965,1.089298768737161,-0.7563352958184046,-0.02105363997354715,0.02,0.9866147446179041,2.8020571256642297e-4,0.0013795844470211125,0.011580786464867075,1.4467875764138087e-4,0.0033975928721809955,0.0034515912426448057,0.5022689941630447,0.6767542072486452,3,7
6,0.13849046385824723,0.1399709971483963,2.0638560611117915,23.74218146525526,10.60705177895283,1.985030644624604,5.7697845085753214e-5,0.011995139363636362,0.006194551134168019,1.51086457940087,0.9867108086669816,-2.909269379238365,-1.1523798714006714,-3.5104154884288965,1.089298768737161,-0.7563352958184046,-0.02105363997354715,0.02,0.9929800366205261,4.412649758709259e-4,0.001322765574407292,0.005221941782696865,3.3991046498794676e-5,0.005757222845867661,0.00576768695351002,0.5022689941630447,0.7874228764386871,3,7
7,0.13849046385824723,0.1399709971483963,2.0638560611117915,23.74218146525526,10.60705177895283,1.985030644624604,5.7697845085753214e-5,0.011995139363636362,0.006194551134168019,1.51086457940087,0.9867108086669816,-2.909269379238365,-1.1523798714006714,-3.5104154884288965,1.089298768737161,-0.7563352958184046,-0.02105363997354715,0.02,0.9869474466929351,6.200258465102812e-4,0.0023307772988657573,0.010043030590235312,5.8719571453505445e-5,0.009647105673111188,0.00823552407022842,0.5022689941630447,0.7123357887091547,3,7
8,0.13849046385824723,0.1399709971483963,2.0638560611117915,23.74218146525526,10.60705177895283,1.985030644624604,5.7697845085753214e-5,0.011995139363636362,0.006194551134168019,1.51086457940087,0.9867108086669816,-2.909269379238365,-1.1523798714006714,-3.5104154884288965,1.089298768737161,-0.7563352958184046,-0.02105363997354715,0.02,0.9814386536505378,5.23369025114186e-4,0.003141364098604164,0.014779549308328303,1.1706391741551243e-4,0.010428335801076124,0.010808755748891355,0.5022689941630447,0.6835964564214967,3,7
9,0.13849046385824723,0.1399709971483963,2.0638560611117915,23.74218146525526,10.60705177895283,1.985030644624604,5.7697845085753214e-5,0.011995139363636362,0.006194551134168019,1.51086457940087,0.9867108086669816,-2.909269379238365,-1.1523798714006714,-3.5104154884288965,1.089298768737161,-0.7563352958184046,-0.02105363997354715,0.02,0.9862892429664866,3.391572477939613e-4,0.0017014558850828579,0.011576670368086656,9.347353254997419e-5,0.010332928345382068,0.008866531645456073,0.5022689941630447,0.6136847636145897,3,7
10,0.13849046385824723,0.1399709971483963,2.0638560611117915,23.74218146525526,10.60705177895283,1.985030644624604,5.7697845085753214e-5,0.011995139363636362,0.006194551134168019,1.51086457940087,0.9867108086669816,-2.909269379238365,-1.1523798714006714,-3.5104154884288965,1.089298768737161,-0.7563352958184046,-0.02105363997354715,0.02,0.9926092880871031,2.0217594587352658e-4,7.342071214581107e-4,0.006418411312890267,3.591753267496132e-5,0.005098810768109204,0.003914541684770741,0.5022689941630447,0.5241101214003538,3,7
11,0.13849046385824723,0.1399709971483963,2.0638560611117915,23.74218146525526,10.60705177895283,1.985030644624604,5.7697845085753214e-5,0.011995139363636362,0.006194551134168019,1.51086457940087,0.9867108086669816,-2.909269379238365,-1.1523798714006714,-3.5104154884288965,1.089298768737161,-0.7563352958184046,-0.02105363997354715,0.02,0.997202756398726,1.3218651017597488e-4,4.120863462847293e-4,0.0022455890751346907,7.381669678618507e-6,0.002137841090378204,0.002440689852963297,0.5022689941630447,0.4555119670158984,3,7
12,0.13849046385824723,0.1399709971483963,2.0638560611117915,23.74218146525526,10.60705177895283,1.985030644624604,5.7697845085753214e-5,0.011995139363636362,0.006194551134168019,1.51086457940087,0.9867108086669816,-2.909269379238365,-1.1523798714006714,-3.5104154884288965,1.089298768737161,-0.7563352958184046,-0.02105363997354715,0.02,0.9941023198517066,2.623477466867955e-4,0.001062782519644645,0.004560408074488333,1.2141807473660613e-5,0.0037349079260011494,0.004112242462436282,0.5022689941630447,0.23603693875602072,3,7
13,0.13849046385824723,0.1399709971483963,2.0638560611117915,23.74218146525526,10.60705177895283,1.985030644624604,5.7697845085753214e-5,0.011995139363636362,0.006194551134168019,1.51086457940087,0.9867108086669816,-2.909269379238365,-1.1523798714006714,-3.5104154884288965,1.089298768737161,-0.7563352958184046,-0.02105363997354715,0.02,0.9985337062660187,5.658532337179607e-5,2.552963042168829e-4,0.0011534382543748397,9.73852017840029e-7,9.613760187902182e-4,9.898312798172148e-4,0.5022689941630447,0.2062227481899091,3,7
1,0.13849046385824723,0.1399709971483963,2.0638560611117915,23.74218146525526,10.60705177895283,1.985030644624604,5.7697845085753214e-5,0.01199513936363636,0.00619455113416802,1.51086457940087,0.9867108086669816,-2.909269379238365,-1.1523798714006714,-3.5104154884288965,1.089298768737161,-0.7563352958184046,-0.02105363997354715,0.02,0.30182041888512834,6.207955855627253e-4,0.0049228083585139,0.6058352229018801,0.08680075426891494,0.04985305754926784,0.7153054644371083,0.5022689941630447,1,2,7
2,0.13849046385824723,0.1399709971483963,2.0638560611117915,23.74218146525526,10.60705177895283,1.985030644624604,5.7697845085753214e-5,0.011995139363636362,0.006194551134168019,1.51086457940087,0.9867108086669816,-2.909269379238365,-1.1523798714006714,-3.5104154884288965,1.089298768737161,-0.7563352958184046,-0.02105363997354715,0.02,0.9862250548897245,7.496001948267781e-4,0.0026876334159464084,0.01024105476887002,9.665673063238283e-5,0.010950535013561481,0.01153981014142186,0.5022689941630447,0.9669249817643274,2,7
3,0.13849046385824723,0.1399709971483963,2.0638560611117915,23.74218146525526,10.60705177895283,1.985030644624604,5.7697845085753214e-5,0.011995139363636362,0.006194551134168019,1.51086457940087,0.9867108086669816,-2.909269379238365,-1.1523798714006714,-3.5104154884288965,1.089298768737161,-0.7563352958184046,-0.02105363997354715,0.02,0.9582883720710982,0.001439471958932931,0.006915958720014635,0.03280551334153313,5.506839084211286e-4,0.019925130854803883,0.02139317658910271,0.5022689941630447,0.916993798833821,2,7
4,0.13849046385824723,0.1399709971483963,2.0638560611117915,23.74218146525526,10.60705177895283,1.985030644624604,5.7697845085753214e-5,0.011995139363636362,0.006194551134168019,1.51086457940087,0.9867108086669816,-2.909269379238365,-1.1523798714006714,-3.5104154884288965,1.089298768737161,-0.7563352958184046,-0.02105363997354715,0.02,0.9661080993558663,8.284633469803262e-4,0.00438506343177081,0.02815451863531612,5.238552300664479e-4,0.017359780532609354,0.01613577288142256,0.5022689941630447,0.8610230075273576,2,7
5,0.13849046385824723,0.1399709971483963,2.0638560611117915,23.74218146525526,10.60705177895283,1.985030644624604,5.7697845085753214e-5,0.011995139363636362,0.006194551134168019,1.51086457940087,0.9867108086669816,-2.909269379238365,-1.1523798714006714,-3.5104154884288965,1.089298768737161,-0.7563352958184046,-0.02105363997354715,0.02,0.9866215762769849,2.921884525462755e-4,0.0013773728032145985,0.011564257437879382,1.4460502937484274e-4,0.008727212088559444,0.020829841606127532,0.5022689941630447,0.6067613977442226,2,7
6,0.13849046385824723,0.1399709971483963,2.0638560611117915,23.74218146525526,10.60705177895283,1.985030644624604,5.7697845085753214e-5,0.011995139363636362,0.006194551134168019,1.51086457940087,0.9867108086669816,-2.909269379238365,-1.1523798714006714,-3.5104154884288965,1.089298768737161,-0.7563352958184046,-0.02105363997354715,0.02,0.993303125938486,4.13986382154909e-4,0.0013100865866681874,0.004946872777581913,2.5928315108988063e-5,0.005467087414587468,0.0055698199362745025,0.5022689941630447,0.7999051180353287,2,7
7,0.13849046385824723,0.1399709971483963,2.0638560611117915,23.74218146525526,10.60705177895283,1.985030644624604,5.7697845085753214e-5,0.011995139363636362,0.006194551134168019,1.51086457940087,0.9867108086669816,-2.909269379238365,-1.1523798714006714,-3.5104154884288965,1.089298768737161,-0.7563352958184046,-0.02105363997354715,0.02,0.9867798954564043,6.341521804708478e-4,0.0023378081808063385,0.010188719739102018,5.942444321647589e-5,0.010673999821786429,0.010086239506144418,0.5022689941630447,0.8882206868784576,2,7
8,0.13849046385824723,0.1399709971483963,2.0638560611117915,23.74218146525526,10.60705177895283,1.985030644624604,5.7697845085753214e-5,0.011995139363636362,0.006194551134168019,1.51086457940087,0.9867108086669816,-2.909269379238365,-1.1523798714006714,-3.5104154884288965,1.089298768737161,-0.7563352958184046,-0.02105363997354715,0.02,0.9805824810069368,6.677077852151189e-4,0.003313389142436564,0.015303721844100547,1.3270022131101736e-4,0.01265973972762795,0.01224217008596301,0.5022689941630447,0.65402663802467,2,7
9,0.13849046385824723,0.1399709971483963,2.0638560611117915,23.74218146525526,10.60705177895283,1.985030644624604,5.7697845085753214e-5,0.011995139363636362,0.006194551134168019,1.51086457940087,0.9867108086669816,-2.909269379238365,-1.1523798714006714,-3.5104154884288965,1.089298768737161,-0.7563352958184046,-0.02105363997354715,0.02,0.9861787353570998,3.475153693682818e-4,0.0017186984849962017,0.011658103629834939,9.694715870071523e-5,0.005929438917763995,0.006139561463588767,0.5022689941630447,0.6035955725739245,2,7
10,0.13849046385824723,0.1399709971483963,2.0638560611117915,23.74218146525526,10.60705177895283,1.985030644624604,5.7697845085753214e-5,0.011995139363636362,0.006194551134168019,1.51086457940087,0.9867108086669816,-2.909269379238365,-1.1523798714006714,-3.5104154884288965,1.089298768737161,-0.7563352958184046,-0.02105363997354715,0.02,0.9924954039722846,2.0123025701613632e-4,7.48149617274341e-4,0.006520753101149069,3.446305227581667e-5,0.003435115872143956,0.003867485746135371,0.5022689941630447,0.5610290924112875,2,7
11,0.13849046385824723,0.1399709971483963,2.0638560611117915,23.74218146525526,10.60705177895283,1.985030644624604,5.7697845085753214e-5,0.011995139363636362,0.006194551134168019,1.51086457940087,0.9867108086669816,-2.909269379238365,-1.1523798714006714,-3.5104154884288965,1.089298768737161,-0.7563352958184046,-0.02105363997354715,0.02,0.9971461100711654,1.360468040132978e-4,4.262457594394605e-4,0.0022851167654842036,6.480599897721447e-6,0.003201100988195955,0.0032281885917979313,0.5022689941630447,0.4513859043517189,2,7
12,0.13849046385824723,0.1399709971483963,2.0638560611117915,23.74218146525526,10.60705177895283,1.985030644624604,5.7697845085753214e-5,0.011995139363636362,0.006194551134168019,1.51086457940087,0.9867108086669816,-2.909269379238365,-1.1523798714006714,-3.5104154884288965,1.089298768737161,-0.7563352958184046,-0.02105363997354715,0.02,0.9942578464113593,2.5442100855227603e-4,0.001042673241883673,0.004433703090314419,1.1356247890377266e-5,0.002997811194153015,0.003766039558553844,0.5022689941630447,0.18710018709086468,2,7
13,0.13849046385824723,0.1399709971483963,2.0638560611117915,23.74218146525526,10.60705177895283,1.985030644624604,5.7697845085753214e-5,0.011995139363636362,0.006194551134168019,1.51086457940087,0.9867108086669816,-2.909269379238365,-1.1523798714006714,-3.5104154884288965,1.089298768737161,-0.7563352958184046,-0.02105363997354715,0.02,0.9985797372386693,4.870478709383609e-5,2.4018905889393392e-4,0.0011302709578125635,1.0979575303858218e-6,8.04943946167271e-4,9.287474278468312e-4,0.5022689941630447,0.2290976498272564,2,7
1,0.13849046385824723,0.1399709971483963,2.0638560611117915,23.74218146525526,10.60705177895283,1.985030644624604,5.7697845085753214e-5,0.01199513936363636,0.00619455113416802,1.51086457940087,0.9867108086669816,-2.909269379238365,-1.1523798714006714,-3.5104154884288965,1.089298768737161,-0.7563352958184046,-0.02105363997354715,0.02,0.30182041888512834,6.207955855627253e-4,0.0049228083585139,0.6058352229018801,0.08680075426891494,0.04985305754926784,0.7153054644371083,0.5022689941630447,1,14,8
2,0.13849046385824723,0.1399709971483963,2.0638560611117915,23.74218146525526,10.60705177895283,1.985030644624604,5.7697845085753214e-5,0.011995139363636362,0.006194551134168019,1.51086457940087,0.9867108086669816,-2.909269379238365,-1.1523798714006714,-3.5104154884288965,1.089298768737161,-0.7563352958184046,-0.02105363997354715,0.02,0.8333297192419447,0.003184742552391691,0.013802854723701862,0.1285823121244964,0.021100371357465265,0.044042854617838814,0.04761231596305518,0.5022689941630447,1.018159250827703,14,8
3,0.13849046385824723,0.1399709971483963,2.0638560611117915,23.74218146525526,10.60705177895283,1.985030644624604,5.7697845085753214e-5,0.011995139363636362,0.006194551134168019,1.51086457940087,0.9867108086669816,-2.909269379238365,-1.1523798714006714,-3.5104154884288965,1.089298768737161,-0.7563352958184046,-0.02105363997354715,0.02,0.9578803483833965,0.0014390736301924565,0.006963833131267208,0.03315742671902833,5.593181361155267e-4,0.02456625990424607,0.024941008309834995,0.5022689941630447,0.9454744253881012,14,8
4,0.13849046385824723,0.1399709971483963,2.0638560611117915,23.74218146525526,10.60705177895283,1.985030644624604,5.7697845085753214e-5,0.011995139363636362,0.006194551134168019,1.51086457940087,0.9867108086669816,-2.909269379238365,-1.1523798714006714,-3.5104154884288965,1.089298768737161,-0.7563352958184046,-0.02105363997354715,0.02,0.966784697182201,8.209746211143817e-4,0.0043923059280847965,0.02752526141272381,4.767608558760501e-4,0.014532821483982472,0.01473220518673691,0.5022689941630447,0.97904971144784,14,8
5,0.13849046385824723,0.1399709971483963,2.0638560611117915,23.74218146525526,10.60705177895283,1.985030644624604,5.7697845085753214e-5,0.011995139363636362,0.006194551134168019,1.51086457940087,0.9867108086669816,-2.909269379238365,-1.1523798714006714,-3.5104154884288965,1.089298768737161,-0.7563352958184046,-0.02105363997354715,0.02,0.9863198912618195,3.4881497299616684e-4,0.0014292961115749958,0.011748156355907969,1.5384129770137627e-4,0.012010988035714808,0.00665569087410161,0.5022689941630447,0.9047564605014261,14,8
6,0.13849046385824723,0.1399709971483963,2.0638560611117915,23.74218146525526,10.60705177895283,1.985030644624604,5.7697845085753214e-5,0.011995139363636362,0.006194551134168019,1.51086457940087,0.9867108086669816,-2.909269379238365,-1.1523798714006714,-3.5104154884288965,1.089298768737161,-0.7563352958184046,-0.02105363997354715,0.02,0.9925954712127482,5.148090973359047e-4,0.001364333065490781,0.005483359253832456,4.2027370592692394e-5,0.008526415560338839,0.007724100151813813,0.5022689941630447,0.8363764325367133,14,8
7,0.13849046385824723,0.1399709971483963,2.0638560611117915,23.74218146525526,10.60705177895283,1.985030644624604,5.7697845085753214e-5,0.011995139363636362,0.006194551134168019,1.51086457940087,0.9867108086669816,-2.909269379238365,-1.1523798714006714,-3.5104154884288965,1.089298768737161,-0.7563352958184046,-0.02105363997354715,0.02,0.9866277835006751,6.439339042575578e-4,0.0023558238639248773,0.010307182886319441,6.527584482300127e-5,0.009659430905008464,0.010213189839294349,0.5022689941630447,0.8913437554203517,14,8
8,0.13849046385824723,0.1399709971483963,2.0638560611117915,23.74218146525526,10.60705177895283,1.985030644624604,5.7697845085753214e-5,0.011995139363636362,0.006194551134168019,1.51086457940087,0.9867108086669816,-2.909269379238365,-1.1523798714006714,-3.5104154884288965,1.089298768737161,-0.7563352958184046,-0.02105363997354715,0.02,0.9801297356739835,5.969487685005094e-4,0.003326701026281447,0.0158123402691335,1.3427426210115343e-4,0.009733824343995272,0.014809734331581987,0.5022689941630447,0.8489409222805777,14,8
9,0.13849046385824723,0.1399709971483963,2.0638560611117915,23.74218146525526,10.60705177895283,1.985030644624604,5.7697845085753214e-5,0.011995139363636362,0.006194551134168019,1.51086457940087,0.9867108086669816,-2.909269379238365,-1.1523798714006714,-3.5104154884288965,1.089298768737161,-0.7563352958184046,-0.02105363997354715,0.02,0.986142718083563,3.931912131078975e-4,0.001745030255631697,0.01162528966986624,9.37707778312458e-5,0.010439820288423102,0.012155296061109514,0.5022689941630447,0.7793290710901283,14,8
10,0.13849046385824723,0.1399709971483963,2.0638560611117915,23.74218146525526,10.60705177895283,1.985030644624604,5.7697845085753214e-5,0.011995139363636362,0.006194551134168019,1.51086457940087,0.9867108086669816,-2.909269379238365,-1.1523798714006714,-3.5104154884288965,1.089298768737161,-0.7563352958184046,-0.02105363997354715,0.02,0.9924585127548723,2.2898764209144403e-4,7.659694091430099e-4,0.006509574594219082,3.695559967415972e-5,0.0058491343930436954,0.004530986796341536,0.5022689941630447,0.7286246735468214,14,8
11,0.13849046385824723,0.1399709971483963,2.0638560611117915,23.74218146525526,10.60705177895283,1.985030644624604,5.7697845085753214e-5,0.011995139363636362,0.006194551134168019,1.51086457940087,0.9867108086669816,-2.909269379238365,-1.1523798714006714,-3.5104154884288965,1.089298768737161,-0.7563352958184046,-0.02105363997354715,0.02,0.9968756985479157,1.4653986629071202e-4,4.465164359967088e-4,0.0025218855180386655,9.359631758255862e-6,0.003965641710890334,0.0034924529365005824,0.5022689941630447,0.6537237502930477,14,8
12,0.13849046385824723,0.1399709971483963,2.0638560611117915,23.74218146525526,10.60705177895283,1.985030644624604,5.7697845085753214e-5,0.011995139363636362,0.006194551134168019,1.51086457940087,0.9867108086669816,-2.909269379238365,-1.1523798714006714,-3.5104154884288965,1.089298768737161,-0.7563352958184046,-0.02105363997354715,0.02,0.9885135199769127,5.244313027794584e-4,0.0021424223110065254,0.008777534306724469,4.2092102576911276e-5,0.006926131078843806,0.00714021110248179,0.5022689941630447,0.6381702914779697,14,8
13,0.13849046385824723,0.1399709971483963,2.0638560611117915,23.74218146525526,10.60705177895283,1.985030644624604,5.7697845085753214e-5,0.011995139363636362,0.006194551134168019,1.51086457940087,0.9867108086669816,-2.909269379238365,-1.1523798714006714,-3.5104154884288965,1.089298768737161,-0.7563352958184046,-0.02105363997354715,0.02,0.9977892036163638,8.07114946946127e-5,3.0433019760708934e-4,0.0018219851778897786,3.769513444727238e-6,0.0018293834199022267,0.0024457607155160587,0.5022689941630447,0.518378946732457,14,8
1,0.13849046385824723,0.1399709971483963,2.0638560611117915,23.74218146525526,10.60705177895283,1.985030644624604,5.7697845085753214e-5,0.01199513936363636,0.00619455113416802,1.51086457940087,0.9867108086669816,-2.909269379238365,-1.1523798714006714,-3.5104154884288965,1.089298768737161,-0.7563352958184046,-0.02105363997354715,0.02,0.30182041888512834,6.207955855627253e-4,0.0049228083585139,0.6058352229018801,0.08680075426891494,0.04985305754926784,0.7153054644371083,0.5022689941630447,1,13,8
2,0.13849046385824723,0.1399709971483963,2.0638560611117915,23.74218146525526,10.60705177895283,1.985030644624604,5.7697845085753214e-5,0.011995139363636362,0.006194551134168019,1.51086457940087,0.9867108086669816,-2.909269379238365,-1.1523798714006714,-3.5104154884288965,1.089298768737161,-0.7563352958184046,-0.02105363997354715,0.02,0.9368668737003301,0.0016040450241023053,0.0063000383443852885,0.05085708127673474,0.0043719616544476226,0.024901868712898675,0.025900310640154182,0.5022689941630447,0.9478653408220677,13,8
3,0.13849046385824723,0.1399709971483963,2.0638560611117915,23.74218146525526,10.60705177895283,1.985030644624604,5.7697845085753214e-5,0.011995139363636362,0.006194551134168019,1.51086457940087,0.9867108086669816,-2.909269379238365,-1.1523798714006714,-3.5104154884288965,1.089298768737161,-0.7563352958184046,-0.02105363997354715,0.02,0.9583921349650949,0.0013998292861186195,0.006892824663767488,0.03277336304314948,5.418480418695636e-4,0.019321140429981003,0.02191287739259459,0.5022689941630447,0.9858071223797932,13,8
4,0.13849046385824723,0.1399709971483963,2.0638560611117915,23.74218146525526,10.60705177895283,1.985030644624604,5.7697845085753214e-5,0.011995139363636362,0.006194551134168019,1.51086457940087,0.9867108086669816,-2.909269379238365,-1.1523798714006714,-3.5104154884288965,1.089298768737161,-0.7563352958184046,-0.02105363997354715,0.02,0.9661595117228087,8.346716092882966e-4,0.004410830247993696,0.028096124419799716,4.988620001096778e-4,0.018657318819623597,0.016310623753991834,0.5022689941630447,0.9834454141796196,13,8
5,0.13849046385824723,0.1399709971483963,2.0638560611117915,23.74218146525526,10.60705177895283,1.985030644624604,5.7697845085753214e-5,0.011995139363636362,0.006194551134168019,1.51086457940087,0.9867108086669816,-2.909269379238365,-1.1523798714006714,-3.5104154884288965,1.089298768737161,-0.7563352958184046,-0.02105363997354715,0.02,0.9864910177227812,3.054957272041088e-4,0.0013427209771719223,0.011713498717019946,1.4726685582277412e-4,0.004318743682470507,0.00828277851510496,0.5022689941630447,0.8499356251897459,13,8
6,0.13849046385824723,0.1399709971483963,2.0638560611117915,23.74218146525526,10.60705177895283,1.985030644624604,5.7697845085753214e-5,0.011995139363636362,0.006194551134168019,1.51086457940087,0.9867108086669816,-2.909269379238365,-1.1523798714006714,-3.5104154884288965,1.089298768737161,-0.7563352958184046,-0.02105363997354715,0.02,0.9926663234708051,4.938752706494052e-4,0.0013519309787802167,0.005445457497524088,4.241278224124346e-5,0.007299427691118171,0.008015803877044132,0.5022689941630447,0.9079635699740229,13,8
7,0.13849046385824723,0.1399709971483963,2.0638560611117915,23.74218146525526,10.60705177895283,1.985030644624604,5.7697845085753214e-5,0.011995139363636362,0.006194551134168019,1.51086457940087,0.9867108086669816,-2.909269379238365,-1.1523798714006714,-3.5104154884288965,1.089298768737161,-0.7563352958184046,-0.02105363997354715,0.02,0.9865196675208261,6.620400186857268e-4,0.002369460328409792,0.010383520014115218,6.53121179632123e-5,0.008657583461425042,0.011630551122735432,0.5022689941630447,0.8141222701406953,13,8
8,0.13849046385824723,0.1399709971483963,2.0638560611117915,23.74218146525526,10.60705177895283,1.985030644624604,5.7697845085753214e-5,0.011995139363636362,0.006194551134168019,1.51086457940087,0.9867108086669816,-2.909269379238365,-1.1523798714006714,-3.5104154884288965,1.089298768737161,-0.7563352958184046,-0.02105363997354715,0.02,0.9812675694209326,5.636810094447753e-4,0.003232890888634259,0.014816578788423344,1.1927989256497138e-4,0.017921589754084092,0.005809826468012562,0.5022689941630447,0.7650581623999342,13,8
9,0.13849046385824723,0.1399709971483963,2.0638560611117915,23.74218146525526,10.60705177895283,1.985030644624604,5.7697845085753214e-5,0.011995139363636362,0.006194551134168019,1.51086457940087,0.9867108086669816,-2.909269379238365,-1.1523798714006714,-3.5104154884288965,1.089298768737161,-0.7563352958184046,-0.02105363997354715,0.02,0.9860781108565776,3.531362347055417e-4,0.0017339756289791403,0.01174023702170335,9.454025803435e-5,0.007420829979757709,0.010587274810924327,0.5022689941630447,0.7162967058988787,13,8
10,0.13849046385824723,0.1399709971483963,2.0638560611117915,23.74218146525526,10.60705177895283,1.985030644624604,5.7697845085753214e-5,0.011995139363636362,0.006194551134168019,1.51086457940087,0.9867108086669816,-2.909269379238365,-1.1523798714006714,-3.5104154884288965,1.089298768737161,-0.7563352958184046,-0.02105363997354715,0.02,0.9925538653970347,2.256976757399477e-4,7.511721837080126e-4,0.006432019056393739,3.7245687123512595e-5,0.0053976190744973685,0.005245621482727044,0.5022689941630447,0.6452864169932315,13,8
11,0.13849046385824723,0.1399709971483963,2.0638560611117915,23.74218146525526,10.60705177895283,1.985030644624604,5.7697845085753214e-5,0.011995139363636362,0.006194551134168019,1.51086457940087,0.9867108086669816,-2.909269379238365,-1.1523798714006714,-3.5104154884288965,1.089298768737161,-0.7563352958184046,-0.02105363997354715,0.02,0.997053674399131,1.4842119571514625e-4,4.2366611863350336e-4,0.0023650175638772817,9.220722643187441e-6,0.0031168132874810277,0.0028665541145642378,0.5022689941630447,0.6812542590595879,13,8
12,0.13849046385824723,0.1399709971483963,2.0638560611117915,23.74218146525526,10.60705177895283,1.985030644624604,5.7697845085753214e-5,0.011995139363636362,0.006194551134168019,1.51086457940087,0.9867108086669816,-2.909269379238365,-1.1523798714006714,-3.5104154884288965,1.089298768737161,-0.7563352958184046,-0.02105363997354715,0.02,0.9877839142033455,5.581013169379536e-4,0.002294832762501979,0.009315431351145981,4.772036606858725e-5,0.007151873176199406,0.008244992678447747,0.5022689941630447,0.5132439344077637,13,8
13,0.13849046385824723,0.1399709971483963,2.0638560611117915,23.74218146525526,10.60705177895283,1.985030644624604,5.7697845085753214e-5,0.011995139363636362,0.006194551134168019,1.51086457940087,0.9867108086669816,-2.909269379238365,-1.1523798714006714,-3.5104154884288965,1.089298768737161,-0.7563352958184046,-0.02105363997354715,0.02,0.9979868473848924,8.524543646853317e-5,2.8435031583706283e-4,0.0016406916013336791,2.865261468293848e-6,0.0021135351725357957,0.0016728781314515103,0.5022689941630447,0.5982558895767915,13,8
1,0.13849046385824723,0.1399709971483963,2.0638560611117915,23.74218146525526,10.60705177895283,1.985030644624604,5.7697845085753214e-5,0.01199513936363636,0.00619455113416802,1.51086457940087,0.9867108086669816,-2.909269379238365,-1.1523798714006714,-3.5104154884288965,1.089298768737161,-0.7563352958184046,-0.02105363997354715,0.02,0.30182041888512834,6.207955855627253e-4,0.0049228083585139,0.6058352229018801,0.08680075426891494,0.04985305754926784,0.7153054644371083,0.5022689941630447,1,12,8
2,0.13849046385824723,0.1399709971483963,2.0638560611117915,23.74218146525526,10.60705177895283,1.985030644624604,5.7697845085753214e-5,0.011995139363636362,0.006194551134168019,1.51086457940087,0.9867108086669816,-2.909269379238365,-1.1523798714006714,-3.5104154884288965,1.089298768737161,-0.7563352958184046,-0.02105363997354715,0.02,0.9694457295115527,0.0013945114385185016,0.005007823030217704,0.02319770972110219,9.542262986088972e-4,0.019284294383849876,0.02303786547203918,0.5022689941630447,1.018592066642605,12,8
3,0.13849046385824723,0.1399709971483963,2.0638560611117915,23.74218146525526,10.60705177895283,1.985030644624604,5.7697845085753214e-5,0.011995139363636362,0.006194551134168019,1.51086457940087,0.9867108086669816,-2.909269379238365,-1.1523798714006714,-3.5104154884288965,1.089298768737161,-0.7563352958184046,-0.02105363997354715,0.02,0.9578027823689897,0.0014639267871334894,0.006970626720736947,0.03319932944948983,5.63334673649939e-4,0.022270152209459132,0.02119081873985751,0.5022689941630447,0.9198856105243023,12,8
4,0.13849046385824723,0.1399709971483963,2.0638560611117915,23.74218146525526,10.60705177895283,1.985030644624604,5.7697845085753214e-5,0.011995139363636362,0.006194551134168019,1.51086457940087,0.9867108086669816,-2.909269379238365,-1.1523798714006714,-3.5104154884288965,1.089298768737161,-0.7563352958184046,-0.02105363997354715,0.02,0.9663302172856029,8.250293788685846e-4,0.0043871489639364936,0.027962686945700546,4.949174258915171e-4,0.017208019652554366,0.016232211370305654,0.5022689941630447,1.016238760968822,12,8
5,0.13849046385824723,0.1399709971483963,2.0638560611117915,23.74218146525526,10.60705177895283,1.985030644624604,5.7697845085753214e-5,0.011995139363636362,0.006194551134168019,1.51086457940087,0.9867108086669816,-2.909269379238365,-1.1523798714006714,-3.5104154884288965,1.089298768737161,-0.7563352958184046,-0.02105363997354715,0.02,0.9864656876280953,4.270447004122728e-4,0.001436693754888372,0.011519182014142175,1.5139190246190722e-4,0.012475320340945133,0.02106315009939697,0.5022689941630447,0.8188598237832794,12,8
6,0.13849046385824723,0.1399709971483963,2.0638560611117915,23.74218146525526,10.60705177895283,1.985030644624604,5.7697845085753214e-5,0.011995139363636362,0.006194551134168019,1.51086457940087,0.9867108086669816,-2.909269379238365,-1.1523798714006714,-3.5104154884288965,1.089298768737161,-0.7563352958184046,-0.02105363997354715,0.02,0.9926908360839305,4.912364289581757e-4,0.0013525690274732655,0.005423950316526532,4.140814311149379e-5,0.006778687747156541,0.008082873814051053,0.5022689941630447,0.8674632956463717,12,8
7,0.13849046385824723,0.1399709971483963,2.0638560611117915,23.74218146525526,10.60705177895283,1.985030644624604,5.7697845085753214e-5,0.011995139363636362,0.006194551134168019,1.51086457940087,0.9867108086669816,-2.909269379238365,-1.1523798714006714,-3.5104154884288965,1.089298768737161,-0.7563352958184046,-0.02105363997354715,0.02,0.9867005023343267,6.50495589288097e-4,0.002348502102713734,0.010237113546869958,6.338642680155098e-5,0.011777689543049225,0.013674670157232591,0.5022689941630447,0.8820838948340034,12,8
8,0.13849046385824723,0.1399709971483963,2.0638560611117915,23.74218146525526,10.60705177895283,1.985030644624604,5.7697845085753214e-5,0.011995139363636362,0.006194551134168019,1.51086457940087,0.9867108086669816,-2.909269379238365,-1.1523798714006714,-3.5104154884288965,1.089298768737161,-0.7563352958184046,-0.02105363997354715,0.02,0.9808662673979243,5.744496544661931e-4,0.003259606698522864,0.015174902841600474,1.2477340748622028e-4,0.006853693466116642,0.010939458460806852,0.5022689941630447,0.7777568855676664,12,8
9,0.13849046385824723,0.1399709971483963,2.0638560611117915,23.74218146525526,10.60705177895283,1.985030644624604,5.7697845085753214e-5,0.011995139363636362,0.006194551134168019,1.51086457940087,0.9867108086669816,-2.909269379238365,-1.1523798714006714,-3.5104154884288965,1.089298768737161,-0.7563352958184046,-0.02105363997354715,0.02,0.9862063779725062,3.682404083598453e-4,0.0017416958992550386,0.011591219088036404,9.246663184258947e-5,0.005053482540486975,0.006815942913718164,0.5022689941630447,0.7319433681292233,12,8
10,0.13849046385824723,0.1399709971483963,2.0638560611117915,23.74218146525526,10.60705177895283,1.985030644624604,5.7697845085753214e-5,0.011995139363636362,0.006194551134168019,1.51086457940087,0.9867108086669816,-2.909269379238365,-1.1523798714006714,-3.5104154884288965,1.089298768737161,-0.7563352958184046,-0.02105363997354715,0.02,0.9926611438658044,2.157806985754232e-4,7.345251256173446e-4,0.0063519421294760126,3.660818052690533e-5,0.004421718346405872,0.005222690640954638,0.5022689941630447,0.750669223686253,12,8
11,0.13849046385824723,0.1399709971483963,2.0638560611117915,23.74218146525526,10.60705177895283,1.985030644624604,5.7697845085753214e-5,0.011995139363636362,0.006194551134168019,1.51086457940087,0.9867108086669816,-2.909269379238365,-1.1523798714006714,-3.5104154884288965,1.089298768737161,-0.7563352958184046,-0.02105363997354715,0.02,0.9969166825369864,1.5246234229472966e-4,4.471208826903773e-4,0.0024743955741754783,9.338663852961403e-6,0.003189341012130265,0.002248580783299096,0.5022689941630447,0.6459978362766582,12,8
12,0.13849046385824723,0.1399709971483963,2.0638560611117915,23.74218146525526,10.60705177895283,1.985030644624604,5.7697845085753214e-5,0.011995139363636362,0.006194551134168019,1.51086457940087,0.9867108086669816,-2.909269379238365,-1.1523798714006714,-3.5104154884288965,1.089298768737161,-0.7563352958184046,-0.02105363997354715,0.02,0.9886415461477035,5.185236293710349e-4,0.0021184399149194195,0.008679286386929497,4.2203921076558505e-5,0.006672774035829168,0.007238980329491617,0.5022689941630447,0.5922899768019618,12,8
13,0.13849046385824723,0.1399709971483963,2.0638560611117915,23.74218146525526,10.60705177895283,1.985030644624604,5.7697845085753214e-5,0.011995139363636362,0.006194551134168019,1.51086457940087,0.9867108086669816,-2.909269379238365,-1.1523798714006714,-3.5104154884288965,1.089298768737161,-0.7563352958184046,-0.02105363997354715,0.02,0.9980770202055204,8.397127311004865e-5,2.9161329585412833e-4,0.0015448828966156765,2.512328899763897e-6,0.0023283165010259677,0.0017512541881372545,0.5022689941630447,0.49171548054854736,12,8
1,0.13849046385824723,0.1399709971483963,2.0638560611117915,23.74218146525526,10.60705177895283,1.985030644624604,5.7697845085753214e-5,0.01199513936363636,0.00619455113416802,1.51086457940087,0.9867108086669816,-2.909269379238365,-1.1523798714006714,-3.5104154884288965,1.089298768737161,-0.7563352958184046,-0.02105363997354715,0.02,0.30182041888512834,6.207955855627253e-4,0.0049228083585139,0.6058352229018801,0.08680075426891494,0.04985305754926784,0.7153054644371083,0.5022689941630447,1,11,8
2,0.13849046385824723,0.1399709971483963,2.0638560611117915,23.74218146525526,10.60705177895283,1.985030644624604,5.7697845085753214e-5,0.011995139363636362,0.006194551134168019,1.51086457940087,0.9867108086669816,-2.909269379238365,-1.1523798714006714,-3.5104154884288965,1.089298768737161,-0.7563352958184046,-0.02105363997354715,0.02,0.9851575534735859,5.949945244768378e-4,0.0020226784105491983,0.012001290797549751,2.2348279383839202e-4,0.009311068398529253,0.011617692928980447,0.5022689941630447,0.947029786713886,11,8
3,0.13849046385824723,0.1399709971483963,2.0638560611117915,23.74218146525526,10.60705177895283,1.985030644624604,5.7697845085753214e-5,0.011995139363636362,0.006194551134168019,1.51086457940087,0.9867108086669816,-2.909269379238365,-1.1523798714006714,-3.5104154884288965,1.089298768737161,-0.7563352958184046,-0.02105363997354715,0.02,0.9580994885663238,0.0013846592923317527,0.006939661555742998,0.03302300321764072,5.53187367960733e-4,0.02148457556693222,0.02205776617247353,0.5022689941630447,0.9499469836184029,11,8
4,0.13849046385824723,0.1399709971483963,2.0638560611117915,23.74218146525526,10.60705177895283,1.985030644624604,5.7697845085753214e-5,0.011995139363636362,0.006194551134168019,1.51086457940087,0.9867108086669816,-2.909269379238365,-1.1523798714006714,-3.5104154884288965,1.089298768737161,-0.7563352958184046,-0.02105363997354715,0.02,0.9657869304658646,8.737732509871492e-4,0.004459834939284043,0.02837614488337893,5.033164604853031e-4,0.016102477727332094,0.018558193457730122,0.5022689941630447,0.8168489679698364,11,8
5,0.13849046385824723,0.1399709971483963,2.0638560611117915,23.74218146525526,10.60705177895283,1.985030644624604,5.7697845085753214e-5,0.011995139363636362,0.006194551134168019,1.51086457940087,0.9867108086669816,-2.909269379238365,-1.1523798714006714,-3.5104154884288965,1.089298768737161,-0.7563352958184046,-0.02105363997354715,0.02,0.9867460819341112,2.563479621516918e-4,0.0013509422064927731,0.011506028362211937,1.4059953503246791e-4,0.005833621439855899,0.011078620024278939,0.5022689941630447,0.9295070924814081,11,8
6,0.13849046385824723,0.1399709971483963,2.0638560611117915,23.74218146525526,10.60705177895283,1.985030644624604,5.7697845085753214e-5,0.011995139363636362,0.006194551134168019,1.51086457940087,0.9867108086669816,-2.909269379238365,-1.1523798714006714,-3.5104154884288965,1.089298768737161,-0.7563352958184046,-0.02105363997354715,0.02,0.9927256469171156,5.184349272713431e-4,0.0013713341766181714,0.005345145895005327,3.943808398950082e-5,0.008710934292967168,0.010545212892080047,0.5022689941630447,0.851435854365108,11,8
7,0.13849046385824723,0.1399709971483963,2.0638560611117915,23.74218146525526,10.60705177895283,1.985030644624604,5.7697845085753214e-5,0.011995139363636362,0.006194551134168019,1.51086457940087,0.9867108086669816,-2.909269379238365,-1.1523798714006714,-3.5104154884288965,1.089298768737161,-0.7563352958184046,-0.02105363997354715,0.02,0.9866513109579603,6.487488728102768e-4,0.0023604609631581344,0.01027483130562453,6.464790044667448e-5,0.010412575663412707,0.008007702037148276,0.5022689941630447,0.8414451413053582,11,8
8,0.13849046385824723,0.1399709971483963,2.0638560611117915,23.74218146525526,10.60705177895283,1.985030644624604,5.7697845085753214e-5,0.011995139363636362,0.006194551134168019,1.51086457940087,0.9867108086669816,-2.909269379238365,-1.1523798714006714,-3.5104154884288965,1.089298768737161,-0.7563352958184046,-0.02105363997354715,0.02,0.9809045105658891,5.73944757808503e-4,0.00324270525551756,0.01515511093116489,1.2372848962004352e-4,0.012124515082547898,0.011383573498796528,0.5022689941630447,0.8234620949155096,11,8
9,0.13849046385824723,0.1399709971483963,2.0638560611117915,23.74218146525526,10.60705177895283,1.985030644624604,5.7697845085753214e-5,0.011995139363636362,0.006194551134168019,1.51086457940087,0.9867108086669816,-2.909269379238365,-1.1523798714006714,-3.5104154884288965,1.089298768737161,-0.7563352958184046,-0.02105363997354715,0.02,0.986123278052303,3.7755629373757704e-4,0.001768777626565827,0.011637546980712078,9.284104668155452e-5,0.005621284410447297,0.006941488165010117,0.5022689941630447,0.7867062965916417,11,8
10,0.13849046385824723,0.1399709971483963,2.0638560611117915,23.74218146525526,10.60705177895283,1.985030644624604,5.7697845085753214e-5,0.011995139363636362,0.006194551134168019,1.51086457940087,0.9867108086669816,-2.909269379238365,-1.1523798714006714,-3.5104154884288965,1.089298768737161,-0.7563352958184046,-0.02105363997354715,0.02,0.9926231313076689,2.1647240501691757e-4,7.343033610650677e-4,0.006389297674191899,3.679525205724854e-5,0.004062764994593589,0.004296791917066869,0.5022689941630447,0.6721941002954896,11,8
11,0.13849046385824723,0.1399709971483963,2.0638560611117915,23.74218146525526,10.60705177895283,1.985030644624604,5.7697845085753214e-5,0.011995139363636362,0.006194551134168019,1.51086457940087,0.9867108086669816,-2.909269379238365,-1.1523798714006714,-3.5104154884288965,1.089298768737161,-0.7563352958184046,-0.02105363997354715,0.02,0.997110674105004,1.45627730580146e-4,4.273577499490433e-4,0.0023077507731019777,8.589641364910103e-6,0.0033562769915839253,0.00308229365532871,0.5022689941630447,0.7581041673684207,11,8
12,0.13849046385824723,0.1399709971483963,2.0638560611117915,23.74218146525526,10.60705177895283,1.985030644624604,5.7697845085753214e-5,0.011995139363636362,0.006194551134168019,1.51086457940087,0.9867108086669816,-2.909269379238365,-1.1523798714006714,-3.5104154884288965,1.089298768737161,-0.7563352958184046,-0.02105363997354715,0.02,0.9848420626327242,6.950934802248448e-4,0.0028418009782367444,0.011549140741315952,7.190216749819887e-5,0.00943990018763663,0.00997925852369618,0.5022689941630447,0.5579869990332541,11,8
13,0.13849046385824723,0.1399709971483963,2.0638560611117915,23.74218146525526,10.60705177895283,1.985030644624604,5.7697845085753214e-5,0.011995139363636362,0.006194551134168019,1.51086457940087,0.9867108086669816,-2.909269379238365,-1.1523798714006714,-3.5104154884288965,1.089298768737161,-0.7563352958184046,-0.02105363997354715,0.02,0.9979770051953692,9.121358818930928e-5,2.9781399330615566e-4,0.0016310506801385587,2.9165429966818705e-6,0.0032964911863293304,0.002280591041970777,0.5022689941630447,0.4893170074323615,11,8
1,0.13849046385824723,0.1399709971483963,2.0638560611117915,23.74218146525526,10.60705177895283,1.985030644624604,5.7697845085753214e-5,0.01199513936363636,0.00619455113416802,1.51086457940087,0.9867108086669816,-2.909269379238365,-1.1523798714006714,-3.5104154884288965,1.089298768737161,-0.7563352958184046,-0.02105363997354715,0.02,0.30182041888512834,6.207955855627253e-4,0.0049228083585139,0.6058352229018801,0.08680075426891494,0.04985305754926784,0.7153054644371083,0.5022689941630447,1,10,8
2,0.13849046385824723,0.1399709971483963,2.0638560611117915,23.74218146525526,10.60705177895283,1.985030644624604,5.7697845085753214e-5,0.011995139363636362,0.006194551134168019,1.51086457940087,0.9867108086669816,-2.909269379238365,-1.1523798714006714,-3.5104154884288965,1.089298768737161,-0.7563352958184046,-0.02105363997354715,0.02,0.9862562462338718,6.307510177382777e-4,0.0022556192349777356,0.010752959521069022,1.0442399234327447e-4,0.01239538543264486,0.016186066073216755,0.5022689941630447,0.8926542778248808,10,8
3,0.13849046385824723,0.1399709971483963,2.0638560611117915,23.74218146525526,10.60705177895283,1.985030644624604,5.7697845085753214e-5,0.011995139363636362,0.006194551134168019,1.51086457940087,0.9867108086669816,-2.909269379238365,-1.1523798714006714,-3.5104154884288965,1.089298768737161,-0.7563352958184046,-0.02105363997354715,0.02,0.9580910775775556,0.0013887554832240784,0.006914569235250315,0.03304918500622006,5.564126977499536e-4,0.01872664620299316,0.020075933839926927,0.5022689941630447,0.9873772343664872,10,8
4,0.13849046385824723,0.1399709971483963,2.0638560611117915,23.74218146525526,10.60705177895283,1.985030644624604,5.7697845085753214e-5,0.011995139363636362,0.006194551134168019,1.51086457940087,0.9867108086669816,-2.909269379238365,-1.1523798714006714,-3.5104154884288965,1.089298768737161,-0.7563352958184046,-0.02105363997354715,0.02,0.9662102036097555,8.411783630768607e-4,0.004430055480863644,0.028021816529804396,4.967460164996666e-4,0.015787017644042212,0.0141793831150385,0.5022689941630447,0.9244995531141743,10,8
5,0.13849046385824723,0.1399709971483963,2.0638560611117915,23.74218146525526,10.60705177895283,1.985030644624604,5.7697845085753214e-5,0.011995139363636362,0.006194551134168019,1.51086457940087,0.9867108086669816,-2.909269379238365,-1.1523798714006714,-3.5104154884288965,1.089298768737161,-0.7563352958184046,-0.02105363997354715,0.02,0.9865648546567879,3.079102620642283e-4,0.0013889973471511335,0.011591396069314933,1.468416646818862e-4,0.005793682787685284,0.024342596326783355,0.5022689941630447,0.8608452480625152,10,8
6,0.13849046385824723,0.1399709971483963,2.0638560611117915,23.74218146525526,10.60705177895283,1.985030644624604,5.7697845085753214e-5,0.011995139363636362,0.006194551134168019,1.51086457940087,0.9867108086669816,-2.909269379238365,-1.1523798714006714,-3.5104154884288965,1.089298768737161,-0.7563352958184046,-0.02105363997354715,0.02,0.9926745493301828,4.855418460782156e-4,0.001363393783170703,0.0054352766959510955,4.123834461716554e-5,0.0065343876068808884,0.0074681549206030776,0.5022689941630447,0.8590456698706672,10,8
7,0.13849046385824723,0.1399709971483963,2.0638560611117915,23.74218146525526,10.60705177895283,1.985030644624604,5.7697845085753214e-5,0.011995139363636362,0.006194551134168019,1.51086457940087,0.9867108086669816,-2.909269379238365,-1.1523798714006714,-3.5104154884288965,1.089298768737161,-0.7563352958184046,-0.02105363997354715,0.02,0.9866380342114579,6.654991389787809e-4,0.002355560503581291,0.010276581422592353,6.432472338966584e-5,0.011415543073085638,0.012949507689168721,0.5022689941630447,0.8073895483052244,10,8
8,0.13849046385824723,0.1399709971483963,2.0638560611117915,23.74218146525526,10.60705177895283,1.985030644624604,5.7697845085753214e-5,0.011995139363636362,0.006194551134168019,1.51086457940087,0.9867108086669816,-2.909269379238365,-1.1523798714006714,-3.5104154884288965,1.089298768737161,-0.7563352958184046,-0.02105363997354715,0.02,0.980619732458062,5.534183838397326e-4,0.0033038654955466653,0.015394795672411352,1.2818799014040604e-4,0.009720225300588149,0.014637077432529268,0.5022689941630447,0.829305038036972,10,8
9,0.13849046385824723,0.1399709971483963,2.0638560611117915,23.74218146525526,10.60705177895283,1.985030644624604,5.7697845085753214e-5,0.011995139363636362,0.006194551134168019,1.51086457940087,0.9867108086669816,-2.909269379238365,-1.1523798714006714,-3.5104154884288965,1.089298768737161,-0.7563352958184046,-0.02105363997354715,0.02,0.9859484531075601,3.741165993570731e-4,0.0017505554110774748,0.011829750941920052,9.712394008534312e-5,0.010058428437848058,0.012559904092948005,0.5022689941630447,0.7198034320112693,10,8
10,0.13849046385824723,0.1399709971483963,2.0638560611117915,23.74218146525526,10.60705177895283,1.985030644624604,5.7697845085753214e-5,0.011995139363636362,0.006194551134168019,1.51086457940087,0.9867108086669816,-2.909269379238365,-1.1523798714006714,-3.5104154884288965,1.089298768737161,-0.7563352958184046,-0.02105363997354715,0.02,0.9925411813579981,2.2981778096735567e-4,7.466470686116902e-4,0.0064457514583181235,3.660233410482315e-5,0.005282652789147183,0.004118274153711067,0.5022689941630447,0.6832371060211445,10,8
11,0.13849046385824723,0.1399709971483963,2.0638560611117915,23.74218146525526,10.60705177895283,1.985030644624604,5.7697845085753214e-5,0.011995139363636362,0.006194551134168019,1.51086457940087,0.9867108086669816,-2.909269379238365,-1.1523798714006714,-3.5104154884288965,1.089298768737161,-0.7563352958184046,-0.02105363997354715,0.02,0.9970208268244148,1.510591981631959e-4,4.374960655782938e-4,0.002382133495092169,8.484416751450656e-6,0.004707353032504429,0.0032645393928749052,0.5022689941630447,0.6380895066053074,10,8
12,0.13849046385824723,0.1399709971483963,2.0638560611117915,23.74218146525526,10.60705177895283,1.985030644624604,5.7697845085753214e-5,0.011995139363636362,0.006194551134168019,1.51086457940087,0.9867108086669816,-2.909269379238365,-1.1523798714006714,-3.5104154884288965,1.089298768737161,-0.7563352958184046,-0.02105363997354715,0.02,0.989270950135672,4.918831083697009e-4,0.001993727499125611,0.008206105545327063,3.7333711505610495e-5,0.007944815769726455,0.00711909638935112,0.5022689941630447,0.5528189507561913,10,8
13,0.13849046385824723,0.1399709971483963,2.0638560611117915,23.74218146525526,10.60705177895283,1.985030644624604,5.7697845085753214e-5,0.011995139363636362,0.006194551134168019,1.51086457940087,0.9867108086669816,-2.909269379238365,-1.1523798714006714,-3.5104154884288965,1.089298768737161,-0.7563352958184046,-0.02105363997354715,0.02,0.9979712056390367,7.879918019200165e-5,2.894140348016781e-4,0.0016577720049336744,2.809141035937281e-6,0.0017205985665787614,0.0013748092094393604,0.5022689941630447,0.4800515502379822,10,8
1,0.13849046385824723,0.1399709971483963,2.0638560611117915,23.74218146525526,10.60705177895283,1.985030644624604,5.7697845085753214e-5,0.01199513936363636,0.00619455113416802,1.51086457940087,0.9867108086669816,-2.909269379238365,-1.1523798714006714,-3.5104154884288965,1.089298768737161,-0.7563352958184046,-0.02105363997354715,0.02,0.30182041888512834,6.207955855627253e-4,0.0049228083585139,0.6058352229018801,0.08680075426891494,0.04985305754926784,0.7153054644371083,0.5022689941630447,1,9,8
2,0.13849046385824723,0.1399709971483963,2.0638560611117915,23.74218146525526,10.60705177895283,1.985030644624604,5.7697845085753214e-5,0.011995139363636362,0.006194551134168019,1.51086457940087,0.9867108086669816,-2.909269379238365,-1.1523798714006714,-3.5104154884288965,1.089298768737161,-0.7563352958184046,-0.02105363997354715,0.02,0.9903541708484254,4.917736048459816e-4,0.0014903074496147215,0.007609891913073357,5.3856184040493525e-5,0.010294432691093858,0.009740194867505481,0.5022689941630447,1.0121048293943027,9,8
3,0.13849046385824723,0.1399709971483963,2.0638560611117915,23.74218146525526,10.60705177895283,1.985030644624604,5.7697845085753214e-5,0.011995139363636362,0.006194551134168019,1.51086457940087,0.9867108086669816,-2.909269379238365,-1.1523798714006714,-3.5104154884288965,1.089298768737161,-0.7563352958184046,-0.02105363997354715,0.02,0.9578926667575796,0.0014350578225709614,0.006944147525472568,0.03316971440843833,5.584134859386293e-4,0.024613934092769123,0.024805899713456543,0.5022689941630447,0.9498665930399299,9,8
4,0.13849046385824723,0.1399709971483963,2.0638560611117915,23.74218146525526,10.60705177895283,1.985030644624604,5.7697845085753214e-5,0.011995139363636362,0.006194551134168019,1.51086457940087,0.9867108086669816,-2.909269379238365,-1.1523798714006714,-3.5104154884288965,1.089298768737161,-0.7563352958184046,-0.02105363997354715,0.02,0.9664356028431782,8.273522538301153e-4,0.004409095400626594,0.027837109006041107,4.908404963239354e-4,0.019116166703454163,0.014564879969635474,0.5022689941630447,0.8894667604587514,9,8
5,0.13849046385824723,0.1399709971483963,2.0638560611117915,23.74218146525526,10.60705177895283,1.985030644624604,5.7697845085753214e-5,0.011995139363636362,0.006194551134168019,1.51086457940087,0.9867108086669816,-2.909269379238365,-1.1523798714006714,-3.5104154884288965,1.089298768737161,-0.7563352958184046,-0.02105363997354715,0.02,0.9863677244422366,2.9782639563531125e-4,0.0014201698825491696,0.011766111459051118,1.4816782052782995e-4,0.020915294222357887,0.007821937024130268,0.5022689941630447,0.7683546228614649,9,8
6,0.13849046385824723,0.1399709971483963,2.0638560611117915,23.74218146525526,10.60705177895283,1.985030644624604,5.7697845085753214e-5,0.011995139363636362,0.006194551134168019,1.51086457940087,0.9867108086669816,-2.909269379238365,-1.1523798714006714,-3.5104154884288965,1.089298768737161,-0.7563352958184046,-0.02105363997354715,0.02,0.9928464520664732,4.640339293673023e-4,0.0013372448141122587,0.0053132326557684805,3.903653427885007e-5,0.00719666884932183,0.007387503921036054,0.5022689941630447,0.7576681878439034,9,8
7,0.13849046385824723,0.1399709971483963,2.0638560611117915,23.74218146525526,10.60705177895283,1.985030644624604,5.7697845085753214e-5,0.011995139363636362,0.006194551134168019,1.51086457940087,0.9867108086669816,-2.909269379238365,-1.1523798714006714,-3.5104154884288965,1.089298768737161,-0.7563352958184046,-0.02105363997354715,0.02,0.9868858274972677,6.133269864900851e-4,0.002314431455857219,0.010123234075108675,6.317998527638686e-5,0.008989029410897806,0.01025026546390565,0.5022689941630447,0.7157523819088609,9,8
8,0.13849046385824723,0.1399709971483963,2.0638560611117915,23.74218146525526,10.60705177895283,1.985030644624604,5.7697845085753214e-5,0.011995139363636362,0.006194551134168019,1.51086457940087,0.9867108086669816,-2.909269379238365,-1.1523798714006714,-3.5104154884288965,1.089298768737161,-0.7563352958184046,-0.02105363997354715,0.02,0.981401630399079,5.478375091144769e-4,0.003134755047743418,0.014796334605403687,1.1944243865951333e-4,0.010859397658640113,0.009482025096197595,0.5022689941630447,0.7748646714223251,9,8
9,0.13849046385824723,0.1399709971483963,2.0638560611117915,23.74218146525526,10.60705177895283,1.985030644624604,5.7697845085753214e-5,0.011995139363636362,0.006194551134168019,1.51086457940087,0.9867108086669816,-2.909269379238365,-1.1523798714006714,-3.5104154884288965,1.089298768737161,-0.7563352958184046,-0.02105363997354715,0.02,0.9862207926233403,3.471528105244529e-4,0.0017458780347033762,0.011594683052442822,9.149347898907644e-5,0.004391028454454004,0.007831759346099166,0.5022689941630447,0.7660386337717828,9,8
10,0.13849046385824723,0.1399709971483963,2.0638560611117915,23.74218146525526,10.60705177895283,1.985030644624604,5.7697845085753214e-5,0.011995139363636362,0.006194551134168019,1.51086457940087,0.9867108086669816,-2.909269379238365,-1.1523798714006714,-3.5104154884288965,1.089298768737161,-0.7563352958184046,-0.02105363997354715,0.02,0.9926537051636535,2.2419790386075012e-4,7.471098901917501e-4,0.006339285612818612,3.5701429475456686e-5,0.0058147237306696705,0.004315126775703534,0.5022689941630447,0.6145401440686522,9,8
11,0.13849046385824723,0.1399709971483963,2.0638560611117915,23.74218146525526,10.60705177895283,1.985030644624604,5.7697845085753214e-5,0.011995139363636362,0.006194551134168019,1.51086457940087,0.9867108086669816,-2.909269379238365,-1.1523798714006714,-3.5104154884288965,1.089298768737161,-0.7563352958184046,-0.02105363997354715,0.02,0.9971180352890935,1.326153468815615e-4,4.28359910516761e-4,0.002312703794821244,8.28565868703e-6,0.003692997633582209,0.003970127919508379,0.5022689941630447,0.6645473346652656,9,8
12,0.13849046385824723,0.1399709971483963,2.0638560611117915,23.74218146525526,10.60705177895283,1.985030644624604,5.7697845085753214e-5,0.011995139363636362,0.006194551134168019,1.51086457940087,0.9867108086669816,-2.909269379238365,-1.1523798714006714,-3.5104154884288965,1.089298768737161,-0.7563352958184046,-0.02105363997354715,0.02,0.9882570874115186,5.315306656105721e-4,0.002197229202700863,0.008970008902521602,4.414381764828433e-5,0.006928046164485556,0.007712836411403476,0.5022689941630447,0.5341840091945914,9,8
13,0.13849046385824723,0.1399709971483963,2.0638560611117915,23.74218146525526,10.60705177895283,1.985030644624604,5.7697845085753214e-5,0.011995139363636362,0.006194551134168019,1.51086457940087,0.9867108086669816,-2.909269379238365,-1.1523798714006714,-3.5104154884288965,1.089298768737161,-0.7563352958184046,-0.02105363997354715,0.02,0.9980583852294342,8.834205016565801e-5,2.998882148158672e-4,0.0015508650425927707,2.519462991614465e-6,0.0024572292357313685,0.00241693279213897,0.5022689941630447,0.4334413552265869,9,8
1,0.13849046385824723,0.1399709971483963,2.0638560611117915,23.74218146525526,10.60705177895283,1.985030644624604,5.7697845085753214e-5,0.01199513936363636,0.00619455113416802,1.51086457940087,0.9867108086669816,-2.909269379238365,-1.1523798714006714,-3.5104154884288965,1.089298768737161,-0.7563352958184046,-0.02105363997354715,0.02,0.30182041888512834,6.207955855627253e-4,0.0049228083585139,0.6058352229018801,0.08680075426891494,0.04985305754926784,0.7153054644371083,0.5022689941630447,1,8,8
2,0.13849046385824723,0.1399709971483963,2.0638560611117915,23.74218146525526,10.60705177895283,1.985030644624604,5.7697845085753214e-5,0.011995139363636362,0.006194551134168019,1.51086457940087,0.9867108086669816,-2.909269379238365,-1.1523798714006714,-3.5104154884288965,1.089298768737161,-0.7563352958184046,-0.02105363997354715,0.02,0.9837668107543583,0.0011326804872696316,0.003698081336629287,0.011309710815616408,9.271660612634222e-5,0.016675943259899413,0.01687605500093942,0.5022689941630447,0.9720880109956981,8,8
3,0.13849046385824723,0.1399709971483963,2.0638560611117915,23.74218146525526,10.60705177895283,1.985030644624604,5.7697845085753214e-5,0.011995139363636362,0.006194551134168019,1.51086457940087,0.9867108086669816,-2.909269379238365,-1.1523798714006714,-3.5104154884288965,1.089298768737161,-0.7563352958184046,-0.02105363997354715,0.02,0.9580501039812758,0.0014050262323620855,0.006897589956686247,0.03308589635538435,5.6138347429163e-4,0.01929724938563995,0.021370075070418004,0.5022689941630447,0.923847649253288,8,8
4,0.13849046385824723,0.1399709971483963,2.0638560611117915,23.74218146525526,10.60705177895283,1.985030644624604,5.7697845085753214e-5,0.011995139363636362,0.006194551134168019,1.51086457940087,0.9867108086669816,-2.909269379238365,-1.1523798714006714,-3.5104154884288965,1.089298768737161,-0.7563352958184046,-0.02105363997354715,0.02,0.9662632460703476,8.262790777485002e-4,0.004432401220818125,0.0279900456797854,4.8802795130038567e-4,0.017878360328074102,0.014557553575487188,0.5022689941630447,0.8296732420214362,8,8
5,0.13849046385824723,0.1399709971483963,2.0638560611117915,23.74218146525526,10.60705177895283,1.985030644624604,5.7697845085753214e-5,0.011995139363636362,0.006194551134168019,1.51086457940087,0.9867108086669816,-2.909269379238365,-1.1523798714006714,-3.5104154884288965,1.089298768737161,-0.7563352958184046,-0.02105363997354715,0.02,0.986103097048133,3.010419501693518e-4,0.0014342254544297713,0.012003695647548938,1.5793989971880375e-4,0.008576245248590672,0.006719328854527306,0.5022689941630447,0.7390471836804938,8,8
6,0.13849046385824723,0.1399709971483963,2.0638560611117915,23.74218146525526,10.60705177895283,1.985030644624604,5.7697845085753214e-5,0.011995139363636362,0.006194551134168019,1.51086457940087,0.9867108086669816,-2.909269379238365,-1.1523798714006714,-3.5104154884288965,1.089298768737161,-0.7563352958184046,-0.02105363997354715,0.02,0.9929024087597548,4.661984101235018e-4,0.0013342669756452646,0.0052595182842600785,3.760757021637317e-5,0.006652416629351446,0.00666249633860851,0.5022689941630447,0.8593768233362241,8,8
7,0.13849046385824723,0.1399709971483963,2.0638560611117915,23.74218146525526,10.60705177895283,1.985030644624604,5.7697845085753214e-5,0.011995139363636362,0.006194551134168019,1.51086457940087,0.9867108086669816,-2.909269379238365,-1.1523798714006714,-3.5104154884288965,1.089298768737161,-0.7563352958184046,-0.02105363997354715,0.02,0.9866073542648957,6.488446217529034e-4,0.002346946058936898,0.01033210033555563,6.475471885887452e-5,0.009667512646510603,0.009832400633246259,0.5022689941630447,0.833180231022526,8,8
8,0.13849046385824723,0.1399709971483963,2.0638560611117915,23.74218146525526,10.60705177895283,1.985030644624604,5.7697845085753214e-5,0.011995139363636362,0.006194551134168019,1.51086457940087,0.9867108086669816,-2.909269379238365,-1.1523798714006714,-3.5104154884288965,1.089298768737161,-0.7563352958184046,-0.02105363997354715,0.02,0.980542435194364,5.290506064935808e-4,0.003252562342778809,0.015547509458731042,1.2844239763252997e-4,0.009324260173727141,0.008244578799662863,0.5022689941630447,0.7987860473929347,8,8
9,0.13849046385824723,0.1399709971483963,2.0638560611117915,23.74218146525526,10.60705177895283,1.985030644624604,5.7697845085753214e-5,0.011995139363636362,0.006194551134168019,1.51086457940087,0.9867108086669816,-2.909269379238365,-1.1523798714006714,-3.5104154884288965,1.089298768737161,-0.7563352958184046,-0.02105363997354715,0.02,0.9862662818878338,3.543913981347786e-4,0.0017206121940922835,0.011565113563427652,9.360095651151154e-5,0.007579751910016804,0.009165201128448486,0.5022689941630447,0.719641968885991,8,8
10,0.13849046385824723,0.1399709971483963,2.0638560611117915,23.74218146525526,10.60705177895283,1.985030644624604,5.7697845085753214e-5,0.011995139363636362,0.006194551134168019,1.51086457940087,0.9867108086669816,-2.909269379238365,-1.1523798714006714,-3.5104154884288965,1.089298768737161,-0.7563352958184046,-0.02105363997354715,0.02,0.9924314103869994,2.231479384703333e-4,7.465890613199857e-4,0.00656061350505905,3.823910815122785e-5,0.004635275266650654,0.004674234691446952,0.5022689941630447,0.6293824619951663,8,8
11,0.13849046385824723,0.1399709971483963,2.0638560611117915,23.74218146525526,10.60705177895283,1.985030644624604,5.7697845085753214e-5,0.011995139363636362,0.006194551134168019,1.51086457940087,0.9867108086669816,-2.909269379238365,-1.1523798714006714,-3.5104154884288965,1.089298768737161,-0.7563352958184046,-0.02105363997354715,0.02,0.9970878025132546,1.434618273501985e-4,4.249211429365805e-4,0.002335147859385726,8.666657072961863e-6,0.003205750673990836,0.0041459112739177595,0.5022689941630447,0.5507195312739039,8,8
12,0.13849046385824723,0.1399709971483963,2.0638560611117915,23.74218146525526,10.60705177895283,1.985030644624604,5.7697845085753214e-5,0.011995139363636362,0.006194551134168019,1.51086457940087,0.9867108086669816,-2.909269379238365,-1.1523798714006714,-3.5104154884288965,1.089298768737161,-0.7563352958184046,-0.02105363997354715,0.02,0.9917294730477486,3.665185780393942e-4,0.001521109539601454,0.006359881357356686,2.3017477253913977e-5,0.005649157477360455,0.005484576201992488,0.5022689941630447,0.4921934169861273,8,8
13,0.13849046385824723,0.1399709971483963,2.0638560611117915,23.74218146525526,10.60705177895283,1.985030644624604,5.7697845085753214e-5,0.011995139363636362,0.006194551134168019,1.51086457940087,0.9867108086669816,-2.909269379238365,-1.1523798714006714,-3.5104154884288965,1.089298768737161,-0.7563352958184046,-0.02105363997354715,0.02,0.9981589398657806,7.626865865336555e-5,2.945527889713442e-4,0.0014682225685910479,2.0161180035555874e-6,0.0020335407177687658,0.0018704436398520533,0.5022689941630447,0.43554776361828307,8,8
1,0.13849046385824723,0.1399709971483963,2.0638560611117915,23.74218146525526,10.60705177895283,1.985030644624604,5.7697845085753214e-5,0.01199513936363636,0.00619455113416802,1.51086457940087,0.9867108086669816,-2.909269379238365,-1.1523798714006714,-3.5104154884288965,1.089298768737161,-0.7563352958184046,-0.02105363997354715,0.02,0.30182041888512834,6.207955855627253e-4,0.0049228083585139,0.6058352229018801,0.08680075426891494,0.04985305754926784,0.7153054644371083,0.5022689941630447,1,7,8
2,0.13849046385824723,0.1399709971483963,2.0638560611117915,23.74218146525526,10.60705177895283,1.985030644624604,5.7697845085753214e-5,0.011995139363636362,0.006194551134168019,1.51086457940087,0.9867108086669816,-2.909269379238365,-1.1523798714006714,-3.5104154884288965,1.089298768737161,-0.7563352958184046,-0.02105363997354715,0.02,0.9686101596855492,0.001822559524352635,0.007179106415756719,0.022069614788525614,3.185595858158364e-4,0.018889567903053274,0.019913778514051565,0.5022689941630447,0.9393044683582775,7,8
3,0.13849046385824723,0.1399709971483963,2.0638560611117915,23.74218146525526,10.60705177895283,1.985030644624604,5.7697845085753214e-5,0.011995139363636362,0.006194551134168019,1.51086457940087,0.9867108086669816,-2.909269379238365,-1.1523798714006714,-3.5104154884288965,1.089298768737161,-0.7563352958184046,-0.02105363997354715,0.02,0.95797250851560245,0.0013863556801985797,0.006928277102426893,0.03315534273110123,5.575159706708345e-4,0.017268759469855337,0.019488588882410094,0.5022689941630447,0.9096383491865467,7,8
4,0.13849046385824723,0.1399709971483963,2.0638560611117915,23.74218146525526,10.60705177895283,1.985030644624604,5.7697845085753214e-5,0.011995139363636362,0.006194551134168019,1.51086457940087,0.9867108086669816,-2.909269379238365,-1.1523798714006714,-3.5104154884288965,1.089298768737161,-0.7563352958184046,-0.02105363997354715,0.02,0.9666847442380005,8.293014131115238e-4,0.0043610155638993155,0.02764147310644114,4.8346567854745003e-4,0.015042078874759732,0.01708063888443995,0.5022689941630447,0.8958042619070871,7,8
5,0.13849046385824723,0.1399709971483963,2.0638560611117915,23.74218146525526,10.60705177895283,1.985030644624604,5.7697845085753214e-5,0.011995139363636362,0.006194551134168019,1.51086457940087,0.9867108086669816,-2.909269379238365,-1.1523798714006714,-3.5104154884288965,1.089298768737161,-0.7563352958184046,-0.02105363997354715,0.02,0.9865227092910192,3.2500979320672347e-4,0.0014162170968122444,0.011587485416917119,1.4857840204482502e-4,0.005169301257004285,0.01229407470733451,0.5022689941630447,0.77358305660054,7,8
6,0.13849046385824723,0.1399709971483963,2.0638560611117915,23.74218146525526,10.60705177895283,1.985030644624604,5.7697845085753214e-5,0.011995139363636362,0.006194551134168019,1.51086457940087,0.9867108086669816,-2.909269379238365,-1.1523798714006714,-3.5104154884288965,1.089298768737161,-0.7563352958184046,-0.02105363997354715,0.02,0.9927785836036382,4.7294047494120223e-4,0.0013360776637356992,0.005372183976229895,4.0214281455075986e-5,0.008268409656934214,0.005644419846783956,0.5022689941630447,0.8212386703833693,7,8
7,0.13849046385824723,0.1399709971483963,2.0638560611117915,23.74218146525526,10.60705177895283,1.985030644624604,5.7697845085753214e-5,0.011995139363636362,0.006194551134168019,1.51086457940087,0.9867108086669816,-2.909269379238365,-1.1523798714006714,-3.5104154884288965,1.089298768737161,-0.7563352958184046,-0.02105363997354715,0.02,0.9866729967973829,6.441572789654983e-4,0.0023536879233613034,0.010264720057208326,6.443794308200617e-5,0.008715545103133429,0.010305830896728738,0.5022689941630447,0.7462992414422343,7,8
8,0.13849046385824723,0.1399709971483963,2.0638560611117915,23.74218146525526,10.60705177895283,1.985030644624604,5.7697845085753214e-5,0.011995139363636362,0.006194551134168019,1.51086457940087,0.9867108086669816,-2.909269379238365,-1.1523798714006714,-3.5104154884288965,1.089298768737161,-0.7563352958184046,-0.02105363997354715,0.02,0.9810839661556113,5.505541602563019e-4,0.0031637948726280654,0.015079637303037142,1.2204750846718469e-4,0.011338825659621287,0.013381420434316203,0.5022689941630447,0.7769639631642868,7,8
9,0.13849046385824723,0.1399709971483963,2.0638560611117915,23.74218146525526,10.60705177895283,1.985030644624604,5.7697845085753214e-5,0.011995139363636362,0.006194551134168019,1.51086457940087,0.9867108086669816,-2.909269379238365,-1.1523798714006714,-3.5104154884288965,1.089298768737161,-0.7563352958184046,-0.02105363997354715,0.02,0.9861894646049926,3.6187285229934585e-4,0.0017260347206142833,0.011628723355386355,9.390446670742641e-5,0.011552122551658715,0.007529621139971901,0.5022689941630447,0.6882122172326072,7,8
10,0.13849046385824723,0.1399709971483963,2.0638560611117915,23.74218146525526,10.60705177895283,1.985030644624604,5.7697845085753214e-5,0.011995139363636362,0.006194551134168019,1.51086457940087,0.9867108086669816,-2.909269379238365,-1.1523798714006714,-3.5104154884288965,1.089298768737161,-0.7563352958184046,-0.02105363997354715,0.02,0.9925474189199,2.087497428608282e-4,7.424141495530426e-4,0.006464424064625335,3.699312306097698e-5,0.0031111836898664756,0.003821802052699482,0.5022689941630447,0.6760651591812158,7,8
11,0.13849046385824723,0.1399709971483963,2.0638560611117915,23.74218146525526,10.60705177895283,1.985030644624604,5.7697845085753214e-5,0.011995139363636362,0.006194551134168019,1.51086457940087,0.9867108086669816,-2.909269379238365,-1.1523798714006714,-3.5104154884288965,1.089298768737161,-0.7563352958184046,-0.02105363997354715,0.02,0.9971090682126124,1.4568183773024183e-4,4.2536905053363743e-4,0.0023111197529874024,8.76114613645005e-6,0.003830936688410761,0.003696066204813189,0.5022689941630447,0.7586881321068386,7,8
12,0.13849046385824723,0.1399709971483963,2.0638560611117915,23.74218146525526,10.60705177895283,1.985030644624604,5.7697845085753214e-5,0.011995139363636362,0.006194551134168019,1.51086457940087,0.9867108086669816,-2.909269379238365,-1.1523798714006714,-3.5104154884288965,1.089298768737161,-0.7563352958184046,-0.02105363997354715,0.02,0.9849176730451021,7.09200716261798e-4,0.0028445771152970194,0.011457341234468134,7.120788887087032e-5,0.010811956559233268,0.00973088401464796,0.5022689941630447,0.39073989549888016,7,8
13,0.13849046385824723,0.1399709971483963,2.0638560611117915,23.74218146525526,10.60705177895283,1.985030644624604,5.7697845085753214e-5,0.011995139363636362,0.006194551134168019,1.51086457940087,0.9867108086669816,-2.909269379238365,-1.1523798714006714,-3.5104154884288965,1.089298768737161,-0.7563352958184046,-0.02105363997354715,0.02,0.998360800436673,7.452271469210475e-5,2.8058645250095347e-4,0.0012826723528053397,1.4180433286768586e-6,0.0015323558737756553,0.0020796212234902287,0.5022689941630447,0.46824196378718613,7,8
1,0.13849046385824723,0.1399709971483963,2.0638560611117915,23.74218146525526,10.60705177895283,1.985030644624604,5.7697845085753214e-5,0.01199513936363636,0.00619455113416802,1.51086457940087,0.9867108086669816,-2.909269379238365,-1.1523798714006714,-3.5104154884288965,1.089298768737161,-0.7563352958184046,-0.02105363997354715,0.02,0.30182041888512834,6.207955855627253e-4,0.0049228083585139,0.6058352229018801,0.08680075426891494,0.04985305754926784,0.7153054644371083,0.5022689941630447,1,6,8
2,0.13849046385824723,0.1399709971483963,2.0638560611117915,23.74218146525526,10.60705177895283,1.985030644624604,5.7697845085753214e-5,0.011995139363636362,0.006194551134168019,1.51086457940087,0.9867108086669816,-2.909269379238365,-1.1523798714006714,-3.5104154884288965,1.089298768737161,-0.7563352958184046,-0.02105363997354715,0.02,0.9647154901499674,0.001349712265041775,0.006035775883992325,0.027385815123348263,5.132065776502731e-4,0.018491668096454427,0.019260895157603097,0.5022689941630447,0.9314617932774744,6,8
3,0.13849046385824723,0.1399709971483963,2.0638560611117915,23.74218146525526,10.60705177895283,1.985030644624604,5.7697845085753214e-5,0.011995139363636362,0.006194551134168019,1.51086457940087,0.9867108086669816,-2.909269379238365,-1.1523798714006714,-3.5104154884288965,1.089298768737161,-0.7563352958184046,-0.02105363997354715,0.02,0.9581525675345259,0.0013760209505105688,0.0068592372404614795,0.03306046389420989,5.517103802922049e-4,0.019996545863137365,0.0223184903274228,0.5022689941630447,0.9059038456656305,6,8
4,0.13849046385824723,0.1399709971483963,2.0638560611117915,23.74218146525526,10.60705177895283,1.985030644624604,5.7697845085753214e-5,0.011995139363636362,0.006194551134168019,1.51086457940087,0.9867108086669816,-2.909269379238365,-1.1523798714006714,-3.5104154884288965,1.089298768737161,-0.7563352958184046,-0.02105363997354715,0.02,0.9664875398720152,8.423453554294473e-4,0.004401184092220063,0.027787714556079944,4.8121612425534237e-4,0.015238467380760214,0.018671043983358355,0.5022689941630447,0.808697697884929,6,8
5,0.13849046385824723,0.1399709971483963,2.0638560611117915,23.74218146525526,10.60705177895283,1.985030644624604,5.7697845085753214e-5,0.011995139363636362,0.006194551134168019,1.51086457940087,0.9867108086669816,-2.909269379238365,-1.1523798714006714,-3.5104154884288965,1.089298768737161,-0.7563352958184046,-0.02105363997354715,0.02,0.9866836056896585,3.0651320999518184e-4,0.001325805175547228,0.011533712066064222,1.5036385873482672e-4,0.004610386304088945,0.008298351899464698,0.5022689941630447,0.7796145315554653,6,8
6,0.13849046385824723,0.1399709971483963,2.0638560611117915,23.74218146525526,10.60705177895283,1.985030644624604,5.7697845085753214e-5,0.011995139363636362,0.006194551134168019,1.51086457940087,0.9867108086669816,-2.909269379238365,-1.1523798714006714,-3.5104154884288965,1.089298768737161,-0.7563352958184046,-0.02105363997354715,0.02,0.9927727263795126,4.8355308020438286e-4,0.0013440784703984542,0.005359792534864639,3.984953501984529e-5,0.005968266446885714,0.006243236607695596,0.5022689941630447,0.83450291549998,6,8
7,0.13849046385824723,0.1399709971483963,2.0638560611117915,23.74218146525526,10.60705177895283,1.985030644624604,5.7697845085753214e-5,0.011995139363636362,0.006194551134168019,1.51086457940087,0.9867108086669816,-2.909269379238365,-1.1523798714006714,-3.5104154884288965,1.089298768737161,-0.7563352958184046,-0.02105363997354715,0.02,0.986657468138794,6.3251167219533e-4,0.002354915291251506,0.010291055492068768,6.404940569041359e-5,0.010709195841141547,0.010928518588757968,0.5022689941630447,0.8271629921859447,6,8
8,0.13849046385824723,0.1399709971483963,2.0638560611117915,23.74218146525526,10.60705177895283,1.985030644624604,5.7697845085753214e-5,0.011995139363636362,0.006194551134168019,1.51086457940087,0.9867108086669816,-2.909269379238365,-1.1523798714006714,-3.5104154884288965,1.089298768737161,-0.7563352958184046,-0.02105363997354715,0.02,0.980583454063578,5.820579787492276e-4,0.003240882849292469,0.015463593102309136,1.3001200607112794e-4,0.009934839677096373,0.011069104731388075,0.5022689941630447,0.8161559192087768,6,8
9,0.13849046385824723,0.1399709971483963,2.0638560611117915,23.74218146525526,10.60705177895283,1.985030644624604,5.7697845085753214e-5,0.011995139363636362,0.006194551134168019,1.51086457940087,0.9867108086669816,-2.909269379238365,-1.1523798714006714,-3.5104154884288965,1.089298768737161,-0.7563352958184046,-0.02105363997354715,0.02,0.9861712957387768,3.574987528696771e-4,0.0017395889071547888,0.011638537300829465,9.30793003692918e-5,0.00851763498785224,0.007482121499741132,0.5022689941630447,0.6125867840195692,6,8
10,0.13849046385824723,0.1399709971483963,2.0638560611117915,23.74218146525526,10.60705177895283,1.985030644624604,5.7697845085753214e-5,0.011995139363636362,0.006194551134168019,1.51086457940087,0.9867108086669816,-2.909269379238365,-1.1523798714006714,-3.5104154884288965,1.089298768737161,-0.7563352958184046,-0.02105363997354715,0.02,0.9927124337884491,2.0379633238384352e-4,7.36872372106288e-4,0.006311773539094065,3.512396796667448e-5,0.004246086435908893,0.004321661684121994,0.5022689941630447,0.6143643773289894,6,8
11,0.13849046385824723,0.1399709971483963,2.0638560611117915,23.74218146525526,10.60705177895283,1.985030644624604,5.7697845085753214e-5,0.011995139363636362,0.006194551134168019,1.51086457940087,0.9867108086669816,-2.909269379238365,-1.1523798714006714,-3.5104154884288965,1.089298768737161,-0.7563352958184046,-0.02105363997354715,0.02,0.9969863199038023,1.4337930112869727e-4,4.275051746972136e-4,0.002433965361842957,8.830258528843748e-6,0.0029837784770703527,0.0037440628757436935,0.5022689941630447,0.6227161173140211,6,8
12,0.13849046385824723,0.1399709971483963,2.0638560611117915,23.74218146525526,10.60705177895283,1.985030644624604,5.7697845085753214e-5,0.011995139363636362,0.006194551134168019,1.51086457940087,0.9867108086669816,-2.909269379238365,-1.1523798714006714,-3.5104154884288965,1.089298768737161,-0.7563352958184046,-0.02105363997354715,0.02,0.9894942355358667,4.764277478361045e-4,0.0019537420606998866,0.008039606542930122,3.59881126672267e-5,0.00739982367406907,0.007819424573933663,0.5022689941630447,0.4963022112088096,6,8
13,0.13849046385824723,0.1399709971483963,2.0638560611117915,23.74218146525526,10.60705177895283,1.985030644624604,5.7697845085753214e-5,0.011995139363636362,0.006194551134168019,1.51086457940087,0.9867108086669816,-2.909269379238365,-1.1523798714006714,-3.5104154884288965,1.089298768737161,-0.7563352958184046,-0.02105363997354715,0.02,0.9981531815376994,7.728000558690085e-5,2.857721680998797e-4,0.0014815917113767316,2.1745772371248275e-6,0.002237725216585035,0.00198999608438889,0.5022689941630447,0.38950104272298036,6,8
1,0.13849046385824723,0.1399709971483963,2.0638560611117915,23.74218146525526,10.60705177895283,1.985030644624604,5.7697845085753214e-5,0.01199513936363636,0.00619455113416802,1.51086457940087,0.9867108086669816,-2.909269379238365,-1.1523798714006714,-3.5104154884288965,1.089298768737161,-0.7563352958184046,-0.02105363997354715,0.02,0.30182041888512834,6.207955855627253e-4,0.0049228083585139,0.6058352229018801,0.08680075426891494,0.04985305754926784,0.7153054644371083,0.5022689941630447,1,5,8
2,0.13849046385824723,0.1399709971483963,2.0638560611117915,23.74218146525526,10.60705177895283,1.985030644624604,5.7697845085753214e-5,0.011995139363636362,0.006194551134168019,1.51086457940087,0.9867108086669816,-2.909269379238365,-1.1523798714006714,-3.5104154884288965,1.089298768737161,-0.7563352958184046,-0.02105363997354715,0.02,0.9714086677914497,0.0010554545290567667,0.0042847648590830885,0.022839354500882786,4.117583195275146e-4,0.013682064891221606,0.01479564896992447,0.5022689941630447,0.888694775596817,5,8
3,0.13849046385824723,0.1399709971483963,2.0638560611117915,23.74218146525526,10.60705177895283,1.985030644624604,5.7697845085753214e-5,0.011995139363636362,0.006194551134168019,1.51086457940087,0.9867108086669816,-2.909269379238365,-1.1523798714006714,-3.5104154884288965,1.089298768737161,-0.7563352958184046,-0.02105363997354715,0.02,0.9580258264697717,0.001347880752852489,0.0069094709063253585,0.033164923039486795,5.518988315635672e-4,0.021152113117755115,0.01970064960863824,0.5022689941630447,0.9068040810937736,5,8
4,0.13849046385824723,0.1399709971483963,2.0638560611117915,23.74218146525526,10.60705177895283,1.985030644624604,5.7697845085753214e-5,0.011995139363636362,0.006194551134168019,1.51086457940087,0.9867108086669816,-2.909269379238365,-1.1523798714006714,-3.5104154884288965,1.089298768737161,-0.7563352958184046,-0.02105363997354715,0.02,0.9662838364710106,8.520947447707044e-4,0.004407892427983302,0.027966284941920515,4.898914143149195e-4,0.013151368935411946,0.016978238319053617,0.5022689941630447,0.8392371217932084,5,8
5,0.13849046385824723,0.1399709971483963,2.0638560611117915,23.74218146525526,10.60705177895283,1.985030644624604,5.7697845085753214e-5,0.011995139363636362,0.006194551134168019,1.51086457940087,0.9867108086669816,-2.909269379238365,-1.1523798714006714,-3.5104154884288965,1.089298768737161,-0.7563352958184046,-0.02105363997354715,0.02,0.9866714326105418,3.191620744434255e-4,0.0013969661239158838,0.011471010365135436,1.4142882596346416e-4,0.009520760260132552,0.019069443054570194,0.5022689941630447,0.7013276801504735,5,8
6,0.13849046385824723,0.1399709971483963,2.0638560611117915,23.74218146525526,10.60705177895283,1.985030644624604,5.7697845085753214e-5,0.011995139363636362,0.006194551134168019,1.51086457940087,0.9867108086669816,-2.909269379238365,-1.1523798714006714,-3.5104154884288965,1.089298768737161,-0.7563352958184046,-0.02105363997354715,0.02,0.9928337816276577,4.697233033112154e-4,0.0013401936139499763,0.005316495611323094,3.9805843758038294e-5,0.006250325798652981,0.006691313099755669,0.5022689941630447,0.8068154889107242,5,8
7,0.13849046385824723,0.1399709971483963,2.0638560611117915,23.74218146525526,10.60705177895283,1.985030644624604,5.7697845085753214e-5,0.011995139363636362,0.006194551134168019,1.51086457940087,0.9867108086669816,-2.909269379238365,-1.1523798714006714,-3.5104154884288965,1.089298768737161,-0.7563352958184046,-0.02105363997354715,0.02,0.9868792376758466,6.286120724328181e-4,0.0023194742419634304,0.010110837123867822,6.183888588928158e-5,0.00887072882455776,0.009287665809715958,0.5022689941630447,0.9235877975358506,5,8
8,0.13849046385824723,0.1399709971483963,2.0638560611117915,23.74218146525526,10.60705177895283,1.985030644624604,5.7697845085753214e-5,0.011995139363636362,0.006194551134168019,1.51086457940087,0.9867108086669816,-2.909269379238365,-1.1523798714006714,-3.5104154884288965,1.089298768737161,-0.7563352958184046,-0.02105363997354715,0.02,0.9808357963961697,5.700567016773582e-4,0.0032332000816182346,0.015234219082009275,1.2672773852556528e-4,0.013054579239795106,0.011057298361808436,0.5022689941630447,0.7265181628767118,5,8
9,0.13849046385824723,0.1399709971483963,2.0638560611117915,23.74218146525526,10.60705177895283,1.985030644624604,5.7697845085753214e-5,0.011995139363636362,0.006194551134168019,1.51086457940087,0.9867108086669816,-2.909269379238365,-1.1523798714006714,-3.5104154884288965,1.089298768737161,-0.7563352958184046,-0.02105363997354715,0.02,0.98627194461243906,3.648123515572278e-4,0.0017424522054225523,0.01153015760360721,9.063322697393849e-5,0.010431356973390522,0.008398566447428568,0.5022689941630447,0.6786246653751631,5,8
10,0.13849046385824723,0.1399709971483963,2.0638560611117915,23.74218146525526,10.60705177895283,1.985030644624604,5.7697845085753214e-5,0.011995139363636362,0.006194551134168019,1.51086457940087,0.9867108086669816,-2.909269379238365,-1.1523798714006714,-3.5104154884288965,1.089298768737161,-0.7563352958184046,-0.02105363997354715,0.02,0.9927635183589076,2.136801797284695e-4,7.167105225355189e-4,0.006270640722043082,3.545021678525372e-5,0.004548134985510682,0.005101275218278713,0.5022689941630447,0.6160017977816933,5,8
11,0.13849046385824723,0.1399709971483963,2.0638560611117915,23.74218146525526,10.60705177895283,1.985030644624604,5.7697845085753214e-5,0.011995139363636362,0.006194551134168019,1.51086457940087,0.9867108086669816,-2.909269379238365,-1.1523798714006714,-3.5104154884288965,1.089298768737161,-0.7563352958184046,-0.02105363997354715,0.02,0.9971225156641256,1.434538641617061e-4,4.2812409704381715e-4,0.0022972643449239625,8.642029744925056e-6,0.0033116883161932306,0.0036004553271478884,0.5022689941630447,0.6476285853784853,5,8
12,0.13849046385824723,0.1399709971483963,2.0638560611117915,23.74218146525526,10.60705177895283,1.985030644624604,5.7697845085753214e-5,0.011995139363636362,0.006194551134168019,1.51086457940087,0.9867108086669816,-2.909269379238365,-1.1523798714006714,-3.5104154884288965,1.089298768737161,-0.7563352958184046,-0.02105363997354715,0.02,0.9886814321849485,5.204034098339466e-4,0.002100626642020229,0.008656349134515505,4.118862868179824e-5,0.006771353779689093,0.007961067070585175,0.5022689941630447,0.4025587237801086,5,8
13,0.13849046385824723,0.1399709971483963,2.0638560611117915,23.74218146525526,10.60705177895283,1.985030644624604,5.7697845085753214e-5,0.011995139363636362,0.006194551134168019,1.51086457940087,0.9867108086669816,-2.909269379238365,-1.1523798714006714,-3.5104154884288965,1.089298768737161,-0.7563352958184046,-0.02105363997354715,0.02,0.9981898338122143,7.608208674399879e-5,2.9017405516657e-4,0.0014419661783200161,1.9438675549991757e-6,0.0015995903564878975,0.001734040769092237,0.5022689941630447,0.30841690958172285,5,8
1,0.13849046385824723,0.1399709971483963,2.0638560611117915,23.74218146525526,10.60705177895283,1.985030644624604,5.7697845085753214e-5,0.01199513936363636,0.00619455113416802,1.51086457940087,0.9867108086669816,-2.909269379238365,-1.1523798714006714,-3.5104154884288965,1.089298768737161,-0.7563352958184046,-0.02105363997354715,0.02,0.30182041888512834,6.207955855627253e-4,0.0049228083585139,0.6058352229018801,0.08680075426891494,0.04985305754926784,0.7153054644371083,0.5022689941630447,1,4,8
2,0.13849046385824723,0.1399709971483963,2.0638560611117915,23.74218146525526,10.60705177895283,1.985030644624604,5.7697845085753214e-5,0.011995139363636362,0.006194551134168019,1.51086457940087,0.9867108086669816,-2.909269379238365,-1.1523798714006714,-3.5104154884288965,1.089298768737161,-0.7563352958184046,-0.02105363997354715,0.02,0.9728030982202934,9.90001111020654e-4,0.0042201642706991786,0.021672846564315024,3.1388983367172896e-4,0.017432206074835813,0.01443300812080363,0.5022689941630447,0.9080126812036158,4,8
3,0.13849046385824723,0.1399709971483963,2.0638560611117915,23.74218146525526,10.60705177895283,1.985030644624604,5.7697845085753214e-5,0.011995139363636362,0.006194551134168019,1.51086457940087,0.9867108086669816,-2.909269379238365,-1.1523798714006714,-3.5104154884288965,1.089298768737161,-0.7563352958184046,-0.02105363997354715,0.02,0.9580792631895314,0.0013587046048006966,0.006899355691746832,0.033106495295160035,5.561812187610071e-4,0.021675390894747185,0.0176873376475653,0.5022689941630447,0.8605034086645564,4,8
4,0.13849046385824723,0.1399709971483963,2.0638560611117915,23.74218146525526,10.60705177895283,1.985030644624604,5.7697845085753214e-5,0.011995139363636362,0.006194551134168019,1.51086457940087,0.9867108086669816,-2.909269379238365,-1.1523798714006714,-3.5104154884288965,1.089298768737161,-0.7563352958184046,-0.02105363997354715,0.02,0.9670167299280797,8.001738646917682e-4,0.004326141895974059,0.027385492388464185,4.7146192279022087e-4,0.0169256830382057,0.01675139383734736,0.5022689941630447,0.7936597520859481,4,8
5,0.13849046385824723,0.1399709971483963,2.0638560611117915,23.74218146525526,10.60705177895283,1.985030644624604,5.7697845085753214e-5,0.011995139363636362,0.006194551134168019,1.51086457940087,0.9867108086669816,-2.909269379238365,-1.1523798714006714,-3.5104154884288965,1.089298768737161,-0.7563352958184046,-0.02105363997354715,0.02,0.9866708205351465,2.4210981936358564e-4,0.0013140056453098384,0.01162652582776933,1.4653817241068443e-4,0.004531959614230715,0.009268720091347027,0.5022689941630447,0.7172220438531737,4,8
6,0.13849046385824723,0.1399709971483963,2.0638560611117915,23.74218146525526,10.60705177895283,1.985030644624604,5.7697845085753214e-5,0.011995139363636362,0.006194551134168019,1.51086457940087,0.9867108086669816,-2.909269379238365,-1.1523798714006714,-3.5104154884288965,1.089298768737161,-0.7563352958184046,-0.02105363997354715,0.02,0.99285101779112,4.435833290047885e-4,0.001324228649094992,0.005341352143827671,3.9818086952607485e-5,0.007725052470810144,0.006230510787085354,0.5022689941630447,0.8116054504930085,4,8
7,0.13849046385824723,0.1399709971483963,2.0638560611117915,23.74218146525526,10.60705177895283,1.985030644624604,5.7697845085753214e-5,0.011995139363636362,0.006194551134168019,1.51086457940087,0.9867108086669816,-2.909269379238365,-1.1523798714006714,-3.5104154884288965,1.089298768737161,-0.7563352958184046,-0.02105363997354715,0.02,0.9867209046175354,6.409601082992035e-4,0.0023439627277730794,0.010231619182913715,6.255336347873125e-5,0.008701923566132301,0.009931986793544774,0.5022689941630447,0.6906492734429783,4,8
8,0.13849046385824723,0.1399709971483963,2.0638560611117915,23.74218146525526,10.60705177895283,1.985030644624604,5.7697845085753214e-5,0.011995139363636362,0.006194551134168019,1.51086457940087,0.9867108086669816,-2.909269379238365,-1.1523798714006714,-3.5104154884288965,1.089298768737161,-0.7563352958184046,-0.02105363997354715,0.02,0.9810567328713524,5.415635333490851e-4,0.003187000179578361,0.015094152860426722,1.2055055529341274e-4,0.010695286861425771,0.009210436542791283,0.5022689941630447,0.6796153307033498,4,8
9,0.13849046385824723,0.1399709971483963,2.0638560611117915,23.74218146525526,10.60705177895283,1.985030644624604,5.7697845085753214e-5,0.011995139363636362,0.006194551134168019,1.51086457940087,0.9867108086669816,-2.909269379238365,-1.1523798714006714,-3.5104154884288965,1.089298768737161,-0.7563352958184046,-0.02105363997354715,0.02,0.9862905207876956,3.5943178323932215e-4,0.0017146013793514162,0.01154240485848682,9.304119122684274e-5,0.0075699061929945435,0.007487550834597595,0.5022689941630447,0.7102530161127006,4,8
10,0.13849046385824723,0.1399709971483963,2.0638560611117915,23.74218146525526,10.60705177895283,1.985030644624604,5.7697845085753214e-5,0.011995139363636362,0.006194551134168019,1.51086457940087,0.9867108086669816,-2.909269379238365,-1.1523798714006714,-3.5104154884288965,1.089298768737161,-0.7563352958184046,-0.02105363997354715,0.02,0.9925639228117662,2.1856089189608986e-4,7.410207094190551e-4,0.006439351905404673,3.714368151393598e-5,0.005454076234751811,0.005186773610875139,0.5022689941630447,0.5838773123128554,4,8
11,0.13849046385824723,0.1399709971483963,2.0638560611117915,23.74218146525526,10.60705177895283,1.985030644624604,5.7697845085753214e-5,0.011995139363636362,0.006194551134168019,1.51086457940087,0.9867108086669816,-2.909269379238365,-1.1523798714006714,-3.5104154884288965,1.089298768737161,-0.7563352958184046,-0.02105363997354715,0.02,0.9970611102079103,1.4490846957721318e-4,4.3552738898546364e-4,0.0023502399522029125,8.213981324002006e-6,0.003017827551948754,0.003120653538111936,0.5022689941630447,0.5768512254638181,4,8
12,0.13849046385824723,0.1399709971483963,2.0638560611117915,23.74218146525526,10.60705177895283,1.985030644624604,5.7697845085753214e-5,0.011995139363636362,0.006194551134168019,1.51086457940087,0.9867108086669816,-2.909269379238365,-1.1523798714006714,-3.5104154884288965,1.089298768737161,-0.7563352958184046,-0.02105363997354715,0.02,0.9910344911301272,4.094477646794605e-4,0.0016607674310891172,0.006868767236793645,2.65264373106038e-5,0.005941600498292647,0.006560227723512601,0.5022689941630447,0.324333544453182,4,8
13,0.13849046385824723,0.1399709971483963,2.0638560611117915,23.74218146525526,10.60705177895283,1.985030644624604,5.7697845085753214e-5,0.011995139363636362,0.006194551134168019,1.51086457940087,0.9867108086669816,-2.909269379238365,-1.1523798714006714,-3.5104154884288965,1.089298768737161,-0.7563352958184046,-0.02105363997354715,0.02,0.9983728267983141,6.715893392100501e-5,2.7361194600594686e-4,0.001285057765024989,1.3445567340376864e-6,0.0015116265310450054,0.0013224239085678894,0.5022689941630447,0.2523285844324508,4,8
1,0.13849046385824723,0.1399709971483963,2.0638560611117915,23.74218146525526,10.60705177895283,1.985030644624604,5.7697845085753214e-5,0.01199513936363636,0.00619455113416802,1.51086457940087,0.9867108086669816,-2.909269379238365,-1.1523798714006714,-3.5104154884288965,1.089298768737161,-0.7563352958184046,-0.02105363997354715,0.02,0.30182041888512834,6.207955855627253e-4,0.0049228083585139,0.6058352229018801,0.08680075426891494,0.04985305754926784,0.7153054644371083,0.5022689941630447,1,3,8
2,0.13849046385824723,0.1399709971483963,2.0638560611117915,23.74218146525526,10.60705177895283,1.985030644624604,5.7697845085753214e-5,0.011995139363636362,0.006194551134168019,1.51086457940087,0.9867108086669816,-2.909269379238365,-1.1523798714006714,-3.5104154884288965,1.089298768737161,-0.7563352958184046,-0.02105363997354715,0.02,0.9817277021087228,5.2618311610957e-4,0.0023029140332508653,0.01526712967871288,1.7607106320380466e-4,0.01116321044044039,0.014590874698276442,0.5022689941630447,0.909881605124834,3,8
3,0.13849046385824723,0.1399709971483963,2.0638560611117915,23.74218146525526,10.60705177895283,1.985030644624604,5.7697845085753214e-5,0.011995139363636362,0.006194551134168019,1.51086457940087,0.9867108086669816,-2.909269379238365,-1.1523798714006714,-3.5104154884288965,1.089298768737161,-0.7563352958184046,-0.02105363997354715,0.02,0.9586555568574154,0.0013318127026234526,0.0068283085025494985,0.03264334239393983,5.40979543471745e-4,0.021663332025479282,0.01951087006626649,0.5022689941630447,0.9276715707389355,3,8
4,0.13849046385824723,0.1399709971483963,2.0638560611117915,23.74218146525526,10.60705177895283,1.985030644624604,5.7697845085753214e-5,0.011995139363636362,0.006194551134168019,1.51086457940087,0.9867108086669816,-2.909269379238365,-1.1523798714006714,-3.5104154884288965,1.089298768737161,-0.7563352958184046,-0.02105363997354715,0.02,0.9661600010852871,8.19675535620378e-4,0.004433558147849931,0.028087851445669526,4.989137855730599e-4,0.012699380555765862,0.014229172334607326,0.5022689941630447,0.7891754945093571,3,8
5,0.13849046385824723,0.1399709971483963,2.0638560611117915,23.74218146525526,10.60705177895283,1.985030644624604,5.7697845085753214e-5,0.011995139363636362,0.006194551134168019,1.51086457940087,0.9867108086669816,-2.909269379238365,-1.1523798714006714,-3.5104154884288965,1.089298768737161,-0.7563352958184046,-0.02105363997354715,0.02,0.9867952664123794,2.5805411174106895e-4,0.0013728001968945694,0.011429017851716156,1.4486142726887586e-4,0.008041624723034609,0.006721731243055069,0.5022689941630447,0.7907234784508415,3,8
6,0.13849046385824723,0.1399709971483963,2.0638560611117915,23.74218146525526,10.60705177895283,1.985030644624604,5.7697845085753214e-5,0.011995139363636362,0.006194551134168019,1.51086457940087,0.9867108086669816,-2.909269379238365,-1.1523798714006714,-3.5104154884288965,1.089298768737161,-0.7563352958184046,-0.02105363997354715,0.02,0.9928164295905976,4.7548986688623614e-4,0.0013541162591945116,0.005318668747391053,3.529553593067444e-5,0.007598245359461761,0.008412732920288957,0.5022689941630447,0.7542288444964166,3,8
7,0.13849046385824723,0.1399709971483963,2.0638560611117915,23.74218146525526,10.60705177895283,1.985030644624604,5.7697845085753214e-5,0.011995139363636362,0.006194551134168019,1.51086457940087,0.9867108086669816,-2.909269379238365,-1.1523798714006714,-3.5104154884288965,1.089298768737161,-0.7563352958184046,-0.02105363997354715,0.02,0.9868875555997542,6.295330286128863e-4,0.002331345183833505,0.010092744734844776,5.8821452954666564e-05,0.009357767315333769,0.01015121746710179,0.5022689941630447,0.7010276044735075,3,8
8,0.13849046385824723,0.1399709971483963,2.0638560611117915,23.74218146525526,10.60705177895283,1.985030644624604,5.7697845085753214e-5,0.011995139363636362,0.006194551134168019,1.51086457940087,0.9867108086669816,-2.909269379238365,-1.1523798714006714,-3.5104154884288965,1.089298768737161,-0.7563352958184046,-0.02105363997354715,0.02,0.9812512462531923,5.42375605917388e-4,0.0031470401099101017,0.014939362645094684,1.1997538588558954e-4,0.0073907364232794846,0.009689304752371432,0.5022689941630447,0.7427840953418398,3,8
9,0.13849046385824723,0.1399709971483963,2.0638560611117915,23.74218146525526,10.60705177895283,1.985030644624604,5.7697845085753214e-5,0.011995139363636362,0.006194551134168019,1.51086457940087,0.9867108086669816,-2.909269379238365,-1.1523798714006714,-3.5104154884288965,1.089298768737161,-0.7563352958184046,-0.02105363997354715,0.02,0.986050776404523,3.6151600408226343e-4,0.0017397906320535063,0.011750720589629645,9.719636971153084e-5,0.006547480360791417,0.007119080820160103,0.5022689941630447,0.6169053168182798,3,8
10,0.13849046385824723,0.1399709971483963,2.0638560611117915,23.74218146525526,10.60705177895283,1.985030644624604,5.7697845085753214e-5,0.011995139363636362,0.006194551134168019,1.51086457940087,0.9867108086669816,-2.909269379238365,-1.1523798714006714,-3.5104154884288965,1.089298768737161,-0.7563352958184046,-0.02105363997354715,0.02,0.9925011153616844,2.0203513042385324e-4,7.282461608578449e-4,0.0065300114819640456,3.85918650698049e-5,0.0037936222116252984,0.0038813058472639277,0.5022689941630447,0.5403281536399597,3,8
11,0.13849046385824723,0.1399709971483963,2.0638560611117915,23.74218146525526,10.60705177895283,1.985030644624604,5.7697845085753214e-5,0.011995139363636362,0.006194551134168019,1.51086457940087,0.9867108086669816,-2.909269379238365,-1.1523798714006714,-3.5104154884288965,1.089298768737161,-0.7563352958184046,-0.02105363997354715,0.02,0.9971770445578503,1.3262806426443265e-4,4.133639767763875e-4,0.0022691644345038224,7.798966605033532e-6,0.0030574449163516524,0.0022428372358187826,0.5022689941630447,0.6043008601045274,3,8
12,0.13849046385824723,0.1399709971483963,2.0638560611117915,23.74218146525526,10.60705177895283,1.985030644624604,5.7697845085753214e-5,0.011995139363636362,0.006194551134168019,1.51086457940087,0.9867108086669816,-2.909269379238365,-1.1523798714006714,-3.5104154884288965,1.089298768737161,-0.7563352958184046,-0.02105363997354715,0.02,0.9901119052939763,4.4496376701188477e-4,0.0018383381082939004,0.007573431748750137,3.1361081967736e-5,0.0063367405475509,0.006333309687344342,0.5022689941630447,0.21967464367649392,3,8
13,0.13849046385824723,0.1399709971483963,2.0638560611117915,23.74218146525526,10.60705177895283,1.985030644624604,5.7697845085753214e-5,0.011995139363636362,0.006194551134168019,1.51086457940087,0.9867108086669816,-2.909269379238365,-1.1523798714006714,-3.5104154884288965,1.089298768737161,-0.7563352958184046,-0.02105363997354715,0.02,0.9985448280683338,5.217701940571855e-5,2.475395080728724e-4,0.0011544343123278077,1.0210918598003276e-6,8.659788198587846e-4,0.0011096148001873663,0.5022689941630447,0.20192414369740938,3,8
1,0.13849046385824723,0.1399709971483963,2.0638560611117915,23.74218146525526,10.60705177895283,1.985030644624604,5.7697845085753214e-5,0.01199513936363636,0.00619455113416802,1.51086457940087,0.9867108086669816,-2.909269379238365,-1.1523798714006714,-3.5104154884288965,1.089298768737161,-0.7563352958184046,-0.02105363997354715,0.02,0.30182041888512834,6.207955855627253e-4,0.0049228083585139,0.6058352229018801,0.08680075426891494,0.04985305754926784,0.7153054644371083,0.5022689941630447,1,2,8
2,0.13849046385824723,0.1399709971483963,2.0638560611117915,23.74218146525526,10.60705177895283,1.985030644624604,5.7697845085753214e-5,0.011995139363636362,0.006194551134168019,1.51086457940087,0.9867108086669816,-2.909269379238365,-1.1523798714006714,-3.5104154884288965,1.089298768737161,-0.7563352958184046,-0.02105363997354715,0.02,0.9862066294817157,7.652953496788367e-4,0.0026963248795948557,0.010235190252960418,9.656003605031243e-5,0.012571400324333251,0.013691171535560175,0.5022689941630447,0.9735331228620854,2,8
3,0.13849046385824723,0.1399709971483963,2.0638560611117915,23.74218146525526,10.60705177895283,1.985030644624604,5.7697845085753214e-5,0.011995139363636362,0.006194551134168019,1.51086457940087,0.9867108086669816,-2.909269379238365,-1.1523798714006714,-3.5104154884288965,1.089298768737161,-0.7563352958184046,-0.02105363997354715,0.02,0.9578391242666066,0.0014189096941581985,0.006926465636656801,0.03325311776465934,5.623826379191728e-4,0.022479733958462665,0.023042471681804674,0.5022689941630447,0.8825588987775784,2,8
4,0.13849046385824723,0.1399709971483963,2.0638560611117915,23.74218146525526,10.60705177895283,1.985030644624604,5.7697845085753214e-5,0.011995139363636362,0.006194551134168019,1.51086457940087,0.9867108086669816,-2.909269379238365,-1.1523798714006714,-3.5104154884288965,1.089298768737161,-0.7563352958184046,-0.02105363997354715,0.02,0.9661497990297665,8.179568616880601e-4,0.004390958708924758,0.028117967818873674,5.233175807470053e-4,0.015139871271127158,0.01607050916919209,0.5022689941630447,0.8327212812740526,2,8
5,0.13849046385824723,0.1399709971483963,2.0638560611117915,23.74218146525526,10.60705177895283,1.985030644624604,5.7697845085753214e-5,0.011995139363636362,0.006194551134168019,1.51086457940087,0.9867108086669816,-2.909269379238365,-1.1523798714006714,-3.5104154884288965,1.089298768737161,-0.7563352958184046,-0.02105363997354715,0.02,0.9868253922997016,2.8274713124138193e-4,0.0013494906564767662,0.011404282724612299,1.3808718796808268e-4,0.0025146049121303575,0.006403995217349089,0.5022689941630447,0.6427051569545953,2,8
6,0.13849046385824723,0.1399709971483963,2.0638560611117915,23.74218146525526,10.60705177895283,1.985030644624604,5.7697845085753214e-5,0.011995139363636362,0.006194551134168019,1.51086457940087,0.9867108086669816,-2.909269379238365,-1.1523798714006714,-3.5104154884288965,1.089298768737161,-0.7563352958184046,-0.02105363997354715,0.02,0.9932697025986926,4.374198827845436e-4,0.0013148583099216462,0.004951638270769306,2.6380937831902457e-5,0.004721648572815182,0.006141938812484761,0.5022689941630447,0.7873082923030673,2,8
7,0.13849046385824723,0.1399709971483963,2.0638560611117915,23.74218146525526,10.60705177895283,1.985030644624604,5.7697845085753214e-5,0.011995139363636362,0.006194551134168019,1.51086457940087,0.9867108086669816,-2.909269379238365,-1.1523798714006714,-3.5104154884288965,1.089298768737161,-0.7563352958184046,-0.02105363997354715,0.02,0.9868780598796077,6.284235099864323e-4,0.0023348034682103736,0.010100500201670628,5.821294052484942e-5,0.01013306625315833,0.01115267916375276,0.5022689941630447,0.7888043411609026,2,8
8,0.13849046385824723,0.1399709971483963,2.0638560611117915,23.74218146525526,10.60705177895283,1.985030644624604,5.7697845085753214e-5,0.011995139363636362,0.006194551134168019,1.51086457940087,0.9867108086669816,-2.909269379238365,-1.1523798714006714,-3.5104154884288965,1.089298768737161,-0.7563352958184046,-0.02105363997354715,0.02,0.9804037827265808,5.54759963120308e-4,0.0032666164410121603,0.015641192471143005,1.3364839814376678e-4,0.014526123154880829,0.01490028841157087,0.5022689941630447,0.6662208017072305,2,8
9,0.13849046385824723,0.1399709971483963,2.0638560611117915,23.74218146525526,10.60705177895283,1.985030644624604,5.7697845085753214e-5,0.011995139363636362,0.006194551134168019,1.51086457940087,0.9867108086669816,-2.909269379238365,-1.1523798714006714,-3.5104154884288965,1.089298768737161,-0.7563352958184046,-0.02105363997354715,0.02,0.9860757114390681,3.376581912730368e-4,0.0017396905707674454,0.011748515032942886,9.842476594834756e-5,0.007619259559899676,0.005483722977205936,0.5022689941630447,0.5902561594473004,2,8
10,0.13849046385824723,0.1399709971483963,2.0638560611117915,23.74218146525526,10.60705177895283,1.985030644624604,5.7697845085753214e-5,0.011995139363636362,0.006194551134168019,1.51086457940087,0.9867108086669816,-2.909269379238365,-1.1523798714006714,-3.5104154884288965,1.089298768737161,-0.7563352958184046,-0.02105363997354715,0.02,0.9926328845775131,2.046904262621766e-4,7.34485193040154e-4,0.006393943529756154,3.3996273428395435e-5,0.004130581463624285,0.004427405210760443,0.5022689941630447,0.4175912105388755,2,8
11,0.13849046385824723,0.1399709971483963,2.0638560611117915,23.74218146525526,10.60705177895283,1.985030644624604,5.7697845085753214e-5,0.011995139363636362,0.006194551134168019,1.51086457940087,0.9867108086669816,-2.909269379238365,-1.1523798714006714,-3.5104154884288965,1.089298768737161,-0.7563352958184046,-0.02105363997354715,0.02,0.9973487436215523,1.1613624097794757e-4,4.0120762454932247e-4,0.0021281213921760544,5.791120744290362e-6,0.0019356539493655756,0.0018765059015224354,0.5022689941630447,0.38051041829478544,2,8
12,0.13849046385824723,0.1399709971483963,2.0638560611117915,23.74218146525526,10.60705177895283,1.985030644624604,5.7697845085753214e-5,0.011995139363636362,0.006194551134168019,1.51086457940087,0.9867108086669816,-2.909269379238365,-1.1523798714006714,-3.5104154884288965,1.089298768737161,-0.7563352958184046,-0.02105363997354715,0.02,0.9957490933531447,1.833246105408475e-4,7.5090674058253e-4,0.003310184135048718,6.491160683292446e-6,0.0024817706625289353,0.002637357653206155,0.5022689941630447,0.1870968148146423,2,8
13,0.13849046385824723,0.1399709971483963,2.0638560611117915,23.74218146525526,10.60705177895283,1.985030644624604,5.7697845085753214e-5,0.011995139363636362,0.006194551134168019,1.51086457940087,0.9867108086669816,-2.909269379238365,-1.1523798714006714,-3.5104154884288965,1.089298768737161,-0.7563352958184046,-0.02105363997354715,0.02,0.9986083244604367,4.6962424678789803e-5,2.3677693669062473e-4,0.001107001500056265,9.346781375596022e-7,6.793945846090563e-4,8.797939320971763e-4,0.5022689941630447,0.22071561573209217,2,8
1,0.13849046385824723,0.1399709971483963,2.0638560611117915,23.74218146525526,10.60705177895283,1.985030644624604,5.7697845085753214e-5,0.01199513936363636,0.00619455113416802,1.51086457940087,0.9867108086669816,-2.909269379238365,-1.1523798714006714,-3.5104154884288965,1.089298768737161,-0.7563352958184046,-0.02105363997354715,0.02,0.30182041888512834,6.207955855627253e-4,0.0049228083585139,0.6058352229018801,0.08680075426891494,0.04985305754926784,0.7153054644371083,0.5022689941630447,1,14,9
2,0.13849046385824723,0.1399709971483963,2.0638560611117915,23.74218146525526,10.60705177895283,1.985030644624604,5.7697845085753214e-5,0.011995139363636362,0.006194551134168019,1.51086457940087,0.9867108086669816,-2.909269379238365,-1.1523798714006714,-3.5104154884288965,1.089298768737161,-0.7563352958184046,-0.02105363997354715,0.02,0.8336288200118969,0.003187509330243101,0.013588620730941438,0.12851963337422495,0.021075416552693637,0.05025382334144447,0.04690296675937004,0.5022689941630447,0.9784925705268616,14,9
3,0.13849046385824723,0.1399709971483963,2.0638560611117915,23.74218146525526,10.60705177895283,1.985030644624604,5.7697845085753214e-5,0.011995139363636362,0.006194551134168019,1.51086457940087,0.9867108086669816,-2.909269379238365,-1.1523798714006714,-3.5104154884288965,1.089298768737161,-0.7563352958184046,-0.02105363997354715,0.02,0.9583361021719256,0.0014258088027991063,0.006915968454036219,0.03277280840563741,5.49312165601676e-4,0.02054464176673612,0.024304806082204217,0.5022689941630447,0.9176514212362743,14,9
4,0.13849046385824723,0.1399709971483963,2.0638560611117915,23.74218146525526,10.60705177895283,1.985030644624604,5.7697845085753214e-5,0.011995139363636362,0.006194551134168019,1.51086457940087,0.9867108086669816,-2.909269379238365,-1.1523798714006714,-3.5104154884288965,1.089298768737161,-0.7563352958184046,-0.02105363997354715,0.02,0.9662397163361731,8.354146336458683e-4,0.004446112930630297,0.02798781691378495,4.909391857658414e-4,0.015684780093169228,0.011475545199204774,0.5022689941630447,0.7985283941474463,14,9
5,0.13849046385824723,0.1399709971483963,2.0638560611117915,23.74218146525526,10.60705177895283,1.985030644624604,5.7697845085753214e-5,0.011995139363636362,0.006194551134168019,1.51086457940087,0.9867108086669816,-2.909269379238365,-1.1523798714006714,-3.5104154884288965,1.089298768737161,-0.7563352958184046,-0.02105363997354715,0.02,0.9868681432069495,2.2333262842075613e-4,0.001283305009961971,0.011482700082440324,1.4251907222739618e-4,0.0037101984000905697,0.0029873118190190274,0.5022689941630447,0.8153894708907647,14,9
6,0.13849046385824723,0.1399709971483963,2.0638560611117915,23.74218146525526,10.60705177895283,1.985030644624604,5.7697845085753214e-5,0.011995139363636362,0.006194551134168019,1.51086457940087,0.9867108086669816,-2.909269379238365,-1.1523798714006714,-3.5104154884288965,1.089298768737161,-0.7563352958184046,-0.02105363997354715,0.02,0.9927485052409496,4.8146707071802125e-4,0.0013475369305075704,0.005382310758585071,4.017999923967443e-5,0.006987579176085746,0.006492959121540869,0.5022689941630447,0.8679758256179659,14,9
7,0.13849046385824723,0.1399709971483963,2.0638560611117915,23.74218146525526,10.60705177895283,1.985030644624604,5.7697845085753214e-5,0.011995139363636362,0.006194551134168019,1.51086457940087,0.9867108086669816,-2.909269379238365,-1.1523798714006714,-3.5104154884288965,1.089298768737161,-0.7563352958184046,-0.02105363997354715,0.02,0.9866173670657868,6.460124091173217e-4,0.0023606068199807937,0.010311507597355555,6.450610775943467e-5,0.009871567512780446,0.010956919740757404,0.5022689941630447,0.8057282579167182,14,9
8,0.13849046385824723,0.1399709971483963,2.0638560611117915,23.74218146525526,10.60705177895283,1.985030644624604,5.7697845085753214e-5,0.011995139363636362,0.006194551134168019,1.51086457940087,0.9867108086669816,-2.909269379238365,-1.1523798714006714,-3.5104154884288965,1.089298768737161,-0.7563352958184046,-0.02105363997354715,0.02,0.9806769712554471,6.17487840580133e-4,0.003272233960951961,0.015306126993687092,1.2717994933378156e-4,0.0081393368730758,0.015414691310146505,0.5022689941630447,0.8777720532142587,14,9
9,0.13849046385824723,0.1399709971483963,2.0638560611117915,23.74218146525526,10.60705177895283,1.985030644624604,5.7697845085753214e-5,0.011995139363636362,0.006194551134168019,1.51086457940087,0.9867108086669816,-2.909269379238365,-1.1523798714006714,-3.5104154884288965,1.089298768737161,-0.7563352958184046,-0.02105363997354715,0.02,0.9860690019735248,3.644921449675583e-4,0.0017423658308682063,0.011728459452165888,9.568059847353414e-5,0.008066517864356743,0.009707271672090609,0.5022689941630447,0.7257561343525718,14,9
10,0.13849046385824723,0.1399709971483963,2.0638560611117915,23.74218146525526,10.60705177895283,1.985030644624604,5.7697845085753214e-5,0.011995139363636362,0.006194551134168019,1.51086457940087,0.9867108086669816,-2.909269379238365,-1.1523798714006714,-3.5104154884288965,1.089298768737161,-0.7563352958184046,-0.02105363997354715,0.02,0.9924804375411862,2.3068609711913808e-4,7.574955879986712e-4,0.0064949295550366815,3.645121865928136e-5,0.005606519279365188,0.005759972715708353,0.5022689941630447,0.6904151831297378,14,9
11,0.13849046385824723,0.1399709971483963,2.0638560611117915,23.74218146525526,10.60705177895283,1.985030644624604,5.7697845085753214e-5,0.011995139363636362,0.006194551134168019,1.51086457940087,0.9867108086669816,-2.909269379238365,-1.1523798714006714,-3.5104154884288965,1.089298768737161,-0.7563352958184046,-0.02105363997354715,0.02,0.9967855294568623,1.4602600755399248e-4,4.470346797216015e-4,0.0026117310457157037,9.678810146416111e-6,0.003932395968577533,0.002933473098218581,0.5022689941630447,0.7405340040878678,14,9
12,0.13849046385824723,0.1399709971483963,2.0638560611117915,23.74218146525526,10.60705177895283,1.985030644624604,5.7697845085753214e-5,0.011995139363636362,0.006194551134168019,1.51086457940087,0.9867108086669816,-2.909269379238365,-1.1523798714006714,-3.5104154884288965,1.089298768737161,-0.7563352958184046,-0.02105363997354715,0.02,0.9856010877664557,6.853533789959756e-4,0.0027308258607477887,0.010917735117450082,6.499787635034117e-5,0.008705707023168618,0.00972120418610007,0.5022689941630447,0.5659369211814711,14,9
13,0.13849046385824723,0.1399709971483963,2.0638560611117915,23.74218146525526,10.60705177895283,1.985030644624604,5.7697845085753214e-5,0.011995139363636362,0.006194551134168019,1.51086457940087,0.9867108086669816,-2.909269379238365,-1.1523798714006714,-3.5104154884288965,1.089298768737161,-0.7563352958184046,-0.02105363997354715,0.02,0.9981095056734617,8.691724997104421e-5,2.797622834470994e-4,0.0015214686372956902,2.3461558245730076e-06,0.003294918939866301,0.0023780490361597338,0.5022689941630447,0.5335517823465346,14,9
1,0.13849046385824723,0.1399709971483963,2.0638560611117915,23.74218146525526,10.60705177895283,1.985030644624604,5.7697845085753214e-5,0.01199513936363636,0.00619455113416802,1.51086457940087,0.9867108086669816,-2.909269379238365,-1.1523798714006714,-3.5104154884288965,1.089298768737161,-0.7563352958184046,-0.02105363997354715,0.02,0.30182041888512834,6.207955855627253e-4,0.0049228083585139,0.6058352229018801,0.08680075426891494,0.04985305754926784,0.7153054644371083,0.5022689941630447,1,13,9
2,0.13849046385824723,0.1399709971483963,2.0638560611117915,23.74218146525526,10.60705177895283,1.985030644624604,5.7697845085753214e-5,0.011995139363636362,0.006194551134168019,1.51086457940087,0.9867108086669816,-2.909269379238365,-1.1523798714006714,-3.5104154884288965,1.089298768737161,-0.7563352958184046,-0.02105363997354715,0.02,0.9368757592198301,0.0016342260232644417,0.006297628688145296,0.05080643533665068,0.004385950732109451,0.021129324534490016,0.025853840848010456,0.5022689941630447,0.9420243684462433,13,9
3,0.13849046385824723,0.1399709971483963,2.0638560611117915,23.74218146525526,10.60705177895283,1.985030644624604,5.7697845085753214e-5,0.011995139363636362,0.006194551134168019,1.51086457940087,0.9867108086669816,-2.909269379238365,-1.1523798714006714,-3.5104154884288965,1.089298768737161,-0.7563352958184046,-0.02105363997354715,0.02,0.9580207185479852,0.0014017659391643287,0.00691401481191586,0.03310252751683937,5.609731840952227e-4,0.017849078291494794,0.015504026787767626,0.5022689941630447,0.9328411498854733,13,9
4,0.13849046385824723,0.1399709971483963,2.0638560611117915,23.74218146525526,10.60705177895283,1.985030644624604,5.7697845085753214e-5,0.011995139363636362,0.006194551134168019,1.51086457940087,0.9867108086669816,-2.909269379238365,-1.1523798714006714,-3.5104154884288965,1.089298768737161,-0.7563352958184046,-0.02105363997354715,0.02,0.9667146791261482,8.510498460467181e-4,0.004384091876512802,0.027567957956614545,4.822211946778804e-4,0.015063660019256325,0.01759763797351468,0.5022689941630447,0.8786721105087008,13,9
5,0.13849046385824723,0.1399709971483963,2.0638560611117915,23.74218146525526,10.60705177895283,1.985030644624604,5.7697845085753214e-5,0.011995139363636362,0.006194551134168019,1.51086457940087,0.9867108086669816,-2.909269379238365,-1.1523798714006714,-3.5104154884288965,1.089298768737161,-0.7563352958184046,-0.02105363997354715,0.02,0.9865273810374109,3.081965329585906e-4,0.0014457669755112525,0.01157542473085896,1.4323072326036793e-4,0.012485653615563778,0.004176062345080234,0.5022689941630447,0.9136316677043338,13,9
6,0.13849046385824723,0.1399709971483963,2.0638560611117915,23.74218146525526,10.60705177895283,1.985030644624604,5.7697845085753214e-5,0.011995139363636362,0.006194551134168019,1.51086457940087,0.9867108086669816,-2.909269379238365,-1.1523798714006714,-3.5104154884288965,1.089298768737161,-0.7563352958184046,-0.02105363997354715,0.02,0.9925967774213432,5.034236581851533e-4,0.0013705843823033199,0.005484953308446546,4.42612297217539e-5,0.007719423289379362,0.009098680605342921,0.5022689941630447,0.8295964452325705,13,9
7,0.13849046385824723,0.1399709971483963,2.0638560611117915,23.74218146525526,10.60705177895283,1.985030644624604,5.7697845085753214e-5,0.011995139363636362,0.006194551134168019,1.51086457940087,0.9867108086669816,-2.909269379238365,-1.1523798714006714,-3.5104154884288965,1.089298768737161,-0.7563352958184046,-0.02105363997354715,0.02,0.9867368640409854,6.506075819941714e-4,0.0023344763657769207,0.010214527479252201,6.352453199129322e-5,0.011076317958798026,0.010912942654767983,0.5022689941630447,0.8885200130897015,13,9
8,0.13849046385824723,0.1399709971483963,2.0638560611117915,23.74218146525526,10.60705177895283,1.985030644624604,5.7697845085753214e-5,0.011995139363636362,0.006194551134168019,1.51086457940087,0.9867108086669816,-2.909269379238365,-1.1523798714006714,-3.5104154884288965,1.089298768737161,-0.7563352958184046,-0.02105363997354715,0.02,0.9807639596983883,5.679270106656549e-4,0.0032645462448019527,0.015275205833331007,1.283612128131276e-4,0.016097310145452844,0.011517980823970148,0.5022689941630447,0.7686177986292189,13,9
9,0.13849046385824723,0.1399709971483963,2.0638560611117915,23.74218146525526,10.60705177895283,1.985030644624604,5.7697845085753214e-5,0.011995139363636362,0.006194551134168019,1.51086457940087,0.9867108086669816,-2.909269379238365,-1.1523798714006714,-3.5104154884288965,1.089298768737161,-0.7563352958184046,-0.02105363997354715,0.02,0.986442424023885,3.586437989167141e-4,0.0017162259984408264,0.01139347296508495,8.923321367252872e-5,0.007454386090941463,0.006247918199193013,0.5022689941630447,0.7770051870370321,13,9
10,0.13849046385824723,0.1399709971483963,2.0638560611117915,23.74218146525526,10.60705177895283,1.985030644624604,5.7697845085753214e-5,0.011995139363636362,0.006194551134168019,1.51086457940087,0.9867108086669816,-2.909269379238365,-1.1523798714006714,-3.5104154884288965,1.089298768737161,-0.7563352958184046,-0.02105363997354715,0.02,0.9924528565594883,2.2482869986205521e-4,7.605580440146569e-4,0.006524065036452005,3.769166018293315e-5,0.005780202065369967,0.005986763854537727,0.5022689941630447,0.6793963512906691,13,9
11,0.13849046385824723,0.1399709971483963,2.0638560611117915,23.74218146525526,10.60705177895283,1.985030644624604,5.7697845085753214e-5,0.011995139363636362,0.006194551134168019,1.51086457940087,0.9867108086669816,-2.909269379238365,-1.1523798714006714,-3.5104154884288965,1.089298768737161,-0.7563352958184046,-0.02105363997354715,0.02,0.9971617984663288,1.373592477720916e-4,4.1973844883441995e-4,0.0022730438779773087,8.059959087305951e-6,0.004005396607729642,0.0029407410849613532,0.5022689941630447,0.6967853959592142,13,9
12,0.13849046385824723,0.1399709971483963,2.0638560611117915,23.74218146525526,10.60705177895283,1.985030644624604,5.7697845085753214e-5,0.011995139363636362,0.006194551134168019,1.51086457940087,0.9867108086669816,-2.909269379238365,-1.1523798714006714,-3.5104154884288965,1.089298768737161,-0.7563352958184046,-0.02105363997354715,0.02,0.9874149299205766,5.82133666882428e-4,0.0023596223080706593,0.009593055629283202,5.025847518716874e-5,0.007648194268670096,0.00825477323052277,0.5022689941630447,0.6919212402644945,13,9
13,0.13849046385824723,0.1399709971483963,2.0638560611117915,23.74218146525526,10.60705177895283,1.985030644624604,5.7697845085753214e-5,0.011995139363636362,0.006194551134168019,1.51086457940087,0.9867108086669816,-2.909269379238365,-1.1523798714006714,-3.5104154884288965,1.089298768737161,-0.7563352958184046,-0.02105363997354715,0.02,0.9974187192711467,9.587989556339714e-5,3.2095870851611393e-4,0.002159045149707067,5.396975066755072e-6,0.0013434112297171378,0.003217091528347135,0.5022689941630447,0.4962532862428453,13,9
1,0.13849046385824723,0.1399709971483963,2.0638560611117915,23.74218146525526,10.60705177895283,1.985030644624604,5.7697845085753214e-5,0.01199513936363636,0.00619455113416802,1.51086457940087,0.9867108086669816,-2.909269379238365,-1.1523798714006714,-3.5104154884288965,1.089298768737161,-0.7563352958184046,-0.02105363997354715,0.02,0.30182041888512834,6.207955855627253e-4,0.0049228083585139,0.6058352229018801,0.08680075426891494,0.04985305754926784,0.7153054644371083,0.5022689941630447,1,12,9
2,0.13849046385824723,0.1399709971483963,2.0638560611117915,23.74218146525526,10.60705177895283,1.985030644624604,5.7697845085753214e-5,0.011995139363636362,0.006194551134168019,1.51086457940087,0.9867108086669816,-2.909269379238365,-1.1523798714006714,-3.5104154884288965,1.089298768737161,-0.7563352958184046,-0.02105363997354715,0.02,0.9693583244624415,0.0014112054893480452,0.00506134166783866,0.023209705676303018,9.594227040688175e-4,0.01876299494157368,0.018271935289802654,0.5022689941630447,1.029600044355655,12,9
3,0.13849046385824723,0.1399709971483963,2.0638560611117915,23.74218146525526,10.60705177895283,1.985030644624604,5.7697845085753214e-5,0.011995139363636362,0.006194551134168019,1.51086457940087,0.9867108086669816,-2.909269379238365,-1.1523798714006714,-3.5104154884288965,1.089298768737161,-0.7563352958184046,-0.02105363997354715,0.02,0.957952036501895,0.0014346091464181494,0.006968325366338282,0.033082432681054645,5.625963042938318e-4,0.02175893564154307,0.02249259877115612,0.5022689941630447,0.969889891747675,12,9
4,0.13849046385824723,0.1399709971483963,2.0638560611117915,23.74218146525526,10.60705177895283,1.985030644624604,5.7697845085753214e-5,0.011995139363636362,0.006194551134168019,1.51086457940087,0.9867108086669816,-2.909269379238365,-1.1523798714006714,-3.5104154884288965,1.089298768737161,-0.7563352958184046,-0.02105363997354715,0.02,0.9658290707635947,8.205608846002317e-4,0.004418670516539678,0.028422053910087192,5.096439251781903e-4,0.015612616332409316,0.016720344209363587,0.5022689941630447,0.9181501405857081,12,9
5,0.13849046385824723,0.1399709971483963,2.0638560611117915,23.74218146525526,10.60705177895283,1.985030644624604,5.7697845085753214e-5,0.011995139363636362,0.006194551134168019,1.51086457940087,0.9867108086669816,-2.909269379238365,-1.1523798714006714,-3.5104154884288965,1.089298768737161,-0.7563352958184046,-0.02105363997354715,0.02,0.9863632897830178,2.905521150394526e-4,0.0013749417024727924,0.011819292383718207,1.519240157517856e-4,0.010957419471733074,0.006173923416640428,0.5022689941630447,0.8600889237934358,12,9
6,0.13849046385824723,0.1399709971483963,2.0638560611117915,23.74218146525526,10.60705177895283,1.985030644624604,5.7697845085753214e-5,0.011995139363636362,0.006194551134168019,1.51086457940087,0.9867108086669816,-2.909269379238365,-1.1523798714006714,-3.5104154884288965,1.089298768737161,-0.7563352958184046,-0.02105363997354715,0.02,0.992699652883856,4.8759795347878924e-4,0.001369011797515977,0.00540252434365643,4.121302149287207e-5,0.00651057263355939,0.008732255308059364,0.5022689941630447,0.8538688761522262,12,9
7,0.13849046385824723,0.1399709971483963,2.0638560611117915,23.74218146525526,10.60705177895283,1.985030644624604,5.7697845085753214e-5,0.011995139363636362,0.006194551134168019,1.51086457940087,0.9867108086669816,-2.909269379238365,-1.1523798714006714,-3.5104154884288965,1.089298768737161,-0.7563352958184046,-0.02105363997354715,0.02,0.9866173689593252,6.559696957622381e-4,0.00235370337417059,0.010307589836330915,6.536813441109105e-5,0.010346768314088064,0.01024421692473412,0.5022689941630447,0.8290243213055419,12,9
8,0.13849046385824723,0.1399709971483963,2.0638560611117915,23.74218146525526,10.60705177895283,1.985030644624604,5.7697845085753214e-5,0.011995139363636362,0.006194551134168019,1.51086457940087,0.9867108086669816,-2.909269379238365,-1.1523798714006714,-3.5104154884288965,1.089298768737161,-0.7563352958184046,-0.02105363997354715,0.02,0.9810736916140436,5.292811862229593e-4,0.003202808260359886,0.015073167365756599,1.2105157361697768e-4,0.010831017431815165,0.014995948460382592,0.5022689941630447,0.7663378492011241,12,9
9,0.13849046385824723,0.1399709971483963,2.0638560611117915,23.74218146525526,10.60705177895283,1.985030644624604,5.7697845085753214e-5,0.011995139363636362,0.006194551134168019,1.51086457940087,0.9867108086669816,-2.909269379238365,-1.1523798714006714,-3.5104154884288965,1.089298768737161,-0.7563352958184046,-0.02105363997354715,0.02,0.9861122985833262,3.502627735868822e-4,0.0017452220456324753,0.011698393645431947,9.382295202260502e-5,0.005818178103504177,0.009609841465779197,0.5022689941630447,0.7373565681057447,12,9
10,0.13849046385824723,0.1399709971483963,2.0638560611117915,23.74218146525526,10.60705177895283,1.985030644624604,5.7697845085753214e-5,0.011995139363636362,0.006194551134168019,1.51086457940087,0.9867108086669816,-2.909269379238365,-1.1523798714006714,-3.5104154884288965,1.089298768737161,-0.7563352958184046,-0.02105363997354715,0.02,0.9926763174740376,2.1820003391024266e-4,7.202502286637838e-4,0.006349188728447751,3.604353494063414e-5,0.005575885575184237,0.005480942484623847,0.5022689941630447,0.5928232457983822,12,9
11,0.13849046385824723,0.1399709971483963,2.0638560611117915,23.74218146525526,10.60705177895283,1.985030644624604,5.7697845085753214e-5,0.011995139363636362,0.006194551134168019,1.51086457940087,0.9867108086669816,-2.909269379238365,-1.1523798714006714,-3.5104154884288965,1.089298768737161,-0.7563352958184046,-0.02105363997354715,0.02,0.997075284753241,1.4279420302124976e-4,4.261091822570137e-4,0.0023472583415525767,8.553519928096396e-6,0.0027825233414407375,0.003225343274363264,0.5022689941630447,0.6484953842195733,12,9
12,0.13849046385824723,0.1399709971483963,2.0638560611117915,23.74218146525526,10.60705177895283,1.985030644624604,5.7697845085753214e-5,0.011995139363636362,0.006194551134168019,1.51086457940087,0.9867108086669816,-2.909269379238365,-1.1523798714006714,-3.5104154884288965,1.089298768737161,-0.7563352958184046,-0.02105363997354715,0.02,0.9888787807968656,5.099429941450573e-4,0.0020734677386815593,0.008497587195259691,4.0221275048028915e-5,0.00734604998597946,0.007296167156102441,0.5022689941630447,0.5771910665106625,12,9
13,0.13849046385824723,0.1399709971483963,2.0638560611117915,23.74218146525526,10.60705177895283,1.985030644624604,5.7697845085753214e-5,0.011995139363636362,0.006194551134168019,1.51086457940087,0.9867108086669816,-2.909269379238365,-1.1523798714006714,-3.5104154884288965,1.089298768737161,-0.7563352958184046,-0.02105363997354715,0.02,0.9980173877764127,8.560823030782329e-5,2.9507337874285633e-4,0.0015993032583964792,2.6273561400889674e-6,0.0016265479497771741,0.0012825657482776185,0.5022689941630447,0.5122067798032744,12,9
1,0.13849046385824723,0.1399709971483963,2.0638560611117915,23.74218146525526,10.60705177895283,1.985030644624604,5.7697845085753214e-5,0.01199513936363636,0.00619455113416802,1.51086457940087,0.9867108086669816,-2.909269379238365,-1.1523798714006714,-3.5104154884288965,1.089298768737161,-0.7563352958184046,-0.02105363997354715,0.02,0.30182041888512834,6.207955855627253e-4,0.0049228083585139,0.6058352229018801,0.08680075426891494,0.04985305754926784,0.7153054644371083,0.5022689941630447,1,11,9
2,0.13849046385824723,0.1399709971483963,2.0638560611117915,23.74218146525526,10.60705177895283,1.985030644624604,5.7697845085753214e-5,0.011995139363636362,0.006194551134168019,1.51086457940087,0.9867108086669816,-2.909269379238365,-1.1523798714006714,-3.5104154884288965,1.089298768737161,-0.7563352958184046,-0.02105363997354715,0.02,0.985107560667425,5.941975348543303e-4,0.0020428263742982965,0.012030771589318841,2.2464383410347722e-4,0.011495970232790885,0.010738518860203137,0.5022689941630447,0.9803512359116097,11,9
3,0.13849046385824723,0.1399709971483963,2.0638560611117915,23.74218146525526,10.60705177895283,1.985030644624604,5.7697845085753214e-5,0.011995139363636362,0.006194551134168019,1.51086457940087,0.9867108086669816,-2.909269379238365,-1.1523798714006714,-3.5104154884288965,1.089298768737161,-0.7563352958184046,-0.02105363997354715,0.02,0.9580763852280615,0.0014600499564465554,0.006988488702900339,0.032919213908872466,5.558622037191841e-4,0.01874885848073708,0.020650800296446926,0.5022689941630447,0.9009217751464745,11,9
4,0.13849046385824723,0.1399709971483963,2.0638560611117915,23.74218146525526,10.60705177895283,1.985030644624604,5.7697845085753214e-5,0.011995139363636362,0.006194551134168019,1.51086457940087,0.9867108086669816,-2.909269379238365,-1.1523798714006714,-3.5104154884288965,1.089298768737161,-0.7563352958184046,-0.02105363997354715,0.02,0.9666878014596428,8.066001288280004e-4,0.004406889266135124,0.02761823278990603,4.804763554880669e-4,0.019033982688410264,0.014315923340303476,0.5022689941630447,0.8987774398900509,11,9
5,0.13849046385824723,0.1399709971483963,2.0638560611117915,23.74218146525526,10.60705177895283,1.985030644624604,5.7697845085753214e-5,0.011995139363636362,0.006194551134168019,1.51086457940087,0.9867108086669816,-2.909269379238365,-1.1523798714006714,-3.5104154884288965,1.089298768737161,-0.7563352958184046,-0.02105363997354715,0.02,0.9860984608309277,2.586234906190784e-4,0.0013764834548336896,0.012113310606147459,1.5312161747208509e-4,0.009060634221429028,0.005528092740157241,0.5022689941630447,0.7960648434417618,11,9
6,0.13849046385824723,0.1399709971483963,2.0638560611117915,23.74218146525526,10.60705177895283,1.985030644624604,5.7697845085753214e-5,0.011995139363636362,0.006194551134168019,1.51086457940087,0.9867108086669816,-2.909269379238365,-1.1523798714006714,-3.5104154884288965,1.089298768737161,-0.7563352958184046,-0.02105363997354715,0.02,0.9927250495319535,4.8689825945903795e-4,0.0013469032897124326,0.005399465617016815,4.168330185824007e-5,0.007874755852097797,0.008311295426095053,0.5022689941630447,0.8323358257958183,11,9
7,0.13849046385824723,0.1399709971483963,2.0638560611117915,23.74218146525526,10.60705177895283,1.985030644624604,5.7697845085753214e-5,0.011995139363636362,0.006194551134168019,1.51086457940087,0.9867108086669816,-2.909269379238365,-1.1523798714006714,-3.5104154884288965,1.089298768737161,-0.7563352958184046,-0.02105363997354715,0.02,0.986649187295687,6.515548162274036e-4,0.002346489358825285,0.010288328985376445,6.443954388388056e-5,0.008809857214457154,0.010407528046121849,0.5022689941630447,0.7811737910587372,11,9
8,0.13849046385824723,0.1399709971483963,2.0638560611117915,23.74218146525526,10.60705177895283,1.985030644624604,5.7697845085753214e-5,0.011995139363636362,0.006194551134168019,1.51086457940087,0.9867108086669816,-2.909269379238365,-1.1523798714006714,-3.5104154884288965,1.089298768737161,-0.7563352958184046,-0.02105363997354715,0.02,0.9808629874143454,5.823368956133786e-4,0.00324712850701233,0.015180658625937338,1.268885570916004e-4,0.010522632854260475,0.009454146606211333,0.5022689941630447,0.7973764293571108,11,9
9,0.13849046385824723,0.1399709971483963,2.0638560611117915,23.74218146525526,10.60705177895283,1.985030644624604,5.7697845085753214e-5,0.011995139363636362,0.006194551134168019,1.51086457940087,0.9867108086669816,-2.909269379238365,-1.1523798714006714,-3.5104154884288965,1.089298768737161,-0.7563352958184046,-0.02105363997354715,0.02,0.9861921604860879,3.679397442132064e-4,0.0017354930629904558,0.011611446975203568,9.295973150482656e-5,0.01231418020590392,0.007902069943061632,0.5022689941630447,0.74065241098782,11,9
10,0.13849046385824723,0.1399709971483963,2.0638560611117915,23.74218146525526,10.60705177895283,1.985030644624604,5.7697845085753214e-5,0.011995139363636362,0.006194551134168019,1.51086457940087,0.9867108086669816,-2.909269379238365,-1.1523798714006714,-3.5104154884288965,1.089298768737161,-0.7563352958184046,-0.02105363997354715,0.02,0.9924658206940055,2.2756219382970137e-4,7.44763977861072e-4,0.0065235477174427296,3.830541686111438e-5,0.006335092572282595,0.007382617244543637,0.5022689941630447,0.6189562707026243,11,9
11,0.13849046385824723,0.1399709971483963,2.0638560611117915,23.74218146525526,10.60705177895283,1.985030644624604,5.7697845085753214e-5,0.011995139363636362,0.006194551134168019,1.51086457940087,0.9867108086669816,-2.909269379238365,-1.1523798714006714,-3.5104154884288965,1.089298768737161,-0.7563352958184046,-0.02105363997354715,0.02,0.997090751800692,1.4116552920291202e-4,4.2887938117282823e-4,0.002330732211939261,8.471076993019721e-6,0.0032227550440391012,0.0029350179422089106,0.5022689941630447,0.7277579034042969,11,9
12,0.13849046385824723,0.1399709971483963,2.0638560611117915,23.74218146525526,10.60705177895283,1.985030644624604,5.7697845085753214e-5,0.011995139363636362,0.006194551134168019,1.51086457940087,0.9867108086669816,-2.909269379238365,-1.1523798714006714,-3.5104154884288965,1.089298768737161,-0.7563352958184046,-0.02105363997354715,0.02,0.9861110946087506,6.352778279818702e-4,0.002600631302820942,0.01059216052688716,6.0835733559499564e-5,0.010449171486112234,0.009376613207943262,0.5022689941630447,0.5802844688043728,11,9
13,0.13849046385824723,0.1399709971483963,2.0638560611117915,23.74218146525526,10.60705177895283,1.985030644624604,5.7697845085753214e-5,0.011995139363636362,0.006194551134168019,1.51086457940087,0.9867108086669816,-2.909269379238365,-1.1523798714006714,-3.5104154884288965,1.089298768737161,-0.7563352958184046,-0.02105363997354715,0.02,0.9981038657775377,9.322633470176982e-5,2.9981811672505495e-4,0.001500801057403045,2.2887136323690532e-6,0.0029071769298031087,0.003551935311506342,0.5022689941630447,0.5250727561030365,11,9
1,0.13849046385824723,0.1399709971483963,2.0638560611117915,23.74218146525526,10.60705177895283,1.985030644624604,5.7697845085753214e-5,0.01199513936363636,0.00619455113416802,1.51086457940087,0.9867108086669816,-2.909269379238365,-1.1523798714006714,-3.5104154884288965,1.089298768737161,-0.7563352958184046,-0.02105363997354715,0.02,0.30182041888512834,6.207955855627253e-4,0.0049228083585139,0.6058352229018801,0.08680075426891494,0.04985305754926784,0.7153054644371083,0.5022689941630447,1,10,9
2,0.13849046385824723,0.1399709971483963,2.0638560611117915,23.74218146525526,10.60705177895283,1.985030644624604,5.7697845085753214e-5,0.011995139363636362,0.006194551134168019,1.51086457940087,0.9867108086669816,-2.909269379238365,-1.1523798714006714,-3.5104154884288965,1.089298768737161,-0.7563352958184046,-0.02105363997354715,0.02,0.9863049585034681,6.016633972454964e-4,0.002240438318264042,0.01074921050962229,1.0372927139999919e-4,0.010836999853375839,0.012922993560936544,0.5022689941630447,0.9517302605523869,10,9
3,0.13849046385824723,0.1399709971483963,2.0638560611117915,23.74218146525526,10.60705177895283,1.985030644624604,5.7697845085753214e-5,0.011995139363636362,0.006194551134168019,1.51086457940087,0.9867108086669816,-2.909269379238365,-1.1523798714006714,-3.5104154884288965,1.089298768737161,-0.7563352958184046,-0.02105363997354715,0.02,0.9583219248534358,0.0014102522456737204,0.006892766807180265,0.032823127837315905,5.519282563943245e-4,0.02271393692608054,0.02153213516041659,0.5022689941630447,0.9293363695845479,10,9
4,0.13849046385824723,0.1399709971483963,2.0638560611117915,23.74218146525526,10.60705177895283,1.985030644624604,5.7697845085753214e-5,0.011995139363636362,0.006194551134168019,1.51086457940087,0.9867108086669816,-2.909269379238365,-1.1523798714006714,-3.5104154884288965,1.089298768737161,-0.7563352958184046,-0.02105363997354715,0.02,0.9660106547998287,8.546498705495774e-4,0.004423334581254368,0.028210816737054546,5.005440113127903e-4,0.01337077870473297,0.016327098874925706,0.5022689941630447,0.9440585024958491,10,9
5,0.13849046385824723,0.1399709971483963,2.0638560611117915,23.74218146525526,10.60705177895283,1.985030644624604,5.7697845085753214e-5,0.011995139363636362,0.006194551134168019,1.51086457940087,0.9867108086669816,-2.909269379238365,-1.1523798714006714,-3.5104154884288965,1.089298768737161,-0.7563352958184046,-0.02105363997354715,0.02,0.9867735663861892,3.3872118354546355e-4,0.0012935698080927933,0.011447953471081374,1.4618915109117345e-4,0.002629552490597945,0.010196613412368478,0.5022689941630447,0.8471490636891515,10,9
6,0.13849046385824723,0.1399709971483963,2.0638560611117915,23.74218146525526,10.60705177895283,1.985030644624604,5.7697845085753214e-5,0.011995139363636362,0.006194551134168019,1.51086457940087,0.9867108086669816,-2.909269379238365,-1.1523798714006714,-3.5104154884288965,1.089298768737161,-0.7563352958184046,-0.02105363997354715,0.02,0.9927034443430806,4.998835545620685e-4,0.0013605164196895992,0.005394140786320365,4.2014896347391765e-5,0.007696012028529515,0.007698974607682587,0.5022689941630447,0.8563662769469681,10,9
7,0.13849046385824723,0.1399709971483963,2.0638560611117915,23.74218146525526,10.60705177895283,1.985030644624604,5.7697845085753214e-5,0.011995139363636362,0.006194551134168019,1.51086457940087,0.9867108086669816,-2.909269379238365,-1.1523798714006714,-3.5104154884288965,1.089298768737161,-0.7563352958184046,-0.02105363997354715,0.02,0.986657692382466,6.578713762660644e-4,0.0023614377476888545,0.010259455824301456,6.354266927770563e-5,0.01156673307831666,0.01210007905901834,0.5022689941630447,0.8653193817537098,10,9
8,0.13849046385824723,0.1399709971483963,2.0638560611117915,23.74218146525526,10.60705177895283,1.985030644624604,5.7697845085753214e-5,0.011995139363636362,0.006194551134168019,1.51086457940087,0.9867108086669816,-2.909269379238365,-1.1523798714006714,-3.5104154884288965,1.089298768737161,-0.7563352958184046,-0.02105363997354715,0.02,0.9808751153416821,5.690603315159389e-4,0.0031836873296829785,0.015245007237417861,1.2712975970112302e-4,0.0062575767275998085,0.01368868053241876,0.5022689941630447,0.8304283448003265,10,9
9,0.13849046385824723,0.1399709971483963,2.0638560611117915,23.74218146525526,10.60705177895283,1.985030644624604,5.7697845085753214e-5,0.011995139363636362,0.006194551134168019,1.51086457940087,0.9867108086669816,-2.909269379238365,-1.1523798714006714,-3.5104154884288965,1.089298768737161,-0.7563352958184046,-0.02105363997354715,0.02,0.9860778345381983,3.749587587460787e-4,0.0017415725082092466,0.011710898404557489,9.473579028887733e-5,0.011458673215353831,0.00916493905146716,0.5022689941630447,0.748710145694689,10,9
10,0.13849046385824723,0.1399709971483963,2.0638560611117915,23.74218146525526,10.60705177895283,1.985030644624604,5.7697845085753214e-5,0.011995139363636362,0.006194551134168019,1.51086457940087,0.9867108086669816,-2.909269379238365,-1.1523798714006714,-3.5104154884288965,1.089298768737161,-0.7563352958184046,-0.02105363997354715,0.02,0.9927842172653192,2.3238562943855883e-4,7.296084325691924e-4,0.0062182373165647975,3.555135610830593e-5,0.00640892478886126,0.005408092281785587,0.5022689941630447,0.5996946404071459,10,9
11,0.13849046385824723,0.1399709971483963,2.0638560611117915,23.74218146525526,10.60705177895283,1.985030644624604,5.7697845085753214e-5,0.011995139363636362,0.006194551134168019,1.51086457940087,0.9867108086669816,-2.909269379238365,-1.1523798714006714,-3.5104154884288965,1.089298768737161,-0.7563352958184046,-0.02105363997354715,0.02,0.9970584065005971,1.407885610555071e-4,4.287064483516592e-4,0.0023634535323969635,8.644957598809124e-6,0.0029210775607146954,0.0029374683495776268,0.5022689941630447,0.6167544694394879,10,9
12,0.13849046385824723,0.1399709971483963,2.0638560611117915,23.74218146525526,10.60705177895283,1.985030644624604,5.7697845085753214e-5,0.011995139363636362,0.006194551134168019,1.51086457940087,0.9867108086669816,-2.909269379238365,-1.1523798714006714,-3.5104154884288965,1.089298768737161,-0.7563352958184046,-0.02105363997354715,0.02,0.9895676119951324,4.7516351658317496e-4,0.0019265275314308138,0.00799512450971603,3.557244713756049e-5,0.006653669987390632,0.006476460553782658,0.5022689941630447,0.6017071776891271,10,9
13,0.13849046385824723,0.1399709971483963,2.0638560611117915,23.74218146525526,10.60705177895283,1.985030644624604,5.7697845085753214e-5,0.011995139363636362,0.006194551134168019,1.51086457940087,0.9867108086669816,-2.909269379238365,-1.1523798714006714,-3.5104154884288965,1.089298768737161,-0.7563352958184046,-0.02105363997354715,0.02,0.9980236782965335,7.970360728960682e-5,2.958466223564219e-4,0.001598142826401125,2.628647419373603e-6,0.0020197378488866122,0.0014494070921725235,0.5022689941630447,0.5750206917436341,10,9
1,0.13849046385824723,0.1399709971483963,2.0638560611117915,23.74218146525526,10.60705177895283,1.985030644624604,5.7697845085753214e-5,0.01199513936363636,0.00619455113416802,1.51086457940087,0.9867108086669816,-2.909269379238365,-1.1523798714006714,-3.5104154884288965,1.089298768737161,-0.7563352958184046,-0.02105363997354715,0.02,0.30182041888512834,6.207955855627253e-4,0.0049228083585139,0.6058352229018801,0.08680075426891494,0.04985305754926784,0.7153054644371083,0.5022689941630447,1,9,9
2,0.13849046385824723,0.1399709971483963,2.0638560611117915,23.74218146525526,10.60705177895283,1.985030644624604,5.7697845085753214e-5,0.011995139363636362,0.006194551134168019,1.51086457940087,0.9867108086669816,-2.909269379238365,-1.1523798714006714,-3.5104154884288965,1.089298768737161,-0.7563352958184046,-0.02105363997354715,0.02,0.9902795978541273,5.073761926727401e-4,0.0015046544401832154,0.007654163893160089,5.420761985668489e-5,0.011299677517495312,0.00937322812971041,0.5022689941630447,0.9321749972609474,9,9
3,0.13849046385824723,0.1399709971483963,2.0638560611117915,23.74218146525526,10.60705177895283,1.985030644624604,5.7697845085753214e-5,0.011995139363636362,0.006194551134168019,1.51086457940087,0.9867108086669816,-2.909269379238365,-1.1523798714006714,-3.5104154884288965,1.089298768737161,-0.7563352958184046,-0.02105363997354715,0.02,0.9587293415173397,0.0013619218595902476,0.006832608030869052,0.03253894041878271,5.371881734183327e-4,0.018512407325420123,0.02079783333956816,0.5022689941630447,0.9315709552540631,9,9
4,0.13849046385824723,0.1399709971483963,2.0638560611117915,23.74218146525526,10.60705177895283,1.985030644624604,5.7697845085753214e-5,0.011995139363636362,0.006194551134168019,1.51086457940087,0.9867108086669816,-2.909269379238365,-1.1523798714006714,-3.5104154884288965,1.089298768737161,-0.7563352958184046,-0.02105363997354715,0.02,0.9662134380381571,8.183430719530945e-4,0.004449193355616901,0.02802593076797361,4.930947662994738e-4,0.016976943636027426,0.013652842476357984,0.5022689941630447,0.848452753390242,9,9
5,0.13849046385824723,0.1399709971483963,2.0638560611117915,23.74218146525526,10.60705177895283,1.985030644624604,5.7697845085753214e-5,0.011995139363636362,0.006194551134168019,1.51086457940087,0.9867108086669816,-2.909269379238365,-1.1523798714006714,-3.5104154884288965,1.089298768737161,-0.7563352958184046,-0.02105363997354715,0.02,0.9868827134506174,2.4298618763119579e-4,0.0013380450377466983,0.011393904131209043,1.423511927957052e-4,0.0015211193434775476,0.005006615916631069,0.5022689941630447,0.7695677001197604,9,9
6,0.13849046385824723,0.1399709971483963,2.0638560611117915,23.74218146525526,10.60705177895283,1.985030644624604,5.7697845085753214e-5,0.011995139363636362,0.006194551134168019,1.51086457940087,0.9867108086669816,-2.909269379238365,-1.1523798714006714,-3.5104154884288965,1.089298768737161,-0.7563352958184046,-0.02105363997354715,0.02,0.9927414434731995,4.676884578748701e-4,0.0013478043681478728,0.005403152582146882,3.991111863105099e-5,0.007498565870341924,0.006307027808292677,0.5022689941630447,0.8897661178210693,9,9
7,0.13849046385824723,0.1399709971483963,2.0638560611117915,23.74218146525526,10.60705177895283,1.985030644624604,5.7697845085753214e-5,0.011995139363636362,0.006194551134168019,1.51086457940087,0.9867108086669816,-2.909269379238365,-1.1523798714006714,-3.5104154884288965,1.089298768737161,-0.7563352958184046,-0.02105363997354715,0.02,0.9866947150049823,6.505940585292605e-4,0.002356383799891609,0.010234110216906397,6.419691969054577e-5,0.009366541908432122,0.012387766416895693,0.5022689941630447,0.9407206707649073,9,9
8,0.13849046385824723,0.1399709971483963,2.0638560611117915,23.74218146525526,10.60705177895283,1.985030644624604,5.7697845085753214e-5,0.011995139363636362,0.006194551134168019,1.51086457940087,0.9867108086669816,-2.909269379238365,-1.1523798714006714,-3.5104154884288965,1.089298768737161,-0.7563352958184046,-0.02105363997354715,0.02,0.9806967285892043,6.113205259886016e-4,0.003338366565858924,0.015226126239050782,1.2745807989742065e-4,0.02018797830218842,0.009512442072721972,0.5022689941630447,0.7585438658968308,9,9
9,0.13849046385824723,0.1399709971483963,2.0638560611117915,23.74218146525526,10.60705177895283,1.985030644624604,5.7697845085753214e-5,0.011995139363636362,0.006194551134168019,1.51086457940087,0.9867108086669816,-2.909269379238365,-1.1523798714006714,-3.5104154884288965,1.089298768737161,-0.7563352958184046,-0.02105363997354715,0.02,0.9861683724390417,3.6207717395215247e-4,0.0017306289039303823,0.01164551314040363,9.340834267216693e-5,0.01246586133296148,0.010973997316377104,0.5022689941630447,0.7565265245538559,9,9
10,0.13849046385824723,0.1399709971483963,2.0638560611117915,23.74218146525526,10.60705177895283,1.985030644624604,5.7697845085753214e-5,0.011995139363636362,0.006194551134168019,1.51086457940087,0.9867108086669816,-2.909269379238365,-1.1523798714006714,-3.5104154884288965,1.089298768737161,-0.7563352958184046,-0.02105363997354715,0.02,0.992538802472368,2.397401948693515e-4,7.482578210462607e-4,0.006436731060663584,3.6468451052774995e-5,0.0055530948247288865,0.005528473938996151,0.5022689941630447,0.6043782453563888,9,9
11,0.13849046385824723,0.1399709971483963,2.0638560611117915,23.74218146525526,10.60705177895283,1.985030644624604,5.7697845085753214e-5,0.011995139363636362,0.006194551134168019,1.51086457940087,0.9867108086669816,-2.909269379238365,-1.1523798714006714,-3.5104154884288965,1.089298768737161,-0.7563352958184046,-0.02105363997354715,0.02,0.997286033341175,1.36322763807628e-4,4.201573008773758e-4,0.002150170301438623,7.316292701421991e-6,0.0038830906800647463,0.0029145235692056657,0.5022689941630447,0.6813212917725179,9,9
12,0.13849046385824723,0.1399709971483963,2.0638560611117915,23.74218146525526,10.60705177895283,1.985030644624604,5.7697845085753214e-5,0.011995139363636362,0.006194551134168019,1.51086457940087,0.9867108086669816,-2.909269379238365,-1.1523798714006714,-3.5104154884288965,1.089298768737161,-0.7563352958184046,-0.02105363997354715,0.02,0.9879033194251899,5.50113072987143e-4,0.0022493754726088276,0.00925031396206464,4.6878067149401214e-5,0.007425537289642937,0.007731227691160118,0.5022689941630447,0.5184161747074213,9,9
13,0.13849046385824723,0.1399709971483963,2.0638560611117915,23.74218146525526,10.60705177895283,1.985030644624604,5.7697845085753214e-5,0.011995139363636362,0.006194551134168019,1.51086457940087,0.9867108086669816,-2.909269379238365,-1.1523798714006714,-3.5104154884288965,1.089298768737161,-0.7563352958184046,-0.02105363997354715,0.02,0.9982047254039643,8.200192994267235e-5,3.0035320523223003e-4,0.0014110780553982399,1.8414054625945106e-6,0.0015154813901308694,0.0017960616955885295,0.5022689941630447,0.3983052620956362,9,9
1,0.13849046385824723,0.1399709971483963,2.0638560611117915,23.74218146525526,10.60705177895283,1.985030644624604,5.7697845085753214e-5,0.01199513936363636,0.00619455113416802,1.51086457940087,0.9867108086669816,-2.909269379238365,-1.1523798714006714,-3.5104154884288965,1.089298768737161,-0.7563352958184046,-0.02105363997354715,0.02,0.30182041888512834,6.207955855627253e-4,0.0049228083585139,0.6058352229018801,0.08680075426891494,0.04985305754926784,0.7153054644371083,0.5022689941630447,1,8,9
2,0.13849046385824723,0.1399709971483963,2.0638560611117915,23.74218146525526,10.60705177895283,1.985030644624604,5.7697845085753214e-5,0.011995139363636362,0.006194551134168019,1.51086457940087,0.9867108086669816,-2.909269379238365,-1.1523798714006714,-3.5104154884288965,1.089298768737161,-0.7563352958184046,-0.02105363997354715,0.02,0.9838039902400785,0.0010906113100847097,0.003678823013269836,0.011333811149645748,9.276428692124533e-5,0.016612086132462508,0.01579601425565659,0.5022689941630447,0.9686452243618477,8,9
3,0.13849046385824723,0.1399709971483963,2.0638560611117915,23.74218146525526,10.60705177895283,1.985030644624604,5.7697845085753214e-5,0.011995139363636362,0.006194551134168019,1.51086457940087,0.9867108086669816,-2.909269379238365,-1.1523798714006714,-3.5104154884288965,1.089298768737161,-0.7563352958184046,-0.02105363997354715,0.02,0.9578707667248809,0.0014098265312249493,0.006950400940611921,0.03320510730265523,5.638985006269748e-4,0.017328195375534622,0.01997062056915334,0.5022689941630447,0.9549281251828464,8,9
4,0.13849046385824723,0.1399709971483963,2.0638560611117915,23.74218146525526,10.60705177895283,1.985030644624604,5.7697845085753214e-5,0.011995139363636362,0.006194551134168019,1.51086457940087,0.9867108086669816,-2.909269379238365,-1.1523798714006714,-3.5104154884288965,1.089298768737161,-0.7563352958184046,-0.02105363997354715,0.02,0.9661971158947397,8.383095720952869e-4,0.004428470514458706,0.028043905673236013,4.921983454703448e-4,0.014741443517062313,0.022418516217581726,0.5022689941630447,0.9240353248519694,8,9
5,0.13849046385824723,0.1399709971483963,2.0638560611117915,23.74218146525526,10.60705177895283,1.985030644624604,5.7697845085753214e-5,0.011995139363636362,0.006194551134168019,1.51086457940087,0.9867108086669816,-2.909269379238365,-1.1523798714006714,-3.5104154884288965,1.089298768737161,-0.7563352958184046,-0.02105363997354715,0.02,0.9865150657455274,2.946739515623355e-4,0.001367106006602677,0.011675558740016627,1.475955562910112e-4,0.002945203303920486,0.012988486368534951,0.5022689941630447,0.7630003757401289,8,9
6,0.13849046385824723,0.1399709971483963,2.0638560611117915,23.74218146525526,10.60705177895283,1.985030644624604,5.7697845085753214e-5,0.011995139363636362,0.006194551134168019,1.51086457940087,0.9867108086669816,-2.909269379238365,-1.1523798714006714,-3.5104154884288965,1.089298768737161,-0.7563352958184046,-0.02105363997354715,0.02,0.9928656809059259,4.7199070879143276e-4,0.0013468577855242658,0.005276093691755994,3.93769080025331e-5,0.006225382412139231,0.006501626245640032,0.5022689941630447,0.7419789292552303,8,9
7,0.13849046385824723,0.1399709971483963,2.0638560611117915,23.74218146525526,10.60705177895283,1.985030644624604,5.7697845085753214e-5,0.011995139363636362,0.006194551134168019,1.51086457940087,0.9867108086669816,-2.909269379238365,-1.1523798714006714,-3.5104154884288965,1.089298768737161,-0.7563352958184046,-0.02105363997354715,0.02,0.9868153372303595,6.012909067462463e-4,0.0023159374613700248,0.010205157785205863,6.227661631841588e-5,0.009211805308425976,0.010407287996508476,0.5022689941630447,0.7588743213891153,8,9
8,0.13849046385824723,0.1399709971483963,2.0638560611117915,23.74218146525526,10.60705177895283,1.985030644624604,5.7697845085753214e-5,0.011995139363636362,0.006194551134168019,1.51086457940087,0.9867108086669816,-2.909269379238365,-1.1523798714006714,-3.5104154884288965,1.089298768737161,-0.7563352958184046,-0.02105363997354715,0.02,0.9808272200991338,5.501817320882349e-4,0.0032214027733306074,0.015276088689272296,1.251067061750424e-4,0.011782786599489642,0.01014134726084825,0.5022689941630447,0.8267866472623362,8,9
9,0.13849046385824723,0.1399709971483963,2.0638560611117915,23.74218146525526,10.60705177895283,1.985030644624604,5.7697845085753214e-5,0.011995139363636362,0.006194551134168019,1.51086457940087,0.9867108086669816,-2.909269379238365,-1.1523798714006714,-3.5104154884288965,1.089298768737161,-0.7563352958184046,-0.02105363997354715,0.02,0.9860317973138022,3.732227771078881e-4,0.001752596243515041,0.011746276130099216,9.610753547555255e-5,0.009615481869219525,0.007454129007277802,0.5022689941630447,0.776606213111645,8,9
10,0.13849046385824723,0.1399709971483963,2.0638560611117915,23.74218146525526,10.60705177895283,1.985030644624604,5.7697845085753214e-5,0.011995139363636362,0.006194551134168019,1.51086457940087,0.9867108086669816,-2.909269379238365,-1.1523798714006714,-3.5104154884288965,1.089298768737161,-0.7563352958184046,-0.02105363997354715,0.02,0.9928191259923344,2.2553008761160847e-4,7.339641942259897e-4,0.0061864872116362745,3.4892514191743855e-5,0.004842710513814083,0.005799053322598771,0.5022689941630447,0.6433113946267593,8,9
11,0.13849046385824723,0.1399709971483963,2.0638560611117915,23.74218146525526,10.60705177895283,1.985030644624604,5.7697845085753214e-5,0.011995139363636362,0.006194551134168019,1.51086457940087,0.9867108086669816,-2.909269379238365,-1.1523798714006714,-3.5104154884288965,1.089298768737161,-0.7563352958184046,-0.02105363997354715,0.02,0.9970936525570147,1.4062258285907757e-4,4.2641673467579794e-4,0.0023308826632759895,8.425462174542852e-6,0.002853204923854595,0.003988831808798203,0.5022689941630447,0.7097052728179988,8,9
12,0.13849046385824723,0.1399709971483963,2.0638560611117915,23.74218146525526,10.60705177895283,1.985030644624604,5.7697845085753214e-5,0.011995139363636362,0.006194551134168019,1.51086457940087,0.9867108086669816,-2.909269379238365,-1.1523798714006714,-3.5104154884288965,1.089298768737161,-0.7563352958184046,-0.02105363997354715,0.02,0.9867532741155968,6.107252984033406e-4,0.002478678047424409,0.010101414207980004,5.590833059543376e-5,0.008928648855970165,0.00982616449243096,0.5022689941630447,0.42173545137179425,8,9
13,0.13849046385824723,0.1399709971483963,2.0638560611117915,23.74218146525526,10.60705177895283,1.985030644624604,5.7697845085753214e-5,0.011995139363636362,0.006194551134168019,1.51086457940087,0.9867108086669816,-2.909269379238365,-1.1523798714006714,-3.5104154884288965,1.089298768737161,-0.7563352958184046,-0.02105363997354715,0.02,0.9982893720622379,6.984027418756322e-5,2.882279454715385e-4,0.0013510061633909723,1.5535547119871142e-6,0.0015845195528483718,0.0038101526957910747,0.5022689941630447,0.33707474606429394,8,9
1,0.13849046385824723,0.1399709971483963,2.0638560611117915,23.74218146525526,10.60705177895283,1.985030644624604,5.7697845085753214e-5,0.01199513936363636,0.00619455113416802,1.51086457940087,0.9867108086669816,-2.909269379238365,-1.1523798714006714,-3.5104154884288965,1.089298768737161,-0.7563352958184046,-0.02105363997354715,0.02,0.30182041888512834,6.207955855627253e-4,0.0049228083585139,0.6058352229018801,0.08680075426891494,0.04985305754926784,0.7153054644371083,0.5022689941630447,1,7,9
2,0.13849046385824723,0.1399709971483963,2.0638560611117915,23.74218146525526,10.60705177895283,1.985030644624604,5.7697845085753214e-5,0.011995139363636362,0.006194551134168019,1.51086457940087,0.9867108086669816,-2.909269379238365,-1.1523798714006714,-3.5104154884288965,1.089298768737161,-0.7563352958184046,-0.02105363997354715,0.02,0.9691865980071613,0.0018169002759908103,0.007218158654887458,0.021470043648042936,3.082994139174116e-4,0.018018061991622664,0.017995903776674232,0.5022689941630447,0.8882490657322583,7,9
3,0.13849046385824723,0.1399709971483963,2.0638560611117915,23.74218146525526,10.60705177895283,1.985030644624604,5.7697845085753214e-5,0.011995139363636362,0.006194551134168019,1.51086457940087,0.9867108086669816,-2.909269379238365,-1.1523798714006714,-3.5104154884288965,1.089298768737161,-0.7563352958184046,-0.02105363997354715,0.02,0.9584308842318786,0.0013421657818028729,0.006866541435306508,0.0328188545207502,5.415540302618725e-4,0.02046490105495154,0.019051315629839975,0.5022689941630447,0.9245908254722215,7,9
4,0.13849046385824723,0.1399709971483963,2.0638560611117915,23.74218146525526,10.60705177895283,1.985030644624604,5.7697845085753214e-5,0.011995139363636362,0.006194551134168019,1.51086457940087,0.9867108086669816,-2.909269379238365,-1.1523798714006714,-3.5104154884288965,1.089298768737161,-0.7563352958184046,-0.02105363997354715,0.02,0.9663123857782326,8.138797806206201e-4,0.004402144226126428,0.027979187240158535,4.924029748617476e-4,0.017063920560990563,0.014111309273936425,0.5022689941630447,0.8645350432821655,7,9
5,0.13849046385824723,0.1399709971483963,2.0638560611117915,23.74218146525526,10.60705177895283,1.985030644624604,5.7697845085753214e-5,0.011995139363636362,0.006194551134168019,1.51086457940087,0.9867108086669816,-2.909269379238365,-1.1523798714006714,-3.5104154884288965,1.089298768737161,-0.7563352958184046,-0.02105363997354715,0.02,0.9864682797737057,2.9012355771453166e-4,0.001395287589661587,0.011700564998876109,1.457440800422124e-4,0.0059505324967707995,0.006913002913453726,0.5022689941630447,0.7717355704409127,7,9
6,0.13849046385824723,0.1399709971483963,2.0638560611117915,23.74218146525526,10.60705177895283,1.985030644624604,5.7697845085753214e-5,0.011995139363636362,0.006194551134168019,1.51086457940087,0.9867108086669816,-2.909269379238365,-1.1523798714006714,-3.5104154884288965,1.089298768737161,-0.7563352958184046,-0.02105363997354715,0.02,0.992773928173898,4.6704124194434814e-4,0.0013401348220376497,0.005378044115481265,4.085164663885208e-5,0.007273903013844026,0.007448113731751891,0.5022689941630447,0.9948993593233575,7,9
7,0.13849046385824723,0.1399709971483963,2.0638560611117915,23.74218146525526,10.60705177895283,1.985030644624604,5.7697845085753214e-5,0.011995139363636362,0.006194551134168019,1.51086457940087,0.9867108086669816,-2.909269379238365,-1.1523798714006714,-3.5104154884288965,1.089298768737161,-0.7563352958184046,-0.02105363997354715,0.02,0.986451781079111,7.068558371527914e-4,0.0023991011557372224,0.010375628011411378,6.663391658762046e-5,0.01122057423936616,0.014049591991551834,0.5022689941630447,0.7526384724889877,7,9
8,0.13849046385824723,0.1399709971483963,2.0638560611117915,23.74218146525526,10.60705177895283,1.985030644624604,5.7697845085753214e-5,0.011995139363636362,0.006194551134168019,1.51086457940087,0.9867108086669816,-2.909269379238365,-1.1523798714006714,-3.5104154884288965,1.089298768737161,-0.7563352958184046,-0.02105363997354715,0.02,0.9810002426839237,5.604157075152633e-4,0.003187693422898383,0.015123548526491096,1.2809965917151848e-4,0.013156189153257268,0.010545173371142871,0.5022689941630447,0.753809272435883,7,9
9,0.13849046385824723,0.1399709971483963,2.0638560611117915,23.74218146525526,10.60705177895283,1.985030644624604,5.7697845085753214e-5,0.011995139363636362,0.006194551134168019,1.51086457940087,0.9867108086669816,-2.909269379238365,-1.1523798714006714,-3.5104154884288965,1.089298768737161,-0.7563352958184046,-0.02105363997354715,0.02,0.9863217493044708,3.7309096038961215e-4,0.0017194592170425968,0.011493811135417439,9.188938267949489e-5,0.006823229957885872,0.008926049500481403,0.5022689941630447,0.730733366424821,7,9
10,0.13849046385824723,0.1399709971483963,2.0638560611117915,23.74218146525526,10.60705177895283,1.985030644624604,5.7697845085753214e-5,0.011995139363636362,0.006194551134168019,1.51086457940087,0.9867108086669816,-2.909269379238365,-1.1523798714006714,-3.5104154884288965,1.089298768737161,-0.7563352958184046,-0.02105363997354715,0.02,0.9924729535876641,2.2410123911570962e-4,7.408516085632449e-4,0.006523985121070917,3.810844358607241e-5,0.004867127792468164,0.0062145387572148485,0.5022689941630447,0.580101849223697,7,9
11,0.13849046385824723,0.1399709971483963,2.0638560611117915,23.74218146525526,10.60705177895283,1.985030644624604,5.7697845085753214e-5,0.011995139363636362,0.006194551134168019,1.51086457940087,0.9867108086669816,-2.909269379238365,-1.1523798714006714,-3.5104154884288965,1.089298768737161,-0.7563352958184046,-0.02105363997354715,0.02,0.9971151186087085,1.408137904816488e-4,4.2357981366676807e-4,0.002311979192709896,8.50859443317742e-6,0.0030552108000222074,0.0030907731498076756,0.5022689941630447,0.5399838157077028,7,9
12,0.13849046385824723,0.1399709971483963,2.0638560611117915,23.74218146525526,10.60705177895283,1.985030644624604,5.7697845085753214e-5,0.011995139363636362,0.006194551134168019,1.51086457940087,0.9867108086669816,-2.909269379238365,-1.1523798714006714,-3.5104154884288965,1.089298768737161,-0.7563352958184046,-0.02105363997354715,0.02,0.9919755054473554,3.633329487613767e-4,0.0014747195869702198,0.0061645367201001965,2.1905296812948596e-5,0.005485877992050481,0.0047881350402940535,0.5022689941630447,0.5408928406130796,7,9
13,0.13849046385824723,0.1399709971483963,2.0638560611117915,23.74218146525526,10.60705177895283,1.985030644624604,5.7697845085753214e-5,0.011995139363636362,0.006194551134168019,1.51086457940087,0.9867108086669816,-2.909269379238365,-1.1523798714006714,-3.5104154884288965,1.089298768737161,-0.7563352958184046,-0.02105363997354715,0.02,0.9980897540787789,8.965549965292253e-5,2.8257634107419296e-4,0.0015355655672996808,2.448513194288439e-6,0.001751578761156515,0.0017260277791731034,0.5022689941630447,0.4002217898003879,7,9
1,0.13849046385824723,0.1399709971483963,2.0638560611117915,23.74218146525526,10.60705177895283,1.985030644624604,5.7697845085753214e-5,0.01199513936363636,0.00619455113416802,1.51086457940087,0.9867108086669816,-2.909269379238365,-1.1523798714006714,-3.5104154884288965,1.089298768737161,-0.7563352958184046,-0.02105363997354715,0.02,0.30182041888512834,6.207955855627253e-4,0.0049228083585139,0.6058352229018801,0.08680075426891494,0.04985305754926784,0.7153054644371083,0.5022689941630447,1,6,9
2,0.13849046385824723,0.1399709971483963,2.0638560611117915,23.74218146525526,10.60705177895283,1.985030644624604,5.7697845085753214e-5,0.011995139363636362,0.006194551134168019,1.51086457940087,0.9867108086669816,-2.909269379238365,-1.1523798714006714,-3.5104154884288965,1.089298768737161,-0.7563352958184046,-0.02105363997354715,0.02,0.9650488717486596,0.0013226558027685134,0.0059819295578931895,0.02714354168988355,5.030012007952689e-4,0.022342021291658423,0.017916054678269226,0.5022689941630447,0.8831006730215887,6,9
3,0.13849046385824723,0.1399709971483963,2.0638560611117915,23.74218146525526,10.60705177895283,1.985030644624604,5.7697845085753214e-5,0.011995139363636362,0.006194551134168019,1.51086457940087,0.9867108086669816,-2.909269379238365,-1.1523798714006714,-3.5104154884288965,1.089298768737161,-0.7563352958184046,-0.02105363997354715,0.02,0.9581992242259364,0.0013493703302563393,0.006881112365598033,0.03302083298434899,5.494600938602158e-4,0.021159583652640306,0.01847594303036905,0.5022689941630447,0.9001604772176154,6,9
4,0.13849046385824723,0.1399709971483963,2.0638560611117915,23.74218146525526,10.60705177895283,1.985030644624604,5.7697845085753214e-5,0.011995139363636362,0.006194551134168019,1.51086457940087,0.9867108086669816,-2.909269379238365,-1.1523798714006714,-3.5104154884288965,1.089298768737161,-0.7563352958184046,-0.02105363997354715,0.02,0.966485631416683,8.26077496691688e-4,0.004381712436054658,0.027821013267451216,4.855653831194097e-4,0.015850902439803055,0.017585628958661555,0.5022689941630447,0.86068880991888,6,9
5,0.13849046385824723,0.1399709971483963,2.0638560611117915,23.74218146525526,10.60705177895283,1.985030644624604,5.7697845085753214e-5,0.011995139363636362,0.006194551134168019,1.51086457940087,0.9867108086669816,-2.909269379238365,-1.1523798714006714,-3.5104154884288965,1.089298768737161,-0.7563352958184046,-0.02105363997354715,0.02,0.986264636473621,2.875875774834183e-4,0.001301711010018191,0.011991889444217172,1.54175494660374e-4,0.021830727783219015,0.013604726644639237,0.5022689941630447,0.8256155142523557,6,9
6,0.13849046385824723,0.1399709971483963,2.0638560611117915,23.74218146525526,10.60705177895283,1.985030644624604,5.7697845085753214e-5,0.011995139363636362,0.006194551134168019,1.51086457940087,0.9867108086669816,-2.909269379238365,-1.1523798714006714,-3.5104154884288965,1.089298768737161,-0.7563352958184046,-0.02105363997354715,0.02,0.9926886994835833,4.915617410827232e-4,0.0013632170530889006,0.00541563947890587,4.088224333925616e-5,0.0077592464233021494,0.007608997053093409,0.5022689941630447,0.7444416543897756,6,9
7,0.13849046385824723,0.1399709971483963,2.0638560611117915,23.74218146525526,10.60705177895283,1.985030644624604,5.7697845085753214e-5,0.011995139363636362,0.006194551134168019,1.51086457940087,0.9867108086669816,-2.909269379238365,-1.1523798714006714,-3.5104154884288965,1.089298768737161,-0.7563352958184046,-0.02105363997354715,0.02,0.9870045540476572,5.975169260925395e-4,0.002309835301044371,0.010027679208567349,6.041451663857904e-5,0.00804741720796281,0.008878537454870222,0.5022689941630447,0.702486601956543,6,9
8,0.13849046385824723,0.1399709971483963,2.0638560611117915,23.74218146525526,10.60705177895283,1.985030644624604,5.7697845085753214e-5,0.011995139363636362,0.006194551134168019,1.51086457940087,0.9867108086669816,-2.909269379238365,-1.1523798714006714,-3.5104154884288965,1.089298768737161,-0.7563352958184046,-0.02105363997354715,0.02,0.9808162633343863,5.493241726589059e-4,0.0032333202973941592,0.0152760285369563,1.2506365860416805e-4,0.006995538433956599,0.00984704258818744,0.5022689941630447,0.7637649660624981,6,9
9,0.13849046385824723,0.1399709971483963,2.0638560611117915,23.74218146525526,10.60705177895283,1.985030644624604,5.7697845085753214e-5,0.011995139363636362,0.006194551134168019,1.51086457940087,0.9867108086669816,-2.909269379238365,-1.1523798714006714,-3.5104154884288965,1.089298768737161,-0.7563352958184046,-0.02105363997354715,0.02,0.9861262852279624,3.6246864624746885e-4,0.0017332662834901066,0.01168390422746293,9.407561483710387e-5,0.007791761390709956,0.008800277672878108,0.5022689941630447,0.6151251796906925,6,9
10,0.13849046385824723,0.1399709971483963,2.0638560611117915,23.74218146525526,10.60705177895283,1.985030644624604,5.7697845085753214e-5,0.011995139363636362,0.006194551134168019,1.51086457940087,0.9867108086669816,-2.909269379238365,-1.1523798714006714,-3.5104154884288965,1.089298768737161,-0.7563352958184046,-0.02105363997354715,0.02,0.9925316967202195,2.1256558224149255e-4,7.30256993559375e-4,0.006487856173249052,3.762453073060114e-5,0.004754498896504991,0.004537389469900102,0.5022689941630447,0.601393656393505,6,9
11,0.13849046385824723,0.1399709971483963,2.0638560611117915,23.74218146525526,10.60705177895283,1.985030644624604,5.7697845085753214e-5,0.011995139363636362,0.006194551134168019,1.51086457940087,0.9867108086669816,-2.909269379238365,-1.1523798714006714,-3.5104154884288965,1.089298768737161,-0.7563352958184046,-0.02105363997354715,0.02,0.9970090056635547,1.4004847350913363e-4,4.285294524126116e-4,0.002413170475341799,9.245935181785877e-6,0.002948329608129947,0.00318219647454043,0.5022689941630447,0.7367840863819617,6,9
12,0.13849046385824723,0.1399709971483963,2.0638560611117915,23.74218146525526,10.60705177895283,1.985030644624604,5.7697845085753214e-5,0.011995139363636362,0.006194551134168019,1.51086457940087,0.9867108086669816,-2.909269379238365,-1.1523798714006714,-3.5104154884288965,1.089298768737161,-0.7563352958184046,-0.02105363997354715,0.02,0.9856827299338544,6.651367062570781e-4,0.0027133150205927445,0.010874177924398026,6.464041489766182e-5,0.009236859169783633,0.009334014088438364,0.5022689941630447,0.3965302109418619,6,9
13,0.13849046385824723,0.1399709971483963,2.0638560611117915,23.74218146525526,10.60705177895283,1.985030644624604,5.7697845085753214e-5,0.011995139363636362,0.006194551134168019,1.51086457940087,0.9867108086669816,-2.909269379238365,-1.1523798714006714,-3.5104154884288965,1.089298768737161,-0.7563352958184046,-0.02105363997354715,0.02,0.998271794709712,6.902116842209989e-5,2.8071268275227363e-4,0.0013767579225100462,1.7135166036644846e-6,0.0020590954712362552,0.001508450097011688,0.5022689941630447,0.36892745829793944,6,9
1,0.13849046385824723,0.1399709971483963,2.0638560611117915,23.74218146525526,10.60705177895283,1.985030644624604,5.7697845085753214e-5,0.01199513936363636,0.00619455113416802,1.51086457940087,0.9867108086669816,-2.909269379238365,-1.1523798714006714,-3.5104154884288965,1.089298768737161,-0.7563352958184046,-0.02105363997354715,0.02,0.30182041888512834,6.207955855627253e-4,0.0049228083585139,0.6058352229018801,0.08680075426891494,0.04985305754926784,0.7153054644371083,0.5022689941630447,1,5,9
2,0.13849046385824723,0.1399709971483963,2.0638560611117915,23.74218146525526,10.60705177895283,1.985030644624604,5.7697845085753214e-5,0.011995139363636362,0.006194551134168019,1.51086457940087,0.9867108086669816,-2.909269379238365,-1.1523798714006714,-3.5104154884288965,1.089298768737161,-0.7563352958184046,-0.02105363997354715,0.02,0.971434956215468,0.0010880143317430907,0.004291471312738456,0.022777353119861805,4.082050201886752e-4,0.019743105048057756,0.017811756152981556,0.5022689941630447,0.8613623465841804,5,9
3,0.13849046385824723,0.1399709971483963,2.0638560611117915,23.74218146525526,10.60705177895283,1.985030644624604,5.7697845085753214e-5,0.011995139363636362,0.006194551134168019,1.51086457940087,0.9867108086669816,-2.909269379238365,-1.1523798714006714,-3.5104154884288965,1.089298768737161,-0.7563352958184046,-0.02105363997354715,0.02,0.958218262077816,0.0013534272572967064,0.00686579020257386,0.033013142056511936,5.493784058015266e-4,0.019217410539978486,0.016759890458774303,0.5022689941630447,0.8534305427190939,5,9
4,0.13849046385824723,0.1399709971483963,2.0638560611117915,23.74218146525526,10.60705177895283,1.985030644624604,5.7697845085753214e-5,0.011995139363636362,0.006194551134168019,1.51086457940087,0.9867108086669816,-2.909269379238365,-1.1523798714006714,-3.5104154884288965,1.089298768737161,-0.7563352958184046,-0.02105363997354715,0.02,0.9665533686439297,8.050836995837874e-4,0.004375771730064892,0.027775142856710365,4.906330697113406e-4,0.011264207813676612,0.013862792786512802,0.5022689941630447,0.8031792249744645,5,9
5,0.13849046385824723,0.1399709971483963,2.0638560611117915,23.74218146525526,10.60705177895283,1.985030644624604,5.7697845085753214e-5,0.011995139363636362,0.006194551134168019,1.51086457940087,0.9867108086669816,-2.909269379238365,-1.1523798714006714,-3.5104154884288965,1.089298768737161,-0.7563352958184046,-0.02105363997354715,0.02,0.9863972087881572,2.870020739983313e-4,0.00134026197101062,0.011825840063056252,1.4968710377765186e-4,0.0031773398135932916,0.005959620747059652,0.5022689941630447,0.8009964706298577,5,9
6,0.13849046385824723,0.1399709971483963,2.0638560611117915,23.74218146525526,10.60705177895283,1.985030644624604,5.7697845085753214e-5,0.011995139363636362,0.006194551134168019,1.51086457940087,0.9867108086669816,-2.909269379238365,-1.1523798714006714,-3.5104154884288965,1.089298768737161,-0.7563352958184046,-0.02105363997354715,0.02,0.9927964481209688,4.717710229807931e-4,0.0013430245056504182,0.005348787473029048,3.996887737103577e-5,0.007110156293526934,0.008294254214350821,0.5022689941630447,0.8403317048628672,5,9
7,0.13849046385824723,0.1399709971483963,2.0638560611117915,23.74218146525526,10.60705177895283,1.985030644624604,5.7697845085753214e-5,0.011995139363636362,0.006194551134168019,1.51086457940087,0.9867108086669816,-2.909269379238365,-1.1523798714006714,-3.5104154884288965,1.089298768737161,-0.7563352958184046,-0.02105363997354715,0.02,0.9867273900885948,6.509044517043787e-4,0.0023467397033547243,0.010211448528276362,6.351722806973012e-5,0.009475709391559483,0.01036022165744341,0.5022689941630447,0.670439947917549,5,9
8,0.13849046385824723,0.1399709971483963,2.0638560611117915,23.74218146525526,10.60705177895283,1.985030644624604,5.7697845085753214e-5,0.011995139363636362,0.006194551134168019,1.51086457940087,0.9867108086669816,-2.909269379238365,-1.1523798714006714,-3.5104154884288965,1.089298768737161,-0.7563352958184046,-0.02105363997354715,0.02,0.9816444871449556,5.1299626074647e-4,0.003135794652889531,0.014592915601822912,1.1380633958552418e-4,0.010063782187178176,0.007593815989669307,0.5022689941630447,0.7057775663283407,5,9
9,0.13849046385824723,0.1399709971483963,2.0638560611117915,23.74218146525526,10.60705177895283,1.985030644624604,5.7697845085753214e-5,0.011995139363636362,0.006194551134168019,1.51086457940087,0.9867108086669816,-2.909269379238365,-1.1523798714006714,-3.5104154884288965,1.089298768737161,-0.7563352958184046,-0.02105363997354715,0.02,0.9863099096735876,3.7112575185284467e-4,0.0017244065427650592,0.011504328344523437,9.022968727111985e-5,0.008289367220405543,0.011462014635199712,0.5022689941630447,0.6619585419017809,5,9
10,0.13849046385824723,0.1399709971483963,2.0638560611117915,23.74218146525526,10.60705177895283,1.985030644624604,5.7697845085753214e-5,0.011995139363636362,0.006194551134168019,1.51086457940087,0.9867108086669816,-2.909269379238365,-1.1523798714006714,-3.5104154884288965,1.089298768737161,-0.7563352958184046,-0.02105363997354715,0.02,0.9924432588809826,2.0975722593221194e-4,7.395613858784868e-4,0.006570769677235651,3.665282997102166e-5,0.00471063900914176,0.004473730840213466,0.5022689941630447,0.5586029637841916,5,9
11,0.13849046385824723,0.1399709971483963,2.0638560611117915,23.74218146525526,10.60705177895283,1.985030644624604,5.7697845085753214e-5,0.011995139363636362,0.006194551134168019,1.51086457940087,0.9867108086669816,-2.909269379238365,-1.1523798714006714,-3.5104154884288965,1.089298768737161,-0.7563352958184046,-0.02105363997354715,0.02,0.9972388262992846,1.3019318923567722e-4,4.1769639275157145e-4,0.002205203118916644,8.0809998115062e-6,0.0029423275779039415,0.0026744951645871072,0.5022689941630447,0.5558423408583993,5,9
12,0.13849046385824723,0.1399709971483963,2.0638560611117915,23.74218146525526,10.60705177895283,1.985030644624604,5.7697845085753214e-5,0.011995139363636362,0.006194551134168019,1.51086457940087,0.9867108086669816,-2.909269379238365,-1.1523798714006714,-3.5104154884288965,1.089298768737161,-0.7563352958184046,-0.02105363997354715,0.02,0.9915614723373275,3.8446427660411537e-4,0.0015542542167546161,0.006475941716347062,2.386745296683654e-5,0.005304162280473322,0.005835324961868917,0.5022689941630447,0.38215329332124026,5,9
13,0.13849046385824723,0.1399709971483963,2.0638560611117915,23.74218146525526,10.60705177895283,1.985030644624604,5.7697845085753214e-5,0.011995139363636362,0.006194551134168019,1.51086457940087,0.9867108086669816,-2.909269379238365,-1.1523798714006714,-3.5104154884288965,1.089298768737161,-0.7563352958184046,-0.02105363997354715,0.02,0.9983911128212827,6.789160032030805e-5,2.786373854574683e-4,0.0012610773176111728,1.2808753284473276e-6,0.0023919771741323015,0.0014694853528705988,0.5022689941630447,0.30872016143407216,5,9
1,0.13849046385824723,0.1399709971483963,2.0638560611117915,23.74218146525526,10.60705177895283,1.985030644624604,5.7697845085753214e-5,0.01199513936363636,0.00619455113416802,1.51086457940087,0.9867108086669816,-2.909269379238365,-1.1523798714006714,-3.5104154884288965,1.089298768737161,-0.7563352958184046,-0.02105363997354715,0.02,0.30182041888512834,6.207955855627253e-4,0.0049228083585139,0.6058352229018801,0.08680075426891494,0.04985305754926784,0.7153054644371083,0.5022689941630447,1,4,9
2,0.13849046385824723,0.1399709971483963,2.0638560611117915,23.74218146525526,10.60705177895283,1.985030644624604,5.7697845085753214e-5,0.011995139363636362,0.006194551134168019,1.51086457940087,0.9867108086669816,-2.909269379238365,-1.1523798714006714,-3.5104154884288965,1.089298768737161,-0.7563352958184046,-0.02105363997354715,0.02,0.9726624715754634,9.635514230053663e-4,0.004219542337204056,0.021838660810944228,3.1577385338296937e-4,0.017217407969499263,0.01620402313129311,0.5022689941630447,0.838437781475828,4,9
3,0.13849046385824723,0.1399709971483963,2.0638560611117915,23.74218146525526,10.60705177895283,1.985030644624604,5.7697845085753214e-5,0.011995139363636362,0.006194551134168019,1.51086457940087,0.9867108086669816,-2.909269379238365,-1.1523798714006714,-3.5104154884288965,1.089298768737161,-0.7563352958184046,-0.02105363997354715,0.02,0.9585053647198482,0.001318304566527388,0.006820036968101322,0.03281527384962573,5.410198958975305e-4,0.019101448608926937,0.01773758239767691,0.5022689941630447,0.9373554531084666,4,9
4,0.13849046385824723,0.1399709971483963,2.0638560611117915,23.74218146525526,10.60705177895283,1.985030644624604,5.7697845085753214e-5,0.011995139363636362,0.006194551134168019,1.51086457940087,0.9867108086669816,-2.909269379238365,-1.1523798714006714,-3.5104154884288965,1.089298768737161,-0.7563352958184046,-0.02105363997354715,0.02,0.966403294356725,8.407527619650338e-4,0.004406472920921539,0.027860734944854474,4.887450155338732e-4,0.01282838340150204,0.019466773119781594,0.5022689941630447,0.8150871105720612,4,9
5,0.13849046385824723,0.1399709971483963,2.0638560611117915,23.74218146525526,10.60705177895283,1.985030644624604,5.7697845085753214e-5,0.011995139363636362,0.006194551134168019,1.51086457940087,0.9867108086669816,-2.909269379238365,-1.1523798714006714,-3.5104154884288965,1.089298768737161,-0.7563352958184046,-0.02105363997354715,0.02,0.9864323431972599,2.6867915649161147e-4,0.0013641101694195302,0.011788186293160922,1.4668118366799513e-4,0.002924376270919819,0.0033219556491336866,0.5022689941630447,0.8007404214606586,4,9
6,0.13849046385824723,0.1399709971483963,2.0638560611117915,23.74218146525526,10.60705177895283,1.985030644624604,5.7697845085753214e-5,0.011995139363636362,0.006194551134168019,1.51086457940087,0.9867108086669816,-2.909269379238365,-1.1523798714006714,-3.5104154884288965,1.089298768737161,-0.7563352958184046,-0.02105363997354715,0.02,0.9927357737247395,4.7479780255189945e-4,0.0013467513679334144,0.0054010934529788515,4.1583651796244187e-5,0.006988335374536181,0.0068954700975333546,0.5022689941630447,0.8495902272856045,4,9
7,0.13849046385824723,0.1399709971483963,2.0638560611117915,23.74218146525526,10.60705177895283,1.985030644624604,5.7697845085753214e-5,0.011995139363636362,0.006194551134168019,1.51086457940087,0.9867108086669816,-2.909269379238365,-1.1523798714006714,-3.5104154884288965,1.089298768737161,-0.7563352958184046,-0.02105363997354715,0.02,0.9866749228531179,6.498477386886796e-4,0.002356847247528794,0.010255070304804307,6.331185586039151e-5,0.010002587496517872,0.010348392650786211,0.5022689941630447,0.7241531697497022,4,9
8,0.13849046385824723,0.1399709971483963,2.0638560611117915,23.74218146525526,10.60705177895283,1.985030644624604,5.7697845085753214e-5,0.011995139363636362,0.006194551134168019,1.51086457940087,0.9867108086669816,-2.909269379238365,-1.1523798714006714,-3.5104154884288965,1.089298768737161,-0.7563352958184046,-0.02105363997354715,0.02,0.9806087066683326,5.258035528739606e-4,0.003185766673403558,0.015550115764372804,1.2960734101704084e-4,0.00955312359688044,0.016009335750256967,0.5022689941630447,0.6831570997236875,4,9
9,0.13849046385824723,0.1399709971483963,2.0638560611117915,23.74218146525526,10.60705177895283,1.985030644624604,5.7697845085753214e-5,0.011995139363636362,0.006194551134168019,1.51086457940087,0.9867108086669816,-2.909269379238365,-1.1523798714006714,-3.5104154884288965,1.089298768737161,-0.7563352958184046,-0.02105363997354715,0.02,0.9863880209591741,3.441673555031746e-4,0.0017037754851414887,0.011473594017544482,9.044218263691064e-5,0.005688125557812019,0.007540016746854473,0.5022689941630447,0.6520161257877414,4,9
10,0.13849046385824723,0.1399709971483963,2.0638560611117915,23.74218146525526,10.60705177895283,1.985030644624604,5.7697845085753214e-5,0.011995139363636362,0.006194551134168019,1.51086457940087,0.9867108086669816,-2.909269379238365,-1.1523798714006714,-3.5104154884288965,1.089298768737161,-0.7563352958184046,-0.02105363997354715,0.02,0.9925605716307118,2.0509491441750936e-4,7.449505395712771e-4,0.006452570222126188,3.681269317327651e-5,0.0037290389833517855,0.004244765746516622,0.5022689941630447,0.5861737803943593,4,9
11,0.13849046385824723,0.1399709971483963,2.0638560611117915,23.74218146525526,10.60705177895283,1.985030644624604,5.7697845085753214e-5,0.011995139363636362,0.006194551134168019,1.51086457940087,0.9867108086669816,-2.909269379238365,-1.1523798714006714,-3.5104154884288965,1.089298768737161,-0.7563352958184046,-0.02105363997354715,0.02,0.9970805339542258,1.3650995533342783e-4,4.264931184012206e-4,0.002348024831279092,8.438140760436462e-6,0.002686260712424676,0.003026522866472906,0.5022689941630447,0.6352837514055724,4,9
12,0.13849046385824723,0.1399709971483963,2.0638560611117915,23.74218146525526,10.60705177895283,1.985030644624604,5.7697845085753214e-5,0.011995139363636362,0.006194551134168019,1.51086457940087,0.9867108086669816,-2.909269379238365,-1.1523798714006714,-3.5104154884288965,1.089298768737161,-0.7563352958184046,-0.02105363997354715,0.02,0.9890478306641564,5.009762185661875e-4,0.0020396753504432295,0.00837302257747242,3.849518936188103e-5,0.006843508916330127,0.00665999086910399,0.5022689941630447,0.3087166966721511,4,9
13,0.13849046385824723,0.1399709971483963,2.0638560611117915,23.74218146525526,10.60705177895283,1.985030644624604,5.7697845085753214e-5,0.011995139363636362,0.006194551134168019,1.51086457940087,0.9867108086669816,-2.909269379238365,-1.1523798714006714,-3.5104154884288965,1.089298768737161,-0.7563352958184046,-0.02105363997354715,0.02,0.9984140740057764,6.545814110967385e-5,2.686720165003799e-4,0.0012505328482574083,1.2629883560892378e-6,0.0011497746959386942,0.0011554827171225324,0.5022689941630447,0.258083693417469,4,9
1,0.13849046385824723,0.1399709971483963,2.0638560611117915,23.74218146525526,10.60705177895283,1.985030644624604,5.7697845085753214e-5,0.01199513936363636,0.00619455113416802,1.51086457940087,0.9867108086669816,-2.909269379238365,-1.1523798714006714,-3.5104154884288965,1.089298768737161,-0.7563352958184046,-0.02105363997354715,0.02,0.30182041888512834,6.207955855627253e-4,0.0049228083585139,0.6058352229018801,0.08680075426891494,0.04985305754926784,0.7153054644371083,0.5022689941630447,1,3,9
2,0.13849046385824723,0.1399709971483963,2.0638560611117915,23.74218146525526,10.60705177895283,1.985030644624604,5.7697845085753214e-5,0.011995139363636362,0.006194551134168019,1.51086457940087,0.9867108086669816,-2.909269379238365,-1.1523798714006714,-3.5104154884288965,1.089298768737161,-0.7563352958184046,-0.02105363997354715,0.02,0.9815524893599353,5.064247696201034e-4,0.002293922113435601,0.015468141966260607,1.7902179074833402e-4,0.009915409482941524,0.011259404109482613,0.5022689941630447,0.9370984903964982,3,9
3,0.13849046385824723,0.1399709971483963,2.0638560611117915,23.74218146525526,10.60705177895283,1.985030644624604,5.7697845085753214e-5,0.011995139363636362,0.006194551134168019,1.51086457940087,0.9867108086669816,-2.909269379238365,-1.1523798714006714,-3.5104154884288965,1.089298768737161,-0.7563352958184046,-0.02105363997354715,0.02,0.9584148480879828,0.0014218139043014543,0.006879201756348252,0.03274009173781814,5.440445135493987e-4,0.01824524346585366,0.020257251855769393,0.5022689941630447,0.9404444903463234,3,9
4,0.13849046385824723,0.1399709971483963,2.0638560611117915,23.74218146525526,10.60705177895283,1.985030644624604,5.7697845085753214e-5,0.011995139363636362,0.006194551134168019,1.51086457940087,0.9867108086669816,-2.909269379238365,-1.1523798714006714,-3.5104154884288965,1.089298768737161,-0.7563352958184046,-0.02105363997354715,0.02,0.9661609704276167,8.445119996659744e-4,0.0044180587805884,0.028066723901196078,5.097348909328668e-4,0.018755891580723022,0.017045488682735015,0.5022689941630447,0.8043388467462023,3,9
5,0.13849046385824723,0.1399709971483963,2.0638560611117915,23.74218146525526,10.60705177895283,1.985030644624604,5.7697845085753214e-5,0.011995139363636362,0.006194551134168019,1.51086457940087,0.9867108086669816,-2.909269379238365,-1.1523798714006714,-3.5104154884288965,1.089298768737161,-0.7563352958184046,-0.02105363997354715,0.02,0.986458808371439,2.8099352531161566e-4,0.0013974268066098588,0.011713184933383915,1.4958636325568739e-4,0.009587089881222997,0.011847202152609575,0.5022689941630447,0.7573254041611316,3,9
6,0.13849046385824723,0.1399709971483963,2.0638560611117915,23.74218146525526,10.60705177895283,1.985030644624604,5.7697845085753214e-5,0.011995139363636362,0.006194551134168019,1.51086457940087,0.9867108086669816,-2.909269379238365,-1.1523798714006714,-3.5104154884288965,1.089298768737161,-0.7563352958184046,-0.02105363997354715,0.02,0.9928389103524683,4.6890511022825825e-4,0.0013484028296422356,0.0053086946534186,3.5087054242673204e-5,0.006124846584122768,0.007804569409947105,0.5022689941630447,0.7680506626695005,3,9
7,0.13849046385824723,0.1399709971483963,2.0638560611117915,23.74218146525526,10.60705177895283,1.985030644624604,5.7697845085753214e-5,0.011995139363636362,0.006194551134168019,1.51086457940087,0.9867108086669816,-2.909269379238365,-1.1523798714006714,-3.5104154884288965,1.089298768737161,-0.7563352958184046,-0.02105363997354715,0.02,0.9868282768225273,6.236426514249229e-4,0.002337006343832783,0.010151152429685291,5.992175252972595e-5,0.010751547546856094,0.010313108204746742,0.5022689941630447,0.6736196033691576,3,9
8,0.13849046385824723,0.1399709971483963,2.0638560611117915,23.74218146525526,10.60705177895283,1.985030644624604,5.7697845085753214e-5,0.011995139363636362,0.006194551134168019,1.51086457940087,0.9867108086669816,-2.909269379238365,-1.1523798714006714,-3.5104154884288965,1.089298768737161,-0.7563352958184046,-0.02105363997354715,0.02,0.9816892221340705,5.370705619965495e-4,0.0031790577634039476,0.014480428049060365,1.1422149146859429e-4,0.009731127712772144,0.006075917488323335,0.5022689941630447,0.7415901838171388,3,9
9,0.13849046385824723,0.1399709971483963,2.0638560611117915,23.74218146525526,10.60705177895283,1.985030644624604,5.7697845085753214e-5,0.011995139363636362,0.006194551134168019,1.51086457940087,0.9867108086669816,-2.909269379238365,-1.1523798714006714,-3.5104154884288965,1.089298768737161,-0.7563352958184046,-0.02105363997354715,0.02,0.9863017525663786,3.5909866823781266e-4,0.0017227199355763717,0.011524003507789309,9.242532201790047e-5,0.009015407571272588,0.008345219290824284,0.5022689941630447,0.648481765393814,3,9
10,0.13849046385824723,0.1399709971483963,2.0638560611117915,23.74218146525526,10.60705177895283,1.985030644624604,5.7697845085753214e-5,0.011995139363636362,0.006194551134168019,1.51086457940087,0.9867108086669816,-2.909269379238365,-1.1523798714006714,-3.5104154884288965,1.089298768737161,-0.7563352958184046,-0.02105363997354715,0.02,0.9926826773840245,2.080071475580066e-4,7.352475395297676e-4,0.006337618273594017,3.644965529372478e-5,0.00426830226988987,0.004320425260617509,0.5022689941630447,0.5396178020075217,3,9
11,0.13849046385824723,0.1399709971483963,2.0638560611117915,23.74218146525526,10.60705177895283,1.985030644624604,5.7697845085753214e-5,0.011995139363636362,0.006194551134168019,1.51086457940087,0.9867108086669816,-2.909269379238365,-1.1523798714006714,-3.5104154884288965,1.089298768737161,-0.7563352958184046,-0.02105363997354715,0.02,0.99722988468183,1.3090773750761933e-4,4.2004101657945364e-4,0.002212143612084563,7.022951998446936e-6,0.0025139700355838925,0.0026301120186412725,0.5022689941630447,0.6777495624627281,3,9
12,0.13849046385824723,0.1399709971483963,2.0638560611117915,23.74218146525526,10.60705177895283,1.985030644624604,5.7697845085753214e-5,0.011995139363636362,0.006194551134168019,1.51086457940087,0.9867108086669816,-2.909269379238365,-1.1523798714006714,-3.5104154884288965,1.089298768737161,-0.7563352958184046,-0.02105363997354715,0.02,0.9879930387539397,5.49054238989428e-4,0.0022480679503863784,0.00916435672471469,4.548233196978752e-5,0.008069564276962763,0.008326401813534725,0.5022689941630447,0.2358066769650056,3,9
13,0.13849046385824723,0.1399709971483963,2.0638560611117915,23.74218146525526,10.60705177895283,1.985030644624604,5.7697845085753214e-5,0.011995139363636362,0.006194551134168019,1.51086457940087,0.9867108086669816,-2.909269379238365,-1.1523798714006714,-3.5104154884288965,1.089298768737161,-0.7563352958184046,-0.02105363997354715,0.02,0.9985023949073593,5.4500142052220515e-5,2.5646282046414584e-4,0.0011854907454303737,1.1513846939804652e-6,9.176258888171584e-4,0.0010492224050588582,0.5022689941630447,0.21481736147935135,3,9
1,0.13849046385824723,0.1399709971483963,2.0638560611117915,23.74218146525526,10.60705177895283,1.985030644624604,5.7697845085753214e-5,0.01199513936363636,0.00619455113416802,1.51086457940087,0.9867108086669816,-2.909269379238365,-1.1523798714006714,-3.5104154884288965,1.089298768737161,-0.7563352958184046,-0.02105363997354715,0.02,0.30182041888512834,6.207955855627253e-4,0.0049228083585139,0.6058352229018801,0.08680075426891494,0.04985305754926784,0.7153054644371083,0.5022689941630447,1,2,9
2,0.13849046385824723,0.1399709971483963,2.0638560611117915,23.74218146525526,10.60705177895283,1.985030644624604,5.7697845085753214e-5,0.011995139363636362,0.006194551134168019,1.51086457940087,0.9867108086669816,-2.909269379238365,-1.1523798714006714,-3.5104154884288965,1.089298768737161,-0.7563352958184046,-0.02105363997354715,0.02,0.9863341651777795,7.379195810522401e-4,0.0026657728619675094,0.010167648978618887,9.449340058179266e-5,0.014326356250948974,0.014621125754060573,0.5022689941630447,0.914177861024082,2,9
3,0.13849046385824723,0.1399709971483963,2.0638560611117915,23.74218146525526,10.60705177895283,1.985030644624604,5.7697845085753214e-5,0.011995139363636362,0.006194551134168019,1.51086457940087,0.9867108086669816,-2.909269379238365,-1.1523798714006714,-3.5104154884288965,1.089298768737161,-0.7563352958184046,-0.02105363997354715,0.02,0.9582000811577908,0.0013736594434848636,0.006887014597317564,0.03298812875506734,5.511160463394871e-4,0.018143685223882794,0.017479005171187206,0.5022689941630447,0.8599862097860224,2,9
4,0.13849046385824723,0.1399709971483963,2.0638560611117915,23.74218146525526,10.60705177895283,1.985030644624604,5.7697845085753214e-5,0.011995139363636362,0.006194551134168019,1.51086457940087,0.9867108086669816,-2.909269379238365,-1.1523798714006714,-3.5104154884288965,1.089298768737161,-0.7563352958184046,-0.02105363997354715,0.02,0.9668302110478278,8.144646360130631e-4,0.004368431979095729,0.02749048419313263,4.96408143930768e-4,0.014822209192558522,0.013918592363351794,0.5022689941630447,0.9067882870278481,2,9
5,0.13849046385824723,0.1399709971483963,2.0638560611117915,23.74218146525526,10.60705177895283,1.985030644624604,5.7697845085753214e-5,0.011995139363636362,0.006194551134168019,1.51086457940087,0.9867108086669816,-2.909269379238365,-1.1523798714006714,-3.5104154884288965,1.089298768737161,-0.7563352958184046,-0.02105363997354715,0.02,0.9864813643183817,2.8367739832135125e-4,0.0014156343773220363,0.01167735665829583,1.4196724767904742e-4,0.0034112254277422023,0.004603502778847909,0.5022689941630447,0.5927406462223282,2,9
6,0.13849046385824723,0.1399709971483963,2.0638560611117915,23.74218146525526,10.60705177895283,1.985030644624604,5.7697845085753214e-5,0.011995139363636362,0.006194551134168019,1.51086457940087,0.9867108086669816,-2.909269379238365,-1.1523798714006714,-3.5104154884288965,1.089298768737161,-0.7563352958184046,-0.02105363997354715,0.02,0.9932936553886704,4.2354123151816655e-4,0.0012949580600244088,0.00496149680006833,2.634851971862724e-5,0.005534480683299856,0.004676888630993724,0.5022689941630447,0.7837455758867528,2,9
7,0.13849046385824723,0.1399709971483963,2.0638560611117915,23.74218146525526,10.60705177895283,1.985030644624604,5.7697845085753214e-5,0.011995139363636362,0.006194551134168019,1.51086457940087,0.9867108086669816,-2.909269379238365,-1.1523798714006714,-3.5104154884288965,1.089298768737161,-0.7563352958184046,-0.02105363997354715,0.02,0.9868295561682636,6.26992385460776e-4,0.0023307500286623207,0.0101538052258404,5.889619177278109e-5,0.008223831522854698,0.010352188946897286,0.5022689941630447,0.7585526830935545,2,9
8,0.13849046385824723,0.1399709971483963,2.0638560611117915,23.74218146525526,10.60705177895283,1.985030644624604,5.7697845085753214e-5,0.011995139363636362,0.006194551134168019,1.51086457940087,0.9867108086669816,-2.909269379238365,-1.1523798714006714,-3.5104154884288965,1.089298768737161,-0.7563352958184046,-0.02105363997354715,0.02,0.9810123226529625,5.599847494639925e-4,0.003152081840735995,0.01514677019263129,1.2884056420627146e-4,0.008838314744512498,0.009193482276993606,0.5022689941630447,0.6948682758513477,2,9
9,0.13849046385824723,0.1399709971483963,2.0638560611117915,23.74218146525526,10.60705177895283,1.985030644624604,5.7697845085753214e-5,0.011995139363636362,0.006194551134168019,1.51086457940087,0.9867108086669816,-2.909269379238365,-1.1523798714006714,-3.5104154884288965,1.089298768737161,-0.7563352958184046,-0.02105363997354715,0.02,0.9860408797940134,3.341130411735504e-4,0.001746442845921192,0.011779392085409951,9.917223348184423e-5,0.00906991128057176,0.007231535727991737,0.5022689941630447,0.6031951665719374,2,9
10,0.13849046385824723,0.1399709971483963,2.0638560611117915,23.74218146525526,10.60705177895283,1.985030644624604,5.7697845085753214e-5,0.011995139363636362,0.006194551134168019,1.51086457940087,0.9867108086669816,-2.909269379238365,-1.1523798714006714,-3.5104154884288965,1.089298768737161,-0.7563352958184046,-0.02105363997354715,0.02,0.9927442226116616,2.0292476495384514e-4,7.259016006820929e-4,0.006293722325570011,3.322869713246087e-5,0.0033194261010046086,0.004523767029860145,0.5022689941630447,0.4667548457340174,2,9
11,0.13849046385824723,0.1399709971483963,2.0638560611117915,23.74218146525526,10.60705177895283,1.985030644624604,5.7697845085753214e-5,0.011995139363636362,0.006194551134168019,1.51086457940087,0.9867108086669816,-2.909269379238365,-1.1523798714006714,-3.5104154884288965,1.089298768737161,-0.7563352958184046,-0.02105363997354715,0.02,0.9972603206633306,1.2231251112515643e-4,4.065953679575416e-4,0.0022045611320903324,6.210325496388078e-6,0.002116313298624815,0.0025787728435987495,0.5022689941630447,0.36984615219562905,2,9
12,0.13849046385824723,0.1399709971483963,2.0638560611117915,23.74218146525526,10.60705177895283,1.985030644624604,5.7697845085753214e-5,0.011995139363636362,0.006194551134168019,1.51086457940087,0.9867108086669816,-2.909269379238365,-1.1523798714006714,-3.5104154884288965,1.089298768737161,-0.7563352958184046,-0.02105363997354715,0.02,0.9959552124361175,1.7282322080055463e-4,7.138760986963204e-4,0.003152108906112082,5.97933827356703e-6,0.0024138645593327237,0.002535380185081966,0.5022689941630447,0.18163632249471098,2,9
13,0.13849046385824723,0.1399709971483963,2.0638560611117915,23.74218146525526,10.60705177895283,1.985030644624604,5.7697845085753214e-5,0.011995139363636362,0.006194551134168019,1.51086457940087,0.9867108086669816,-2.909269379238365,-1.1523798714006714,-3.5104154884288965,1.089298768737161,-0.7563352958184046,-0.02105363997354715,0.02,0.9986009298362862,4.773274370619678e-5,2.383487806100122e-4,0.0011120553154599382,9.333239376037073e-7,7.560441403356886e-4,6.437403320703013e-4,0.5022689941630447,0.22250907058961658,2,9
1,0.13849046385824723,0.1399709971483963,2.0638560611117915,23.74218146525526,10.60705177895283,1.985030644624604,5.7697845085753214e-5,0.01199513936363636,0.00619455113416802,1.51086457940087,0.9867108086669816,-2.909269379238365,-1.1523798714006714,-3.5104154884288965,1.089298768737161,-0.7563352958184046,-0.02105363997354715,0.02,0.30182041888512834,6.207955855627253e-4,0.0049228083585139,0.6058352229018801,0.08680075426891494,0.04985305754926784,0.7153054644371083,0.5022689941630447,1,14,10
2,0.13849046385824723,0.1399709971483963,2.0638560611117915,23.74218146525526,10.60705177895283,1.985030644624604,5.7697845085753214e-5,0.011995139363636362,0.006194551134168019,1.51086457940087,0.9867108086669816,-2.909269379238365,-1.1523798714006714,-3.5104154884288965,1.089298768737161,-0.7563352958184046,-0.02105363997354715,0.02,0.833793840085561,0.0031165502190599764,0.013522745535265933,0.12849121029837146,0.021075653861741508,0.049400774652838944,0.05228405996093198,0.5022689941630447,0.9998333050216549,14,10
3,0.13849046385824723,0.1399709971483963,2.0638560611117915,23.74218146525526,10.60705177895283,1.985030644624604,5.7697845085753214e-5,0.011995139363636362,0.006194551134168019,1.51086457940087,0.9867108086669816,-2.909269379238365,-1.1523798714006714,-3.5104154884288965,1.089298768737161,-0.7563352958184046,-0.02105363997354715,0.02,0.9578441723076786,0.0014056139705832045,0.006953063434982307,0.03323574133270872,5.614089540472516e-4,0.026831542434523244,0.021654785060548135,0.5022689941630447,0.9621957182380534,14,10
4,0.13849046385824723,0.1399709971483963,2.0638560611117915,23.74218146525526,10.60705177895283,1.985030644624604,5.7697845085753214e-5,0.011995139363636362,0.006194551134168019,1.51086457940087,0.9867108086669816,-2.909269379238365,-1.1523798714006714,-3.5104154884288965,1.089298768737161,-0.7563352958184046,-0.02105363997354715,0.02,0.9662218112233736,8.742458137085607e-4,0.004441152134200178,0.02796803698741631,4.947538413013632e-4,0.016648221688280493,0.017382486729458378,0.5022689941630447,0.8632823598879118,14,10
5,0.13849046385824723,0.1399709971483963,2.0638560611117915,23.74218146525526,10.60705177895283,1.985030644624604,5.7697845085753214e-5,0.011995139363636362,0.006194551134168019,1.51086457940087,0.9867108086669816,-2.909269379238365,-1.1523798714006714,-3.5104154884288965,1.089298768737161,-0.7563352958184046,-0.02105363997354715,0.02,0.9863629660274136,2.7357511293121334e-4,0.0014118149522528364,0.011804712579814022,1.469313275883399e-4,0.0049927782251133245,0.005839492117614612,0.5022689941630447,0.7968262100340792,14,10
6,0.13849046385824723,0.1399709971483963,2.0638560611117915,23.74218146525526,10.60705177895283,1.985030644624604,5.7697845085753214e-5,0.011995139363636362,0.006194551134168019,1.51086457940087,0.9867108086669816,-2.909269379238365,-1.1523798714006714,-3.5104154884288965,1.089298768737161,-0.7563352958184046,-0.02105363997354715,0.02,0.9928314578302391,4.882510593776342e-4,0.0013475211295101092,0.005293736209747174,3.9033771126007955e-5,0.007738386225019344,0.006497970633020852,0.5022689941630447,0.8983345140217203,14,10
7,0.13849046385824723,0.1399709971483963,2.0638560611117915,23.74218146525526,10.60705177895283,1.985030644624604,5.7697845085753214e-5,0.011995139363636362,0.006194551134168019,1.51086457940087,0.9867108086669816,-2.909269379238365,-1.1523798714006714,-3.5104154884288965,1.089298768737161,-0.7563352958184046,-0.02105363997354715,0.02,0.9866768980509191,6.740156957925165e-4,0.002352672011549209,0.0102317869812585,6.462726048071895e-5,0.010565569533778971,0.01093590833459707,0.5022689941630447,0.884230830560762,14,10
8,0.13849046385824723,0.1399709971483963,2.0638560611117915,23.74218146525526,10.60705177895283,1.985030644624604,5.7697845085753214e-5,0.011995139363636362,0.006194551134168019,1.51086457940087,0.9867108086669816,-2.909269379238365,-1.1523798714006714,-3.5104154884288965,1.089298768737161,-0.7563352958184046,-0.02105363997354715,0.02,0.9810607597287303,6.121192888412114e-4,0.0032160140909610916,0.014987196391909876,1.2391049955749433e-4,0.010701647067286487,0.013792848751185865,0.5022689941630447,0.7913193094753183,14,10
9,0.13849046385824723,0.1399709971483963,2.0638560611117915,23.74218146525526,10.60705177895283,1.985030644624604,5.7697845085753214e-5,0.011995139363636362,0.006194551134168019,1.51086457940087,0.9867108086669816,-2.909269379238365,-1.1523798714006714,-3.5104154884288965,1.089298768737161,-0.7563352958184046,-0.02105363997354715,0.02,0.98605063341864585,3.69255128873476e-4,0.0017599624479126632,0.011726673770627093,9.347523394093376e-5,0.010674169155172296,0.010315386861626015,0.5022689941630447,0.7985292592180174,14,10
10,0.13849046385824723,0.1399709971483963,2.0638560611117915,23.74218146525526,10.60705177895283,1.985030644624604,5.7697845085753214e-5,0.011995139363636362,0.006194551134168019,1.51086457940087,0.9867108086669816,-2.909269379238365,-1.1523798714006714,-3.5104154884288965,1.089298768737161,-0.7563352958184046,-0.02105363997354715,0.02,0.9925867149813021,2.2406266137131185e-4,7.416220863408164e-4,0.006409867619473369,3.773265151235728e-5,0.005069836234337186,0.007085050812427307,0.5022689941630447,0.6343137403602171,14,10
11,0.13849046385824723,0.1399709971483963,2.0638560611117915,23.74218146525526,10.60705177895283,1.985030644624604,5.7697845085753214e-5,0.011995139363636362,0.006194551134168019,1.51086457940087,0.9867108086669816,-2.909269379238365,-1.1523798714006714,-3.5104154884288965,1.089298768737161,-0.7563352958184046,-0.02105363997354715,0.02,0.9969898756114497,1.3888570797375294e-4,4.264675127562072e-4,0.002435512622525399,9.25854529498925e-6,0.003718548941402257,0.003345390723479843,0.5022689941630447,0.7556162404724194,14,10
12,0.13849046385824723,0.1399709971483963,2.0638560611117915,23.74218146525526,10.60705177895283,1.985030644624604,5.7697845085753214e-5,0.011995139363636362,0.006194551134168019,1.51086457940087,0.9867108086669816,-2.909269379238365,-1.1523798714006714,-3.5104154884288965,1.089298768737161,-0.7563352958184046,-0.02105363997354715,0.02,0.9854704863572001,6.925573764914002e-4,0.0027389607548444594,0.011031283878090933,6.671163337308981e-5,0.009525722289811554,0.009873020889823217,0.5022689941630447,0.7884914668340175,14,10
13,0.13849046385824723,0.1399709971483963,2.0638560611117915,23.74218146525526,10.60705177895283,1.985030644624604,5.7697845085753214e-5,0.011995139363636362,0.006194551134168019,1.51086457940087,0.9867108086669816,-2.909269379238365,-1.1523798714006714,-3.5104154884288965,1.089298768737161,-0.7563352958184046,-0.02105363997354715,0.02,0.9976494841555591,8.287524311253083e-5,2.8454942761122105e-4,0.001978229008535694,4.862165181312451e-6,0.0037660514513933718,0.004788173305357283,0.5022689941630447,0.6058708075708081,14,10
1,0.13849046385824723,0.1399709971483963,2.0638560611117915,23.74218146525526,10.60705177895283,1.985030644624604,5.7697845085753214e-5,0.01199513936363636,0.00619455113416802,1.51086457940087,0.9867108086669816,-2.909269379238365,-1.1523798714006714,-3.5104154884288965,1.089298768737161,-0.7563352958184046,-0.02105363997354715,0.02,0.30182041888512834,6.207955855627253e-4,0.0049228083585139,0.6058352229018801,0.08680075426891494,0.04985305754926784,0.7153054644371083,0.5022689941630447,1,13,10
2,0.13849046385824723,0.1399709971483963,2.0638560611117915,23.74218146525526,10.60705177895283,1.985030644624604,5.7697845085753214e-5,0.011995139363636362,0.006194551134168019,1.51086457940087,0.9867108086669816,-2.909269379238365,-1.1523798714006714,-3.5104154884288965,1.089298768737161,-0.7563352958184046,-0.02105363997354715,0.02,0.9368932521782164,0.0016155606655573326,0.006303629952949284,0.05081539734058421,0.004372159862692694,0.023440473931052135,0.028857048519437982,0.5022689941630447,0.997668033872621,13,10
3,0.13849046385824723,0.1399709971483963,2.0638560611117915,23.74218146525526,10.60705177895283,1.985030644624604,5.7697845085753214e-5,0.011995139363636362,0.006194551134168019,1.51086457940087,0.9867108086669816,-2.909269379238365,-1.1523798714006714,-3.5104154884288965,1.089298768737161,-0.7563352958184046,-0.02105363997354715,0.02,0.9579800107676522,0.0014241242349664147,0.006949234008753816,0.033093166244548285,5.534647440794033e-4,0.020855666758076114,0.02628824493867716,0.5022689941630447,0.9946399884710448,13,10
4,0.13849046385824723,0.1399709971483963,2.0638560611117915,23.74218146525526,10.60705177895283,1.985030644624604,5.7697845085753214e-5,0.011995139363636362,0.006194551134168019,1.51086457940087,0.9867108086669816,-2.909269379238365,-1.1523798714006714,-3.5104154884288965,1.089298768737161,-0.7563352958184046,-0.02105363997354715,0.02,0.9659163799410547,8.24760517069753e-4,0.004403714839502195,0.02834560087006572,5.095438323076193e-4,0.0198633242843599,0.016977833805544552,0.5022689941630447,0.9362499972197463,13,10
5,0.13849046385824723,0.1399709971483963,2.0638560611117915,23.74218146525526,10.60705177895283,1.985030644624604,5.7697845085753214e-5,0.011995139363636362,0.006194551134168019,1.51086457940087,0.9867108086669816,-2.909269379238365,-1.1523798714006714,-3.5104154884288965,1.089298768737161,-0.7563352958184046,-0.02105363997354715,0.02,0.986088886568864,2.315396523893836e-4,0.0013146863036618797,0.012203496416898272,1.613910581865712e-4,0.005193288478949414,0.002861850395387643,0.5022689941630447,0.8794764067358084,13,10
6,0.13849046385824723,0.1399709971483963,2.0638560611117915,23.74218146525526,10.60705177895283,1.985030644624604,5.7697845085753214e-5,0.011995139363636362,0.006194551134168019,1.51086457940087,0.9867108086669816,-2.909269379238365,-1.1523798714006714,-3.5104154884288965,1.089298768737161,-0.7563352958184046,-0.02105363997354715,0.02,0.992736262968421,5.10193308186738e-4,0.0013700432699610373,0.005344085352969263,3.941510046200026e-5,0.00717638897541813,0.008585734748500332,0.5022689941630447,0.8305837201532277,13,10
7,0.13849046385824723,0.1399709971483963,2.0638560611117915,23.74218146525526,10.60705177895283,1.985030644624604,5.7697845085753214e-5,0.011995139363636362,0.006194551134168019,1.51086457940087,0.9867108086669816,-2.909269379238365,-1.1523798714006714,-3.5104154884288965,1.089298768737161,-0.7563352958184046,-0.02105363997354715,0.02,0.9866405682597837,6.551019289211521e-4,0.0023568108311344473,0.010283113506049234,6.440547411134345e-5,0.009365262878236294,0.011646779087896325,0.5022689941630447,0.8160220795502771,13,10
8,0.13849046385824723,0.1399709971483963,2.0638560611117915,23.74218146525526,10.60705177895283,1.985030644624604,5.7697845085753214e-5,0.011995139363636362,0.006194551134168019,1.51086457940087,0.9867108086669816,-2.909269379238365,-1.1523798714006714,-3.5104154884288965,1.089298768737161,-0.7563352958184046,-0.02105363997354715,0.02,0.9808031803057198,6.083194097999767e-4,0.0032741594571576898,0.015188093494786014,1.2624733253654652e-4,0.012628150941314413,0.012813535164997203,0.5022689941630447,0.8159128246990435,13,10
9,0.13849046385824723,0.1399709971483963,2.0638560611117915,23.74218146525526,10.60705177895283,1.985030644624604,5.7697845085753214e-5,0.011995139363636362,0.006194551134168019,1.51086457940087,0.9867108086669816,-2.909269379238365,-1.1523798714006714,-3.5104154884288965,1.089298768737161,-0.7563352958184046,-0.02105363997354715,0.02,0.9861325661917962,3.870832491441211e-4,0.0017335178103633291,0.011653366203611307,9.346654508494588e-5,0.005960601869346309,0.006658937303812207,0.5022689941630447,0.7125599147702235,13,10
10,0.13849046385824723,0.1399709971483963,2.0638560611117915,23.74218146525526,10.60705177895283,1.985030644624604,5.7697845085753214e-5,0.011995139363636362,0.006194551134168019,1.51086457940087,0.9867108086669816,-2.909269379238365,-1.1523798714006714,-3.5104154884288965,1.089298768737161,-0.7563352958184046,-0.02105363997354715,0.02,0.9926117059483469,2.1699119427416884e-4,7.331555643175884e-4,0.006401668009297699,3.6479283763390926e-5,0.00612386298857496,0.004298508912364296,0.5022689941630447,0.6732898415566014,13,10
11,0.13849046385824723,0.1399709971483963,2.0638560611117915,23.74218146525526,10.60705177895283,1.985030644624604,5.7697845085753214e-5,0.011995139363636362,0.006194551134168019,1.51086457940087,0.9867108086669816,-2.909269379238365,-1.1523798714006714,-3.5104154884288965,1.089298768737161,-0.7563352958184046,-0.02105363997354715,0.02,0.9970617955929837,1.4967225450146022e-4,4.2932212294652015e-4,0.0023503705262452332,8.839503323131035e-6,0.002626415452679111,0.004144391719182233,0.5022689941630447,0.6837894921635663,13,10
12,0.13849046385824723,0.1399709971483963,2.0638560611117915,23.74218146525526,10.60705177895283,1.985030644624604,5.7697845085753214e-5,0.011995139363636362,0.006194551134168019,1.51086457940087,0.9867108086669816,-2.909269379238365,-1.1523798714006714,-3.5104154884288965,1.089298768737161,-0.7563352958184046,-0.02105363997354715,0.02,0.9875943256028342,5.679014319543221e-4,0.002304055372016153,0.009484413364726572,4.930422846877936e-5,0.007308892048239043,0.008798629959753007,0.5022689941630447,0.6306897685267303,13,10
13,0.13849046385824723,0.1399709971483963,2.0638560611117915,23.74218146525526,10.60705177895283,1.985030644624604,5.7697845085753214e-5,0.011995139363636362,0.006194551134168019,1.51086457940087,0.9867108086669816,-2.909269379238365,-1.1523798714006714,-3.5104154884288965,1.089298768737161,-0.7563352958184046,-0.02105363997354715,0.02,0.9977015644032743,1.0199632735311947e-4,3.087735582375647e-4,0.0018835804314981384,4.085279636947515e-6,0.0020790973981962544,0.00181289543217784,0.5022689941630447,0.5475014007462857,13,10
1,0.13849046385824723,0.1399709971483963,2.0638560611117915,23.74218146525526,10.60705177895283,1.985030644624604,5.7697845085753214e-5,0.01199513936363636,0.00619455113416802,1.51086457940087,0.9867108086669816,-2.909269379238365,-1.1523798714006714,-3.5104154884288965,1.089298768737161,-0.7563352958184046,-0.02105363997354715,0.02,0.30182041888512834,6.207955855627253e-4,0.0049228083585139,0.6058352229018801,0.08680075426891494,0.04985305754926784,0.7153054644371083,0.5022689941630447,1,12,10
2,0.13849046385824723,0.1399709971483963,2.0638560611117915,23.74218146525526,10.60705177895283,1.985030644624604,5.7697845085753214e-5,0.011995139363636362,0.006194551134168019,1.51086457940087,0.9867108086669816,-2.909269379238365,-1.1523798714006714,-3.5104154884288965,1.089298768737161,-0.7563352958184046,-0.02105363997354715,0.02,0.9694519132000362,0.001395889190820283,0.005048922714693656,0.02316318742979007,9.400874646598154e-4,0.018612335208323616,0.021182322476476896,0.5022689941630447,0.9894282796547386,12,10
3,0.13849046385824723,0.1399709971483963,2.0638560611117915,23.74218146525526,10.60705177895283,1.985030644624604,5.7697845085753214e-5,0.011995139363636362,0.006194551134168019,1.51086457940087,0.9867108086669816,-2.909269379238365,-1.1523798714006714,-3.5104154884288965,1.089298768737161,-0.7563352958184046,-0.02105363997354715,0.02,0.9580264981988377,0.0014278044805350726,0.006963784061745863,0.03302579762911823,5.561156297630676e-4,0.02062559102970994,0.022647691731018223,0.5022689941630447,0.9690994623514919,12,10
4,0.13849046385824723,0.1399709971483963,2.0638560611117915,23.74218146525526,10.60705177895283,1.985030644624604,5.7697845085753214e-5,0.011995139363636362,0.006194551134168019,1.51086457940087,0.9867108086669816,-2.909269379238365,-1.1523798714006714,-3.5104154884288965,1.089298768737161,-0.7563352958184046,-0.02105363997354715,0.02,0.9661733243019841,8.468946590135803e-4,0.004444860352091322,0.02803983077569598,4.950899112150745e-4,0.014815974013011997,0.014804463167404334,0.5022689941630447,0.907538095462257,12,10
5,0.13849046385824723,0.1399709971483963,2.0638560611117915,23.74218146525526,10.60705177895283,1.985030644624604,5.7697845085753214e-5,0.011995139363636362,0.006194551134168019,1.51086457940087,0.9867108086669816,-2.909269379238365,-1.1523798714006714,-3.5104154884288965,1.089298768737161,-0.7563352958184046,-0.02105363997354715,0.02,0.9863222986046556,2.981833698486091e-4,0.0014176694730393684,0.01181373133718362,1.4811721527275702e-4,0.006252820228380607,0.006491018402177254,0.5022689941630447,0.8769677487550989,12,10
6,0.13849046385824723,0.1399709971483963,2.0638560611117915,23.74218146525526,10.60705177895283,1.985030644624604,5.7697845085753214e-5,0.011995139363636362,0.006194551134168019,1.51086457940087,0.9867108086669816,-2.909269379238365,-1.1523798714006714,-3.5104154884288965,1.089298768737161,-0.7563352958184046,-0.02105363997354715,0.02,0.9927965109083221,4.947847674896507e-4,0.0013618384036559886,0.005307886726993806,3.897919353851178e-5,0.006934732513282451,0.009009763490559172,0.5022689941630447,0.8675476183236492,12,10
7,0.13849046385824723,0.1399709971483963,2.0638560611117915,23.74218146525526,10.60705177895283,1.985030644624604,5.7697845085753214e-5,0.011995139363636362,0.006194551134168019,1.51086457940087,0.9867108086669816,-2.909269379238365,-1.1523798714006714,-3.5104154884288965,1.089298768737161,-0.7563352958184046,-0.02105363997354715,0.02,0.9866900509379093,6.660854529950981e-4,0.0023594462982605333,0.010220400154993408,6.401715584171993e-5,0.009873744668633732,0.012389271348285824,0.5022689941630447,0.8486497136505342,12,10
8,0.13849046385824723,0.1399709971483963,2.0638560611117915,23.74218146525526,10.60705177895283,1.985030644624604,5.7697845085753214e-5,0.011995139363636362,0.006194551134168019,1.51086457940087,0.9867108086669816,-2.909269379238365,-1.1523798714006714,-3.5104154884288965,1.089298768737161,-0.7563352958184046,-0.02105363997354715,0.02,0.9803969893595375,5.737840531279663e-4,0.003311153354228166,0.015587458612663944,1.306146204424828e-4,0.012808458796548749,0.019211011223456663,0.5022689941630447,0.7888553405552682,12,10
9,0.13849046385824723,0.1399709971483963,2.0638560611117915,23.74218146525526,10.60705177895283,1.985030644624604,5.7697845085753214e-5,0.011995139363636362,0.006194551134168019,1.51086457940087,0.9867108086669816,-2.909269379238365,-1.1523798714006714,-3.5104154884288965,1.089298768737161,-0.7563352958184046,-0.02105363997354715,0.02,0.9861730308350376,3.7825324461085056e-4,0.001748557032828323,0.011606956794786598,9.320209273667467e-5,0.008669509491429599,0.011342388602114043,0.5022689941630447,0.7287829065691465,12,10
10,0.13849046385824723,0.1399709971483963,2.0638560611117915,23.74218146525526,10.60705177895283,1.985030644624604,5.7697845085753214e-5,0.011995139363636362,0.006194551134168019,1.51086457940087,0.9867108086669816,-2.909269379238365,-1.1523798714006714,-3.5104154884288965,1.089298768737161,-0.7563352958184046,-0.02105363997354715,0.02,0.9925802910544017,2.1712308995577666e-4,7.400305201279343e-4,0.006426150714998268,3.640462051628559e-5,0.0043883134813845065,0.005130576215084295,0.5022689941630447,0.6546655236379071,12,10
11,0.13849046385824723,0.1399709971483963,2.0638560611117915,23.74218146525526,10.60705177895283,1.985030644624604,5.7697845085753214e-5,0.011995139363636362,0.006194551134168019,1.51086457940087,0.9867108086669816,-2.909269379238365,-1.1523798714006714,-3.5104154884288965,1.089298768737161,-0.7563352958184046,-0.02105363997354715,0.02,0.9969443715129475,1.4942728655678765e-4,4.386999558550982e-4,0.0024586370606467446,8.864183993896369e-6,0.0032702805120237133,0.0026745757855064036,0.5022689941630447,0.7855073974045376,12,10
12,0.13849046385824723,0.1399709971483963,2.0638560611117915,23.74218146525526,10.60705177895283,1.985030644624604,5.7697845085753214e-5,0.011995139363636362,0.006194551134168019,1.51086457940087,0.9867108086669816,-2.909269379238365,-1.1523798714006714,-3.5104154884288965,1.089298768737161,-0.7563352958184046,-0.02105363997354715,0.02,0.9833009242433904,7.602084017502434e-4,0.0031347842272764935,0.012716414633564462,8.766849401826919e-5,0.012563195231014214,0.010802896525301834,0.5022689941630447,0.6033092938202395,12,10
13,0.13849046385824723,0.1399709971483963,2.0638560611117915,23.74218146525526,10.60705177895283,1.985030644624604,5.7697845085753214e-5,0.011995139363636362,0.006194551134168019,1.51086457940087,0.9867108086669816,-2.909269379238365,-1.1523798714006714,-3.5104154884288965,1.089298768737161,-0.7563352958184046,-0.02105363997354715,0.02,0.9980298240956018,9.688679500028114e-5,3.023797191998273e-4,0.0015684157026861663,2.493687511941944e-6,0.002813549146754022,0.0035520080922417144,0.5022689941630447,0.5849880620963847,12,10
1,0.13849046385824723,0.1399709971483963,2.0638560611117915,23.74218146525526,10.60705177895283,1.985030644624604,5.7697845085753214e-5,0.01199513936363636,0.00619455113416802,1.51086457940087,0.9867108086669816,-2.909269379238365,-1.1523798714006714,-3.5104154884288965,1.089298768737161,-0.7563352958184046,-0.02105363997354715,0.02,0.30182041888512834,6.207955855627253e-4,0.0049228083585139,0.6058352229018801,0.08680075426891494,0.04985305754926784,0.7153054644371083,0.5022689941630447,1,11,10
2,0.13849046385824723,0.1399709971483963,2.0638560611117915,23.74218146525526,10.60705177895283,1.985030644624604,5.7697845085753214e-5,0.011995139363636362,0.006194551134168019,1.51086457940087,0.9867108086669816,-2.909269379238365,-1.1523798714006714,-3.5104154884288965,1.089298768737161,-0.7563352958184046,-0.02105363997354715,0.02,0.9851276543973053,5.907006338224105e-4,0.002052517577181798,0.01200712049110618,2.2200690058430132e-4,0.010478373768725749,0.009908461545370482,0.5022689941630447,0.9210213567062191,11,10
3,0.13849046385824723,0.1399709971483963,2.0638560611117915,23.74218146525526,10.60705177895283,1.985030644624604,5.7697845085753214e-5,0.011995139363636362,0.006194551134168019,1.51086457940087,0.9867108086669816,-2.909269379238365,-1.1523798714006714,-3.5104154884288965,1.089298768737161,-0.7563352958184046,-0.02105363997354715,0.02,0.9582149220730488,0.001351335319829613,0.006879889875138597,0.032999157368751364,5.546953632317521e-4,0.02208013156423114,0.02107743072062411,0.5022689941630447,0.9682282970003411,11,10
4,0.13849046385824723,0.1399709971483963,2.0638560611117915,23.74218146525526,10.60705177895283,1.985030644624604,5.7697845085753214e-5,0.011995139363636362,0.006194551134168019,1.51086457940087,0.9867108086669816,-2.909269379238365,-1.1523798714006714,-3.5104154884288965,1.089298768737161,-0.7563352958184046,-0.02105363997354715,0.02,0.9665416957395506,8.415907493849055e-4,0.00440068687261368,0.027727653683013383,4.883729554374856e-4,0.014786480103925947,0.01948593777823584,0.5022689941630447,0.8423776151295922,11,10
5,0.13849046385824723,0.1399709971483963,2.0638560611117915,23.74218146525526,10.60705177895283,1.985030644624604,5.7697845085753214e-5,0.011995139363636362,0.006194551134168019,1.51086457940087,0.9867108086669816,-2.909269379238365,-1.1523798714006714,-3.5104154884288965,1.089298768737161,-0.7563352958184046,-0.02105363997354715,0.02,0.9864891224073472,3.1697336950684934e-4,0.0014004546988073089,0.011648830614041641,1.4461891029692237e-4,0.003044864457409403,0.0071614443544653055,0.5022689941630447,0.8073963964184492,11,10
6,0.13849046385824723,0.1399709971483963,2.0638560611117915,23.74218146525526,10.60705177895283,1.985030644624604,5.7697845085753214e-5,0.011995139363636362,0.006194551134168019,1.51086457940087,0.9867108086669816,-2.909269379238365,-1.1523798714006714,-3.5104154884288965,1.089298768737161,-0.7563352958184046,-0.02105363997354715,0.02,0.9926933292071255,4.802789632133079e-4,0.0013480958291247028,0.005436706963006484,4.1589037530061935e-5,0.0065530898263985934,0.008610185787709947,0.5022689941630447,0.7414667785410244,11,10
7,0.13849046385824723,0.1399709971483963,2.0638560611117915,23.74218146525526,10.60705177895283,1.985030644624604,5.7697845085753214e-5,0.011995139363636362,0.006194551134168019,1.51086457940087,0.9867108086669816,-2.909269379238365,-1.1523798714006714,-3.5104154884288965,1.089298768737161,-0.7563352958184046,-0.02105363997354715,0.02,0.986889002693172,6.19100807432335e-4,0.0023045855502058996,0.010125139529891792,6.217141929799757e-5,0.009118398932978741,0.009530264087101531,0.5022689941630447,0.8175613317276457,11,10
8,0.13849046385824723,0.1399709971483963,2.0638560611117915,23.74218146525526,10.60705177895283,1.985030644624604,5.7697845085753214e-5,0.011995139363636362,0.006194551134168019,1.51086457940087,0.9867108086669816,-2.909269379238365,-1.1523798714006714,-3.5104154884288965,1.089298768737161,-0.7563352958184046,-0.02105363997354715,0.02,0.9809224737784168,5.848014297558103e-4,0.0032474888558178612,0.015120861087004635,1.2437484900497267e-4,0.01481487148072135,0.01688617346674773,0.5022689941630447,0.801783877015436,11,10
9,0.13849046385824723,0.1399709971483963,2.0638560611117915,23.74218146525526,10.60705177895283,1.985030644624604,5.7697845085753214e-5,0.011995139363636362,0.006194551134168019,1.51086457940087,0.9867108086669816,-2.909269379238365,-1.1523798714006714,-3.5104154884288965,1.089298768737161,-0.7563352958184046,-0.02105363997354715,0.02,0.9860847736170818,3.8043498057494283e-4,0.0017486201935164463,0.011691884302023758,9.428690680310102e-5,0.006118113844315836,0.007184171329788352,0.5022689941630447,0.7769151583060089,11,10
10,0.13849046385824723,0.1399709971483963,2.0638560611117915,23.74218146525526,10.60705177895283,1.985030644624604,5.7697845085753214e-5,0.011995139363636362,0.006194551134168019,1.51086457940087,0.9867108086669816,-2.909269379238365,-1.1523798714006714,-3.5104154884288965,1.089298768737161,-0.7563352958184046,-0.02105363997354715,0.02,0.9923561637625918,2.2841603456571108e-4,7.460348589298262e-4,0.006630747055984211,3.86382879284402e-5,0.005047784088877709,0.00597162796768473,0.5022689941630447,0.5872203271886626,11,10
11,0.13849046385824723,0.1399709971483963,2.0638560611117915,23.74218146525526,10.60705177895283,1.985030644624604,5.7697845085753214e-5,0.011995139363636362,0.006194551134168019,1.51086457940087,0.9867108086669816,-2.909269379238365,-1.1523798714006714,-3.5104154884288965,1.089298768737161,-0.7563352958184046,-0.02105363997354715,0.02,0.9969737512580784,1.3833795214557773e-4,4.3912884347971473e-4,0.0024403537300750106,8.428216221265542e-6,0.0027070017676168023,0.002754901314588805,0.5022689941630447,0.6968275309720829,11,10
12,0.13849046385824723,0.1399709971483963,2.0638560611117915,23.74218146525526,10.60705177895283,1.985030644624604,5.7697845085753214e-5,0.011995139363636362,0.006194551134168019,1.51086457940087,0.9867108086669816,-2.909269379238365,-1.1523798714006714,-3.5104154884288965,1.089298768737161,-0.7563352958184046,-0.02105363997354715,0.02,0.9870034086054392,5.938416369489593e-4,0.0024525611099743203,0.00989756721261587,5.262143502171268e-5,0.009001021128752304,0.00858133527934849,0.5022689941630447,0.6209928311035753,11,10
13,0.13849046385824723,0.1399709971483963,2.0638560611117915,23.74218146525526,10.60705177895283,1.985030644624604,5.7697845085753214e-5,0.011995139363636362,0.006194551134168019,1.51086457940087,0.9867108086669816,-2.909269379238365,-1.1523798714006714,-3.5104154884288965,1.089298768737161,-0.7563352958184046,-0.02105363997354715,0.02,0.9979123993819722,9.392558058793066e-5,3.1769987686804856e-4,0.001673029473622444,2.945686949337259e-6,0.003946399140264568,0.004957840164618412,0.5022689941630447,0.479412133667302,11,10
1,0.13849046385824723,0.1399709971483963,2.0638560611117915,23.74218146525526,10.60705177895283,1.985030644624604,5.7697845085753214e-5,0.01199513936363636,0.00619455113416802,1.51086457940087,0.9867108086669816,-2.909269379238365,-1.1523798714006714,-3.5104154884288965,1.089298768737161,-0.7563352958184046,-0.02105363997354715,0.02,0.30182041888512834,6.207955855627253e-4,0.0049228083585139,0.6058352229018801,0.08680075426891494,0.04985305754926784,0.7153054644371083,0.5022689941630447,1,10,10
2,0.13849046385824723,0.1399709971483963,2.0638560611117915,23.74218146525526,10.60705177895283,1.985030644624604,5.7697845085753214e-5,0.011995139363636362,0.006194551134168019,1.51086457940087,0.9867108086669816,-2.909269379238365,-1.1523798714006714,-3.5104154884288965,1.089298768737161,-0.7563352958184046,-0.02105363997354715,0.02,0.9860737026575939,6.038765154022864e-4,0.002277589469532534,0.010938367909639493,1.0646344783181064e-4,0.010072694623973815,0.011689993183650204,0.5022689941630447,0.9531343321607998,10,10
3,0.13849046385824723,0.1399709971483963,2.0638560611117915,23.74218146525526,10.60705177895283,1.985030644624604,5.7697845085753214e-5,0.011995139363636362,0.006194551134168019,1.51086457940087,0.9867108086669816,-2.909269379238365,-1.1523798714006714,-3.5104154884288965,1.089298768737161,-0.7563352958184046,-0.02105363997354715,0.02,0.9579065871982131,0.0014220631540816325,0.006930654313116655,0.03318253065417166,5.581646804170153e-4,0.02170098621838212,0.01948623415721284,0.5022689941630447,0.971378504258428,10,10
4,0.13849046385824723,0.1399709971483963,2.0638560611117915,23.74218146525526,10.60705177895283,1.985030644624604,5.7697845085753214e-5,0.011995139363636362,0.006194551134168019,1.51086457940087,0.9867108086669816,-2.909269379238365,-1.1523798714006714,-3.5104154884288965,1.089298768737161,-0.7563352958184046,-0.02105363997354715,0.02,0.9658898222316916,8.62661318238445e-4,0.004424921992487162,0.02831327829123986,5.093161663429616e-4,0.019052716371092487,0.015573600271369554,0.5022689941630447,0.8976146773915146,10,10
5,0.13849046385824723,0.1399709971483963,2.0638560611117915,23.74218146525526,10.60705177895283,1.985030644624604,5.7697845085753214e-5,0.011995139363636362,0.006194551134168019,1.51086457940087,0.9867108086669816,-2.909269379238365,-1.1523798714006714,-3.5104154884288965,1.089298768737161,-0.7563352958184046,-0.02105363997354715,0.02,0.9867871268775608,2.4608104501683866e-4,0.0012841556911118745,0.011530988086880894,1.5164829942960247e-4,0.004266127147129429,0.01592233173044728,0.5022689941630447,0.8186926950248701,10,10
6,0.13849046385824723,0.1399709971483963,2.0638560611117915,23.74218146525526,10.60705177895283,1.985030644624604,5.7697845085753214e-5,0.011995139363636362,0.006194551134168019,1.51086457940087,0.9867108086669816,-2.909269379238365,-1.1523798714006714,-3.5104154884288965,1.089298768737161,-0.7563352958184046,-0.02105363997354715,0.02,0.9928315540613545,4.912594320150917e-4,0.0013618391834870304,0.005276797818379832,3.8549504763580766e-5,0.006396902657348203,0.007234066949584839,0.5022689941630447,0.8586656018126978,10,10
7,0.13849046385824723,0.1399709971483963,2.0638560611117915,23.74218146525526,10.60705177895283,1.985030644624604,5.7697845085753214e-5,0.011995139363636362,0.006194551134168019,1.51086457940087,0.9867108086669816,-2.909269379238365,-1.1523798714006714,-3.5104154884288965,1.089298768737161,-0.7563352958184046,-0.02105363997354715,0.02,0.9866573487861566,6.446895725908578e-4,0.002358945240780254,0.010275159221790588,6.385717868166236e-5,0.010668182414574416,0.00875356117395374,0.5022689941630447,0.8213420375386968,10,10
8,0.13849046385824723,0.1399709971483963,2.0638560611117915,23.74218146525526,10.60705177895283,1.985030644624604,5.7697845085753214e-5,0.011995139363636362,0.006194551134168019,1.51086457940087,0.9867108086669816,-2.909269379238365,-1.1523798714006714,-3.5104154884288965,1.089298768737161,-0.7563352958184046,-0.02105363997354715,0.02,0.9813580663957482,5.403375548053174e-4,0.0031761025944230066,0.014805322132848922,1.2017132217453515e-4,0.008484427014937176,0.011744064479730228,0.5022689941630447,0.7567153296856317,10,10
9,0.13849046385824723,0.1399709971483963,2.0638560611117915,23.74218146525526,10.60705177895283,1.985030644624604,5.7697845085753214e-5,0.011995139363636362,0.006194551134168019,1.51086457940087,0.9867108086669816,-2.909269379238365,-1.1523798714006714,-3.5104154884288965,1.089298768737161,-0.7563352958184046,-0.02105363997354715,0.02,0.9860979975356285,3.670941361964084e-4,0.0017486054785272797,0.011692635038114645,9.36678115331451e-5,0.008957354488141115,0.009561608779712379,0.5022689941630447,0.7789642556297616,10,10
10,0.13849046385824723,0.1399709971483963,2.0638560611117915,23.74218146525526,10.60705177895283,1.985030644624604,5.7697845085753214e-5,0.011995139363636362,0.006194551134168019,1.51086457940087,0.9867108086669816,-2.909269379238365,-1.1523798714006714,-3.5104154884288965,1.089298768737161,-0.7563352958184046,-0.02105363997354715,0.02,0.9925465441410606,2.2123080470536535e-4,7.370717334983391e-4,0.006457878652111456,3.7274668624291326e-5,0.004769145780842977,0.004106243297688692,0.5022689941630447,0.685456538578223,10,10
11,0.13849046385824723,0.1399709971483963,2.0638560611117915,23.74218146525526,10.60705177895283,1.985030644624604,5.7697845085753214e-5,0.011995139363636362,0.006194551134168019,1.51086457940087,0.9867108086669816,-2.909269379238365,-1.1523798714006714,-3.5104154884288965,1.089298768737161,-0.7563352958184046,-0.02105363997354715,0.02,0.9970415713087716,1.5176958876205504e-4,4.360812631708408e-4,0.0023617549460463482,8.822893249147058e-6,0.0030814112161180467,0.003801228756779137,0.5022689941630447,0.6451489911653164,10,10
12,0.13849046385824723,0.1399709971483963,2.0638560611117915,23.74218146525526,10.60705177895283,1.985030644624604,5.7697845085753214e-5,0.011995139363636362,0.006194551134168019,1.51086457940087,0.9867108086669816,-2.909269379238365,-1.1523798714006714,-3.5104154884288965,1.089298768737161,-0.7563352958184046,-0.02105363997354715,0.02,0.9888910124870282,5.111727664865955e-4,0.0020781207818358267,0.008479799932991743,3.989403165772002e-5,0.0063631593989158,0.0072175539728346425,0.5022689941630447,0.557583377851352,10,10
13,0.13849046385824723,0.1399709971483963,2.0638560611117915,23.74218146525526,10.60705177895283,1.985030644624604,5.7697845085753214e-5,0.011995139363636362,0.006194551134168019,1.51086457940087,0.9867108086669816,-2.909269379238365,-1.1523798714006714,-3.5104154884288965,1.089298768737161,-0.7563352958184046,-0.02105363997354715,0.02,0.9979430600327331,8.049435533753535e-5,2.978350234791293e-4,0.0016757854063967623,2.8251820534422326e-6,0.003209977757355757,0.0011845182294712604,0.5022689941630447,0.6132339960366551,10,10
1,0.13849046385824723,0.1399709971483963,2.0638560611117915,23.74218146525526,10.60705177895283,1.985030644624604,5.7697845085753214e-5,0.01199513936363636,0.00619455113416802,1.51086457940087,0.9867108086669816,-2.909269379238365,-1.1523798714006714,-3.5104154884288965,1.089298768737161,-0.7563352958184046,-0.02105363997354715,0.02,0.30182041888512834,6.207955855627253e-4,0.0049228083585139,0.6058352229018801,0.08680075426891494,0.04985305754926784,0.7153054644371083,0.5022689941630447,1,9,10
2,0.13849046385824723,0.1399709971483963,2.0638560611117915,23.74218146525526,10.60705177895283,1.985030644624604,5.7697845085753214e-5,0.011995139363636362,0.006194551134168019,1.51086457940087,0.9867108086669816,-2.909269379238365,-1.1523798714006714,-3.5104154884288965,1.089298768737161,-0.7563352958184046,-0.02105363997354715,0.02,0.9903630622978581,5.116860283742741e-4,0.0014857290252757401,0.007585980446216897,5.354220227493404e-5,0.009861641669041207,0.009937757844936343,0.5022689941630447,0.9401415357733091,9,10
3,0.13849046385824723,0.1399709971483963,2.0638560611117915,23.74218146525526,10.60705177895283,1.985030644624604,5.7697845085753214e-5,0.011995139363636362,0.006194551134168019,1.51086457940087,0.9867108086669816,-2.909269379238365,-1.1523798714006714,-3.5104154884288965,1.089298768737161,-0.7563352958184046,-0.02105363997354715,0.02,0.9582801170280387,0.0013427419094316643,0.006869338919089611,0.032960997111285306,5.468050321547646e-4,0.017778149758010318,0.016158488132234382,0.5022689941630447,0.9607028556344669,9,10
4,0.13849046385824723,0.1399709971483963,2.0638560611117915,23.74218146525526,10.60705177895283,1.985030644624604,5.7697845085753214e-5,0.011995139363636362,0.006194551134168019,1.51086457940087,0.9867108086669816,-2.909269379238365,-1.1523798714006714,-3.5104154884288965,1.089298768737161,-0.7563352958184046,-0.02105363997354715,0.02,0.9661181118833368,8.483083679780347e-4,0.004414577706397981,0.028120999974177437,4.980020681097756e-4,0.014377241743471526,0.017019123617244104,0.5022689941630447,0.8494472711243855,9,10
5,0.13849046385824723,0.1399709971483963,2.0638560611117915,23.74218146525526,10.60705177895283,1.985030644624604,5.7697845085753214e-5,0.011995139363636362,0.006194551134168019,1.51086457940087,0.9867108086669816,-2.909269379238365,-1.1523798714006714,-3.5104154884288965,1.089298768737161,-0.7563352958184046,-0.02105363997354715,0.02,0.9868132068763602,2.7549048424155905e-4,0.0013777709002577264,0.01139274131397249,1.407904251680896e-4,0.004592759988805789,0.004111144734793193,0.5022689941630447,0.8589278198225219,9,10
6,0.13849046385824723,0.1399709971483963,2.0638560611117915,23.74218146525526,10.60705177895283,1.985030644624604,5.7697845085753214e-5,0.011995139363636362,0.006194551134168019,1.51086457940087,0.9867108086669816,-2.909269379238365,-1.1523798714006714,-3.5104154884288965,1.089298768737161,-0.7563352958184046,-0.02105363997354715,0.02,0.9928426176399083,4.874485913922603e-4,0.0013595969109989657,0.005272578195207099,3.775866249337951e-5,0.007345432220599989,0.00789375185617487,0.5022689941630447,0.8791420991195888,9,10
7,0.13849046385824723,0.1399709971483963,2.0638560611117915,23.74218146525526,10.60705177895283,1.985030644624604,5.7697845085753214e-5,0.011995139363636362,0.006194551134168019,1.51086457940087,0.9867108086669816,-2.909269379238365,-1.1523798714006714,-3.5104154884288965,1.089298768737161,-0.7563352958184046,-0.02105363997354715,0.02,0.9866175608479851,6.608270330829436e-4,0.0023636291451552046,0.01029292878699189,6.505418678488529e-5,0.010893627698401787,0.012890327119329381,0.5022689941630447,0.6583232578419129,9,10
8,0.13849046385824723,0.1399709971483963,2.0638560611117915,23.74218146525526,10.60705177895283,1.985030644624604,5.7697845085753214e-5,0.011995139363636362,0.006194551134168019,1.51086457940087,0.9867108086669816,-2.909269379238365,-1.1523798714006714,-3.5104154884288965,1.089298768737161,-0.7563352958184046,-0.02105363997354715,0.02,0.9811798702786877,5.314390617318408e-4,0.003168803597726921,0.01499802109167922,1.2186597017442281e-4,0.010078992897128759,0.007741884290963319,0.5022689941630447,0.7642025463357665,9,10
9,0.13849046385824723,0.1399709971483963,2.0638560611117915,23.74218146525526,10.60705177895283,1.985030644624604,5.7697845085753214e-5,0.011995139363636362,0.006194551134168019,1.51086457940087,0.9867108086669816,-2.909269379238365,-1.1523798714006714,-3.5104154884288965,1.089298768737161,-0.7563352958184046,-0.02105363997354715,0.02,0.9862407864141767,3.439412476745043e-4,0.0017191469402047018,0.011604010952877405,9.211444506669027e-5,0.010309925081604986,0.009799039264930646,0.5022689941630447,0.6713945124961169,9,10
10,0.13849046385824723,0.1399709971483963,2.0638560611117915,23.74218146525526,10.60705177895283,1.985030644624604,5.7697845085753214e-5,0.011995139363636362,0.006194551134168019,1.51086457940087,0.9867108086669816,-2.909269379238365,-1.1523798714006714,-3.5104154884288965,1.089298768737161,-0.7563352958184046,-0.02105363997354715,0.02,0.9925722351376941,2.1566477428327122e-4,7.339430097533392e-4,0.006441705794273482,3.645128399582375e-5,0.004863291495408232,0.0045616970925691095,0.5022689941630447,0.6793075443584426,9,10
11,0.13849046385824723,0.1399709971483963,2.0638560611117915,23.74218146525526,10.60705177895283,1.985030644624604,5.7697845085753214e-5,0.011995139363636362,0.006194551134168019,1.51086457940087,0.9867108086669816,-2.909269379238365,-1.1523798714006714,-3.5104154884288965,1.089298768737161,-0.7563352958184046,-0.02105363997354715,0.02,0.9970484054312863,1.4637476821045305e-4,4.338475614578579e-4,0.0023627147907959657,8.657448249508248e-6,0.0031728934205597593,0.0033256714773022703,0.5022689941630447,0.6496973695047067,9,10
12,0.13849046385824723,0.1399709971483963,2.0638560611117915,23.74218146525526,10.60705177895283,1.985030644624604,5.7697845085753214e-5,0.011995139363636362,0.006194551134168019,1.51086457940087,0.9867108086669816,-2.909269379238365,-1.1523798714006714,-3.5104154884288965,1.089298768737161,-0.7563352958184046,-0.02105363997354715,0.02,0.988517327568,5.327848118795382e-4,0.00216040946671892,0.008746883490277298,4.259466312419652e-5,0.007727940465995816,0.007041153699105799,0.5022689941630447,0.5976972425944419,9,10
13,0.13849046385824723,0.1399709971483963,2.0638560611117915,23.74218146525526,10.60705177895283,1.985030644624604,5.7697845085753214e-5,0.011995139363636362,0.006194551134168019,1.51086457940087,0.9867108086669816,-2.909269379238365,-1.1523798714006714,-3.5104154884288965,1.089298768737161,-0.7563352958184046,-0.02105363997354715,0.02,0.9980486330718106,8.392873888865354e-5,3.0459769199979583e-4,0.0015603919463884632,2.4485509125747317e-6,0.0034472895819069585,0.004613482357525931,0.5022689941630447,0.4651030434339481,9,10
1,0.13849046385824723,0.1399709971483963,2.0638560611117915,23.74218146525526,10.60705177895283,1.985030644624604,5.7697845085753214e-5,0.01199513936363636,0.00619455113416802,1.51086457940087,0.9867108086669816,-2.909269379238365,-1.1523798714006714,-3.5104154884288965,1.089298768737161,-0.7563352958184046,-0.02105363997354715,0.02,0.30182041888512834,6.207955855627253e-4,0.0049228083585139,0.6058352229018801,0.08680075426891494,0.04985305754926784,0.7153054644371083,0.5022689941630447,1,8,10
2,0.13849046385824723,0.1399709971483963,2.0638560611117915,23.74218146525526,10.60705177895283,1.985030644624604,5.7697845085753214e-5,0.011995139363636362,0.006194551134168019,1.51086457940087,0.9867108086669816,-2.909269379238365,-1.1523798714006714,-3.5104154884288965,1.089298768737161,-0.7563352958184046,-0.02105363997354715,0.02,0.9837345770302367,0.0011482588523103758,0.0037139345004821404,0.011310147499663132,9.308211730768321e-5,0.019559144778943327,0.016749356150760453,0.5022689941630447,0.9422775748568736,8,10
3,0.13849046385824723,0.1399709971483963,2.0638560611117915,23.74218146525526,10.60705177895283,1.985030644624604,5.7697845085753214e-5,0.011995139363636362,0.006194551134168019,1.51086457940087,0.9867108086669816,-2.909269379238365,-1.1523798714006714,-3.5104154884288965,1.089298768737161,-0.7563352958184046,-0.02105363997354715,0.02,0.9577310103720094,0.0014090769299479426,0.006936039227564189,0.0333600057160836,5.638677543949317e-4,0.017026555321700245,0.022599260944791005,0.5022689941630447,0.9342173360401063,8,10
4,0.13849046385824723,0.1399709971483963,2.0638560611117915,23.74218146525526,10.60705177895283,1.985030644624604,5.7697845085753214e-5,0.011995139363636362,0.006194551134168019,1.51086457940087,0.9867108086669816,-2.909269379238365,-1.1523798714006714,-3.5104154884288965,1.089298768737161,-0.7563352958184046,-0.02105363997354715,0.02,0.9663003583886141,8.54456714228699e-4,0.004444555557785676,0.027908234578278995,4.923947610925883e-4,0.020483894216287667,0.017481288047082162,0.5022689941630447,0.8180804804859617,8,10
5,0.13849046385824723,0.1399709971483963,2.0638560611117915,23.74218146525526,10.60705177895283,1.985030644624604,5.7697845085753214e-5,0.011995139363636362,0.006194551134168019,1.51086457940087,0.9867108086669816,-2.909269379238365,-1.1523798714006714,-3.5104154884288965,1.089298768737161,-0.7563352958184046,-0.02105363997354715,0.02,0.9862931791310684,2.9364039783444037e-4,0.0014041218294850908,0.011856506890630248,1.5255175098181545e-4,0.012150864123604775,0.0049396937944822545,0.5022689941630447,0.8242717746391346,8,10
6,0.13849046385824723,0.1399709971483963,2.0638560611117915,23.74218146525526,10.60705177895283,1.985030644624604,5.7697845085753214e-5,0.011995139363636362,0.006194551134168019,1.51086457940087,0.9867108086669816,-2.909269379238365,-1.1523798714006714,-3.5104154884288965,1.089298768737161,-0.7563352958184046,-0.02105363997354715,0.02,0.9927562090382761,4.836838855545121e-4,0.0013464793448320106,0.0053728422056225165,4.0785525714857657e-5,0.006020274853296231,0.006188595142702025,0.5022689941630447,0.7118014772235046,8,10
7,0.13849046385824723,0.1399709971483963,2.0638560611117915,23.74218146525526,10.60705177895283,1.985030644624604,5.7697845085753214e-5,0.011995139363636362,0.006194551134168019,1.51086457940087,0.9867108086669816,-2.909269379238365,-1.1523798714006714,-3.5104154884288965,1.089298768737161,-0.7563352958184046,-0.02105363997354715,0.02,0.9867310457374396,6.009297220286464e-4,0.0023243597999967943,0.010280117161725711,6.35475788092379e-5,0.009079185274963068,0.007403142543563206,0.5022689941630447,0.7922154822818587,8,10
8,0.13849046385824723,0.1399709971483963,2.0638560611117915,23.74218146525526,10.60705177895283,1.985030644624604,5.7697845085753214e-5,0.011995139363636362,0.006194551134168019,1.51086457940087,0.9867108086669816,-2.909269379238365,-1.1523798714006714,-3.5104154884288965,1.089298768737161,-0.7563352958184046,-0.02105363997354715,0.02,0.9808624324288896,5.806021373873288e-4,0.003215985668491862,0.015215314051397087,1.25665713834078e-4,0.0049985366086385515,0.008998157032434001,0.5022689941630447,0.796363092569641,8,10
9,0.13849046385824723,0.1399709971483963,2.0638560611117915,23.74218146525526,10.60705177895283,1.985030644624604,5.7697845085753214e-5,0.011995139363636362,0.006194551134168019,1.51086457940087,0.9867108086669816,-2.909269379238365,-1.1523798714006714,-3.5104154884288965,1.089298768737161,-0.7563352958184046,-0.02105363997354715,0.02,0.98615786377395,3.584201870055605e-4,0.0017467556230160684,0.011642866106440986,9.40943095874236e-5,0.006806928504495088,0.008159215895691173,0.5022689941630447,0.6919927002239163,8,10
10,0.13849046385824723,0.1399709971483963,2.0638560611117915,23.74218146525526,10.60705177895283,1.985030644624604,5.7697845085753214e-5,0.011995139363636362,0.006194551134168019,1.51086457940087,0.9867108086669816,-2.909269379238365,-1.1523798714006714,-3.5104154884288965,1.089298768737161,-0.7563352958184046,-0.02105363997354715,0.02,0.9926876989212103,2.1249489415226647e-4,7.37013779288922e-4,0.006326892514187408,3.589989116108848e-5,0.005259291882944467,0.005592237739440326,0.5022689941630447,0.5858413522014466,8,10
11,0.13849046385824723,0.1399709971483963,2.0638560611117915,23.74218146525526,10.60705177895283,1.985030644624604,5.7697845085753214e-5,0.011995139363636362,0.006194551134168019,1.51086457940087,0.9867108086669816,-2.909269379238365,-1.1523798714006714,-3.5104154884288965,1.089298768737161,-0.7563352958184046,-0.02105363997354715,0.02,0.9971287345013304,1.4451941945943826e-4,4.2976594200398705e-4,0.002288781748103134,8.198389103055706e-6,0.0030310787720909164,0.00309051856298675,0.5022689941630447,0.6630579452644985,8,10
12,0.13849046385824723,0.1399709971483963,2.0638560611117915,23.74218146525526,10.60705177895283,1.985030644624604,5.7697845085753214e-5,0.011995139363636362,0.006194551134168019,1.51086457940087,0.9867108086669816,-2.909269379238365,-1.1523798714006714,-3.5104154884288965,1.089298768737161,-0.7563352958184046,-0.02105363997354715,0.02,0.9882073688804827,5.3856528683982e-4,0.0021945500978562127,0.009015183087673009,4.433264714833075e-5,0.007195056889781722,0.007955551489854374,0.5022689941630447,0.5980911908819779,8,10
13,0.13849046385824723,0.1399709971483963,2.0638560611117915,23.74218146525526,10.60705177895283,1.985030644624604,5.7697845085753214e-5,0.011995139363636362,0.006194551134168019,1.51086457940087,0.9867108086669816,-2.909269379238365,-1.1523798714006714,-3.5104154884288965,1.089298768737161,-0.7563352958184046,-0.02105363997354715,0.02,0.9979660257525027,8.228188757942179e-5,2.94377600017859e-4,0.0016544239535376283,2.890806362439266e-6,0.001652067368934438,0.0021614062514635425,0.5022689941630447,0.3945164063176969,8,10
1,0.13849046385824723,0.1399709971483963,2.0638560611117915,23.74218146525526,10.60705177895283,1.985030644624604,5.7697845085753214e-5,0.01199513936363636,0.00619455113416802,1.51086457940087,0.9867108086669816,-2.909269379238365,-1.1523798714006714,-3.5104154884288965,1.089298768737161,-0.7563352958184046,-0.02105363997354715,0.02,0.30182041888512834,6.207955855627253e-4,0.0049228083585139,0.6058352229018801,0.08680075426891494,0.04985305754926784,0.7153054644371083,0.5022689941630447,1,7,10
2,0.13849046385824723,0.1399709971483963,2.0638560611117915,23.74218146525526,10.60705177895283,1.985030644624604,5.7697845085753214e-5,0.011995139363636362,0.006194551134168019,1.51086457940087,0.9867108086669816,-2.909269379238365,-1.1523798714006714,-3.5104154884288965,1.089298768737161,-0.7563352958184046,-0.02105363997354715,0.02,0.9683304857618175,0.001835869070377797,0.0071816467217156905,0.022321901677492876,3.3009676859618165e-4,0.02418155934490104,0.024631879940515227,0.5022689941630447,0.9316597121826099,7,10
3,0.13849046385824723,0.1399709971483963,2.0638560611117915,23.74218146525526,10.60705177895283,1.985030644624604,5.7697845085753214e-5,0.011995139363636362,0.006194551134168019,1.51086457940087,0.9867108086669816,-2.909269379238365,-1.1523798714006714,-3.5104154884288965,1.089298768737161,-0.7563352958184046,-0.02105363997354715,0.02,0.9582689724751359,0.0013812845541201714,0.006880511603304601,0.03292051057792649,5.487207895129632e-4,0.021665139577152933,0.026044937164032955,0.5022689941630447,0.8669993382149482,7,10
4,0.13849046385824723,0.1399709971483963,2.0638560611117915,23.74218146525526,10.60705177895283,1.985030644624604,5.7697845085753214e-5,0.011995139363636362,0.006194551134168019,1.51086457940087,0.9867108086669816,-2.909269379238365,-1.1523798714006714,-3.5104154884288965,1.089298768737161,-0.7563352958184046,-0.02105363997354715,0.02,0.9662998261151814,8.177421590549256e-4,0.004360382617355768,0.028024377180925587,4.976719274823869e-4,0.011956596944508934,0.015404513018363507,0.5022689941630447,0.9074191613426438,7,10
5,0.13849046385824723,0.1399709971483963,2.0638560611117915,23.74218146525526,10.60705177895283,1.985030644624604,5.7697845085753214e-5,0.011995139363636362,0.006194551134168019,1.51086457940087,0.9867108086669816,-2.909269379238365,-1.1523798714006714,-3.5104154884288965,1.089298768737161,-0.7563352958184046,-0.02105363997354715,0.02,0.986523672158972,2.6383097559656767e-4,0.0014239826217228057,0.011644919446826106,1.435947968825337e-4,0.006749078525708734,0.0044585435282564825,0.5022689941630447,0.7436671527608621,7,10
6,0.13849046385824723,0.1399709971483963,2.0638560611117915,23.74218146525526,10.60705177895283,1.985030644624604,5.7697845085753214e-5,0.011995139363636362,0.006194551134168019,1.51086457940087,0.9867108086669816,-2.909269379238365,-1.1523798714006714,-3.5104154884288965,1.089298768737161,-0.7563352958184046,-0.02105363997354715,0.02,0.992796269635717,4.506757126379841e-4,0.0013327738365522496,0.00537987710718569,4.04037079070762e-5,0.006095159624797666,0.006498118528242566,0.5022689941630447,0.8111450096969535,7,10
7,0.13849046385824723,0.1399709971483963,2.0638560611117915,23.74218146525526,10.60705177895283,1.985030644624604,5.7697845085753214e-5,0.011995139363636362,0.006194551134168019,1.51086457940087,0.9867108086669816,-2.909269379238365,-1.1523798714006714,-3.5104154884288965,1.089298768737161,-0.7563352958184046,-0.02105363997354715,0.02,0.9866428709424672,6.385655538240808e-4,0.0023450709538769357,0.010307983937501078,6.550861233071796e-5,0.010390615340748277,0.009754213284631354,0.5022689941630447,0.8322503981378825,7,10
8,0.13849046385824723,0.1399709971483963,2.0638560611117915,23.74218146525526,10.60705177895283,1.985030644624604,5.7697845085753214e-5,0.011995139363636362,0.006194551134168019,1.51086457940087,0.9867108086669816,-2.909269379238365,-1.1523798714006714,-3.5104154884288965,1.089298768737161,-0.7563352958184046,-0.02105363997354715,0.02,0.9808994010470553,5.33339480386196e-4,0.0032326185573028593,0.015209909122172896,1.2473179308279602e-4,0.012988735057143293,0.010172601213586065,0.5022689941630447,0.7831240445376995,7,10
9,0.13849046385824723,0.1399709971483963,2.0638560611117915,23.74218146525526,10.60705177895283,1.985030644624604,5.7697845085753214e-5,0.011995139363636362,0.006194551134168019,1.51086457940087,0.9867108086669816,-2.909269379238365,-1.1523798714006714,-3.5104154884288965,1.089298768737161,-0.7563352958184046,-0.02105363997354715,0.02,0.986122669326072,4.010034798986529e-4,0.0017455965954252708,0.011636955768360128,9.377483024401576e-5,0.011043566908524476,0.008446270308659909,0.5022689941630447,0.8030593614011713,7,10
10,0.13849046385824723,0.1399709971483963,2.0638560611117915,23.74218146525526,10.60705177895283,1.985030644624604,5.7697845085753214e-5,0.011995139363636362,0.006194551134168019,1.51086457940087,0.9867108086669816,-2.909269379238365,-1.1523798714006714,-3.5104154884288965,1.089298768737161,-0.7563352958184046,-0.02105363997354715,0.02,0.9924868121885925,2.2454964846830463e-4,7.501170638274179e-4,0.00650154585765284,3.697524145893338e-5,0.004646656944943844,0.0062773632720271215,0.5022689941630447,0.6480331614007222,7,10
11,0.13849046385824723,0.1399709971483963,2.0638560611117915,23.74218146525526,10.60705177895283,1.985030644624604,5.7697845085753214e-5,0.011995139363636362,0.006194551134168019,1.51086457940087,0.9867108086669816,-2.909269379238365,-1.1523798714006714,-3.5104154884288965,1.089298768737161,-0.7563352958184046,-0.02105363997354715,0.02,0.9971893867218743,1.4457229806242932e-4,4.274465315944145e-4,0.0022306060719723005,7.988376496564069e-6,0.003085448904515918,0.003084868665030509,0.5022689941630447,0.5578831178006257,7,10
12,0.13849046385824723,0.1399709971483963,2.0638560611117915,23.74218146525526,10.60705177895283,1.985030644624604,5.7697845085753214e-5,0.011995139363636362,0.006194551134168019,1.51086457940087,0.9867108086669816,-2.909269379238365,-1.1523798714006714,-3.5104154884288965,1.089298768737161,-0.7563352958184046,-0.02105363997354715,0.02,0.991471226007192,3.770766752823153e-4,0.0015524353278146535,0.00657460490405309,2.465708565804883e-5,0.005593061684615832,0.00583509877740419,0.5022689941630447,0.44233140420931083,7,10
13,0.13849046385824723,0.1399709971483963,2.0638560611117915,23.74218146525526,10.60705177895283,1.985030644624604,5.7697845085753214e-5,0.011995139363636362,0.006194551134168019,1.51086457940087,0.9867108086669816,-2.909269379238365,-1.1523798714006714,-3.5104154884288965,1.089298768737161,-0.7563352958184046,-0.02105363997354715,0.02,0.9981701324203154,8.314525617261782e-5,2.931745933233202e-4,0.0014515550788502165,1.9926513384599633e-6,0.0017741380684590205,0.002315310881649099,0.5022689941630447,0.3511144606597116,7,10
1,0.13849046385824723,0.1399709971483963,2.0638560611117915,23.74218146525526,10.60705177895283,1.985030644624604,5.7697845085753214e-5,0.01199513936363636,0.00619455113416802,1.51086457940087,0.9867108086669816,-2.909269379238365,-1.1523798714006714,-3.5104154884288965,1.089298768737161,-0.7563352958184046,-0.02105363997354715,0.02,0.30182041888512834,6.207955855627253e-4,0.0049228083585139,0.6058352229018801,0.08680075426891494,0.04985305754926784,0.7153054644371083,0.5022689941630447,1,6,10
2,0.13849046385824723,0.1399709971483963,2.0638560611117915,23.74218146525526,10.60705177895283,1.985030644624604,5.7697845085753214e-5,0.011995139363636362,0.006194551134168019,1.51086457940087,0.9867108086669816,-2.909269379238365,-1.1523798714006714,-3.5104154884288965,1.089298768737161,-0.7563352958184046,-0.02105363997354715,0.02,0.9650079000790619,0.001345508759548194,0.00598693699591155,0.027156710404819432,5.029437606588615e-4,0.01670686435582855,0.020148529409786016,0.5022689941630447,0.9055164208499655,6,10
3,0.13849046385824723,0.1399709971483963,2.0638560611117915,23.74218146525526,10.60705177895283,1.985030644624604,5.7697845085753214e-5,0.011995139363636362,0.006194551134168019,1.51086457940087,0.9867108086669816,-2.909269379238365,-1.1523798714006714,-3.5104154884288965,1.089298768737161,-0.7563352958184046,-0.02105363997354715,0.02,0.9581477557939188,0.0013172910462474108,0.006896375406513765,0.03308455015655204,5.540275967679831e-4,0.02195107350491226,0.018726546733679742,0.5022689941630447,0.8645443921961061,6,10
4,0.13849046385824723,0.1399709971483963,2.0638560611117915,23.74218146525526,10.60705177895283,1.985030644624604,5.7697845085753214e-5,0.011995139363636362,0.006194551134168019,1.51086457940087,0.9867108086669816,-2.909269379238365,-1.1523798714006714,-3.5104154884288965,1.089298768737161,-0.7563352958184046,-0.02105363997354715,0.02,0.9661126984567634,8.196227376080061e-4,0.004423697485357543,0.028152982615945142,4.909987043259454e-4,0.016477692145367952,0.01891670385361768,0.5022689941630447,0.8065879042882032,6,10
5,0.13849046385824723,0.1399709971483963,2.0638560611117915,23.74218146525526,10.60705177895283,1.985030644624604,5.7697845085753214e-5,0.011995139363636362,0.006194551134168019,1.51086457940087,0.9867108086669816,-2.909269379238365,-1.1523798714006714,-3.5104154884288965,1.089298768737161,-0.7563352958184046,-0.02105363997354715,0.02,0.98628765756379,2.6264687689856104e-4,0.0013689899802716047,0.01192738226792368,1.5332331111624016e-4,0.013988415203116467,0.006667947413825199,0.5022689941630447,0.8705794481426051,6,10
6,0.13849046385824723,0.1399709971483963,2.0638560611117915,23.74218146525526,10.60705177895283,1.985030644624604,5.7697845085753214e-5,0.011995139363636362,0.006194551134168019,1.51086457940087,0.9867108086669816,-2.909269379238365,-1.1523798714006714,-3.5104154884288965,1.089298768737161,-0.7563352958184046,-0.02105363997354715,0.02,0.9926155035507073,5.18791029466424e-4,0.0013711178357500632,0.005449961954407019,4.462562966920257e-5,0.007191757206698849,0.007903760076837954,0.5022689941630447,0.8241112917257561,6,10
7,0.13849046385824723,0.1399709971483963,2.0638560611117915,23.74218146525526,10.60705177895283,1.985030644624604,5.7697845085753214e-5,0.011995139363636362,0.006194551134168019,1.51086457940087,0.9867108086669816,-2.909269379238365,-1.1523798714006714,-3.5104154884288965,1.089298768737161,-0.7563352958184046,-0.02105363997354715,0.02,0.9865709104171385,6.541806198798681e-4,0.002362762582892286,0.010346765398225884,6.538098186353258e-5,0.00960900079472357,0.010967228877672909,0.5022689941630447,0.7685932635594861,6,10
8,0.13849046385824723,0.1399709971483963,2.0638560611117915,23.74218146525526,10.60705177895283,1.985030644624604,5.7697845085753214e-5,0.011995139363636362,0.006194551134168019,1.51086457940087,0.9867108086669816,-2.909269379238365,-1.1523798714006714,-3.5104154884288965,1.089298768737161,-0.7563352958184046,-0.02105363997354715,0.02,0.9809651121391312,5.745286361231742e-4,0.003235701621388042,0.015101097379531619,1.2356022382598185e-4,0.00909433154865557,0.010195080324677478,0.5022689941630447,0.73155225981263206,6,10
9,0.13849046385824723,0.1399709971483963,2.0638560611117915,23.74218146525526,10.60705177895283,1.985030644624604,5.7697845085753214e-5,0.011995139363636362,0.006194551134168019,1.51086457940087,0.9867108086669816,-2.909269379238365,-1.1523798714006714,-3.5104154884288965,1.089298768737161,-0.7563352958184046,-0.02105363997354715,0.02,0.9863855335896425,3.512900387533894e-4,0.0017123942382651083,0.011460296527715118,9.048560562394438e-5,0.006944290137059285,0.006309186801599927,0.5022689941630447,0.6704918593637311,6,10
10,0.13849046385824723,0.1399709971483963,2.0638560611117915,23.74218146525526,10.60705177895283,1.985030644624604,5.7697845085753214e-5,0.011995139363636362,0.006194551134168019,1.51086457940087,0.9867108086669816,-2.909269379238365,-1.1523798714006714,-3.5104154884288965,1.089298768737161,-0.7563352958184046,-0.02105363997354715,0.02,0.9925894072967527,2.1528525769911645e-4,7.4114927103508e-4,0.006417402336994403,3.6755837518701895e-5,0.0047714666436183455,0.005168519593108099,0.5022689941630447,0.5741540801417047,6,10
11,0.13849046385824723,0.1399709971483963,2.0638560611117915,23.74218146525526,10.60705177895283,1.985030644624604,5.7697845085753214e-5,0.011995139363636362,0.006194551134168019,1.51086457940087,0.9867108086669816,-2.909269379238365,-1.1523798714006714,-3.5104154884288965,1.089298768737161,-0.7563352958184046,-0.02105363997354715,0.02,0.9970240267856111,1.3485846093725073e-4,4.181355739352656e-4,0.002413750821704358,9.22835781207375e-6,0.0029523593875774535,0.0036073363647925235,0.5022689941630447,0.6343877866781215,6,10
12,0.13849046385824723,0.1399709971483963,2.0638560611117915,23.74218146525526,10.60705177895283,1.985030644624604,5.7697845085753214e-5,0.011995139363636362,0.006194551134168019,1.51086457940087,0.9867108086669816,-2.909269379238365,-1.1523798714006714,-3.5104154884288965,1.089298768737161,-0.7563352958184046,-0.02105363997354715,0.02,0.9892063075315765,4.893850950623547e-4,0.0019984431446067796,0.008267782900969113,3.80813277854009e-5,0.007084588796703327,0.006829100581656135,0.5022689941630447,0.47091887295559764,6,10
13,0.13849046385824723,0.1399709971483963,2.0638560611117915,23.74218146525526,10.60705177895283,1.985030644624604,5.7697845085753214e-5,0.011995139363636362,0.006194551134168019,1.51086457940087,0.9867108086669816,-2.909269379238365,-1.1523798714006714,-3.5104154884288965,1.089298768737161,-0.7563352958184046,-0.02105363997354715,0.02,0.9981737938093931,8.021824052164567e-5,2.983981511473569e-4,0.0014455896210919725,2.000177845992451e-6,0.0022611551604070344,0.001853302704069514,0.5022689941630447,0.35471174177200365,6,10
1,0.13849046385824723,0.1399709971483963,2.0638560611117915,23.74218146525526,10.60705177895283,1.985030644624604,5.7697845085753214e-5,0.01199513936363636,0.00619455113416802,1.51086457940087,0.9867108086669816,-2.909269379238365,-1.1523798714006714,-3.5104154884288965,1.089298768737161,-0.7563352958184046,-0.02105363997354715,0.02,0.30182041888512834,6.207955855627253e-4,0.0049228083585139,0.6058352229018801,0.08680075426891494,0.04985305754926784,0.7153054644371083,0.5022689941630447,1,5,10
2,0.13849046385824723,0.1399709971483963,2.0638560611117915,23.74218146525526,10.60705177895283,1.985030644624604,5.7697845085753214e-5,0.011995139363636362,0.006194551134168019,1.51086457940087,0.9867108086669816,-2.909269379238365,-1.1523798714006714,-3.5104154884288965,1.089298768737161,-0.7563352958184046,-0.02105363997354715,0.02,0.971565118898152,0.0010425459329136619,0.004243708928840508,0.02274230842105874,4.063178190351513e-4,0.016666372264803445,0.016587859200545323,0.5022689941630447,0.8775663393312424,5,10
3,0.13849046385824723,0.1399709971483963,2.0638560611117915,23.74218146525526,10.60705177895283,1.985030644624604,5.7697845085753214e-5,0.011995139363636362,0.006194551134168019,1.51086457940087,0.9867108086669816,-2.909269379238365,-1.1523798714006714,-3.5104154884288965,1.089298768737161,-0.7563352958184046,-0.02105363997354715,0.02,0.9583322940903848,0.0013807059605303056,0.006858487135340612,0.03288242502079429,5.46087792949915e-4,0.0164736228443385,0.017958986612793985,0.5022689941630447,0.880726850695542,5,10
4,0.13849046385824723,0.1399709971483963,2.0638560611117915,23.74218146525526,10.60705177895283,1.985030644624604,5.7697845085753214e-5,0.011995139363636362,0.006194551134168019,1.51086457940087,0.9867108086669816,-2.909269379238365,-1.1523798714006714,-3.5104154884288965,1.089298768737161,-0.7563352958184046,-0.02105363997354715,0.02,0.9666021927386548,8.248029339832269e-4,0.00435944160860336,0.027727437053746733,4.8612566501198803e-4,0.016448367235279836,0.018589569298755458,0.5022689941630447,0.7158575053517438,5,10
5,0.13849046385824723,0.1399709971483963,2.0638560611117915,23.74218146525526,10.60705177895283,1.985030644624604,5.7697845085753214e-5,0.011995139363636362,0.006194551134168019,1.51086457940087,0.9867108086669816,-2.909269379238365,-1.1523798714006714,-3.5104154884288965,1.089298768737161,-0.7563352958184046,-0.02105363997354715,0.02,0.9868525412522904,2.8888724910987134e-4,0.0013992339468359882,0.011320222861599604,1.3911469016423395e-4,0.0031329016470763213,0.0060082502966196365,0.5022689941630447,0.7240795566475946,5,10
6,0.13849046385824723,0.1399709971483963,2.0638560611117915,23.74218146525526,10.60705177895283,1.985030644624604,5.7697845085753214e-5,0.011995139363636362,0.006194551134168019,1.51086457940087,0.9867108086669816,-2.909269379238365,-1.1523798714006714,-3.5104154884288965,1.089298768737161,-0.7563352958184046,-0.02105363997354715,0.02,0.9928281961192009,4.599680713577406e-4,0.0013346443515238383,0.00533800014419974,3.91913137178057e-5,0.005855691542082155,0.007108878900680143,0.5022689941630447,0.7558313372248283,5,10
7,0.13849046385824723,0.1399709971483963,2.0638560611117915,23.74218146525526,10.60705177895283,1.985030644624604,5.7697845085753214e-5,0.011995139363636362,0.006194551134168019,1.51086457940087,0.9867108086669816,-2.909269379238365,-1.1523798714006714,-3.5104154884288965,1.089298768737161,-0.7563352958184046,-0.02105363997354715,0.02,0.9868350383553329,6.304988389626252e-4,0.002326946463471626,0.010145009264279753,6.250707795315691e-5,0.008530231355800685,0.009175630516986624,0.5022689941630447,0.8581076691853172,5,10
8,0.13849046385824723,0.1399709971483963,2.0638560611117915,23.74218146525526,10.60705177895283,1.985030644624604,5.7697845085753214e-5,0.011995139363636362,0.006194551134168019,1.51086457940087,0.9867108086669816,-2.909269379238365,-1.1523798714006714,-3.5104154884288965,1.089298768737161,-0.7563352958184046,-0.02105363997354715,0.02,0.9808060380712428,5.075388027300151e-4,0.003257561579385802,0.01530520951316886,1.2365203347249463e-4,0.016354623032412408,0.007006122137408601,0.5022689941630447,0.7164279111950275,5,10
9,0.13849046385824723,0.1399709971483963,2.0638560611117915,23.74218146525526,10.60705177895283,1.985030644624604,5.7697845085753214e-5,0.011995139363636362,0.006194551134168019,1.51086457940087,0.9867108086669816,-2.909269379238365,-1.1523798714006714,-3.5104154884288965,1.089298768737161,-0.7563352958184046,-0.02105363997354715,0.02,0.9862003690383201,3.599253359398061e-4,0.0017497799255135368,0.011598130861106703,9.179483911991648e-5,0.006723579725551235,0.007293394851353577,0.5022689941630447,0.6418158579231207,5,10
10,0.13849046385824723,0.1399709971483963,2.0638560611117915,23.74218146525526,10.60705177895283,1.985030644624604,5.7697845085753214e-5,0.011995139363636362,0.006194551134168019,1.51086457940087,0.9867108086669816,-2.909269379238365,-1.1523798714006714,-3.5104154884288965,1.089298768737161,-0.7563352958184046,-0.02105363997354715,0.02,0.992705514037779,2.1034855721771144e-4,7.421514236150301e-4,0.00630693358628017,3.505239510809531e-5,0.005192565964850797,0.00458761734482212,0.5022689941630447,0.6252754467184246,5,10
11,0.13849046385824723,0.1399709971483963,2.0638560611117915,23.74218146525526,10.60705177895283,1.985030644624604,5.7697845085753214e-5,0.011995139363636362,0.006194551134168019,1.51086457940087,0.9867108086669816,-2.909269379238365,-1.1523798714006714,-3.5104154884288965,1.089298768737161,-0.7563352958184046,-0.02105363997354715,0.02,0.9969340892938637,1.470788866444531e-4,4.3588967499072294e-4,0.0024738027135964118,9.139430904621507e-6,0.0022984305963074446,0.003060711891658975,0.5022689941630447,0.6504014815464917,5,10
12,0.13849046385824723,0.1399709971483963,2.0638560611117915,23.74218146525526,10.60705177895283,1.985030644624604,5.7697845085753214e-5,0.011995139363636362,0.006194551134168019,1.51086457940087,0.9867108086669816,-2.909269379238365,-1.1523798714006714,-3.5104154884288965,1.089298768737161,-0.7563352958184046,-0.02105363997354715,0.02,0.9885155476336563,5.219231816431767e-4,0.0021426854267148684,0.008777486209419655,4.2357548565989354e-5,0.006824520046480562,0.007565902661448346,0.5022689941630447,0.47356781739727205,5,10
13,0.13849046385824723,0.1399709971483963,2.0638560611117915,23.74218146525526,10.60705177895283,1.985030644624604,5.7697845085753214e-5,0.011995139363636362,0.006194551134168019,1.51086457940087,0.9867108086669816,-2.909269379238365,-1.1523798714006714,-3.5104154884288965,1.089298768737161,-0.7563352958184046,-0.02105363997354715,0.02,0.998207083115229,7.839625840250055e-5,2.943931763258081e-4,0.001418263908851253,1.8635411914823258e-6,0.0021433066933337435,0.0032422844361805715,0.5022689941630447,0.3059204124820276,5,10
1,0.13849046385824723,0.1399709971483963,2.0638560611117915,23.74218146525526,10.60705177895283,1.985030644624604,5.7697845085753214e-5,0.01199513936363636,0.00619455113416802,1.51086457940087,0.9867108086669816,-2.909269379238365,-1.1523798714006714,-3.5104154884288965,1.089298768737161,-0.7563352958184046,-0.02105363997354715,0.02,0.30182041888512834,6.207955855627253e-4,0.0049228083585139,0.6058352229018801,0.08680075426891494,0.04985305754926784,0.7153054644371083,0.5022689941630447,1,4,10
2,0.13849046385824723,0.1399709971483963,2.0638560611117915,23.74218146525526,10.60705177895283,1.985030644624604,5.7697845085753214e-5,0.011995139363636362,0.006194551134168019,1.51086457940087,0.9867108086669816,-2.909269379238365,-1.1523798714006714,-3.5104154884288965,1.089298768737161,-0.7563352958184046,-0.02105363997354715,0.02,0.9727513057061508,9.923102120035785e-4,0.004237511781857745,0.02170412899532351,3.147433046643824e-4,0.014808768327016945,0.013223274621128368,0.5022689941630447,0.9085348461248307,4,10
3,0.13849046385824723,0.1399709971483963,2.0638560611117915,23.74218146525526,10.60705177895283,1.985030644624604,5.7697845085753214e-5,0.011995139363636362,0.006194551134168019,1.51086457940087,0.9867108086669816,-2.909269379238365,-1.1523798714006714,-3.5104154884288965,1.089298768737161,-0.7563352958184046,-0.02105363997354715,0.02,0.9582716921069458,0.001391715329587601,0.006899389033546659,0.032888440797274585,5.487627326452382e-4,0.021735636463399863,0.017906392442341205,0.5022689941630447,0.8652155099096196,4,10
4,0.13849046385824723,0.1399709971483963,2.0638560611117915,23.74218146525526,10.60705177895283,1.985030644624604,5.7697845085753214e-5,0.011995139363636362,0.006194551134168019,1.51086457940087,0.9867108086669816,-2.909269379238365,-1.1523798714006714,-3.5104154884288965,1.089298768737161,-0.7563352958184046,-0.02105363997354715,0.02,0.9665287416991447,7.89345174961039e-4,0.0043709480072507976,0.027823115725053752,4.878493935898116e-4,0.012794092303653153,0.015937746267744572,0.5022689941630447,0.868890578662646,4,10
5,0.13849046385824723,0.1399709971483963,2.0638560611117915,23.74218146525526,10.60705177895283,1.985030644624604,5.7697845085753214e-5,0.011995139363636362,0.006194551134168019,1.51086457940087,0.9867108086669816,-2.909269379238365,-1.1523798714006714,-3.5104154884288965,1.089298768737161,-0.7563352958184046,-0.02105363997354715,0.02,0.9864094476913831,2.736941401130476e-4,0.001350328610190048,0.011814161886661177,1.523676716527547e-4,0.003502014520705023,0.00374435170020396,0.5022689941630447,0.8227130163048529,4,10
6,0.13849046385824723,0.1399709971483963,2.0638560611117915,23.74218146525526,10.60705177895283,1.985030644624604,5.7697845085753214e-5,0.011995139363636362,0.006194551134168019,1.51086457940087,0.9867108086669816,-2.909269379238365,-1.1523798714006714,-3.5104154884288965,1.089298768737161,-0.7563352958184046,-0.02105363997354715,0.02,0.9929201838965954,4.901014351508355e-4,0.0013508768657055693,0.005201152854091559,3.768494845668046e-5,0.006468768412771669,0.008009461816096504,0.5022689941630447,0.8153529491842099,4,10
7,0.13849046385824723,0.1399709971483963,2.0638560611117915,23.74218146525526,10.60705177895283,1.985030644624604,5.7697845085753214e-5,0.011995139363636362,0.006194551134168019,1.51086457940087,0.9867108086669816,-2.909269379238365,-1.1523798714006714,-3.5104154884288965,1.089298768737161,-0.7563352958184046,-0.02105363997354715,0.02,0.9866032266919845,6.500603561586918e-4,0.002360718222482395,0.010321349670813567,6.46450585608676e-5,0.010937186416317966,0.01089154795388594,0.5022689941630447,0.731232266827007,4,10
8,0.13849046385824723,0.1399709971483963,2.0638560611117915,23.74218146525526,10.60705177895283,1.985030644624604,5.7697845085753214e-5,0.011995139363636362,0.006194551134168019,1.51086457940087,0.9867108086669816,-2.909269379238365,-1.1523798714006714,-3.5104154884288965,1.089298768737161,-0.7563352958184046,-0.02105363997354715,0.02,0.9809525083776566,5.565440605678823e-4,0.003243048374709748,0.015123390925963983,1.2450826110179959e-4,0.007777206127067843,0.012422384443107354,0.5022689941630447,0.6673972059660536,4,10
9,0.13849046385824723,0.1399709971483963,2.0638560611117915,23.74218146525526,10.60705177895283,1.985030644624604,5.7697845085753214e-5,0.011995139363636362,0.006194551134168019,1.51086457940087,0.9867108086669816,-2.909269379238365,-1.1523798714006714,-3.5104154884288965,1.089298768737161,-0.7563352958184046,-0.02105363997354715,0.02,0.9864181315718781,3.303355727984828e-4,0.0017180454995972838,0.011444892712927913,8.85946427981902e-5,0.005500579648040602,0.005488681650460935,0.5022689941630447,0.6581094121299121,4,10
10,0.13849046385824723,0.1399709971483963,2.0638560611117915,23.74218146525526,10.60705177895283,1.985030644624604,5.7697845085753214e-5,0.011995139363636362,0.006194551134168019,1.51086457940087,0.9867108086669816,-2.909269379238365,-1.1523798714006714,-3.5104154884288965,1.089298768737161,-0.7563352958184046,-0.02105363997354715,0.02,0.9923610656580579,2.1712371818642152e-4,7.51151318322887e-4,0.00663156140981525,3.9097895617602686e-5,0.004526619306430437,0.004750811676089014,0.5022689941630447,0.5959078925780306,4,10
11,0.13849046385824723,0.1399709971483963,2.0638560611117915,23.74218146525526,10.60705177895283,1.985030644624604,5.7697845085753214e-5,0.011995139363636362,0.006194551134168019,1.51086457940087,0.9867108086669816,-2.909269379238365,-1.1523798714006714,-3.5104154884288965,1.089298768737161,-0.7563352958184046,-0.02105363997354715,0.02,0.997072936156746,1.384470556031285e-4,4.2081133531916457e-4,0.0023589937657754537,8.811686556270044e-6,0.002334453361729025,0.0026327960372827756,0.5022689941630447,0.47524591614363687,4,10
12,0.13849046385824723,0.1399709971483963,2.0638560611117915,23.74218146525526,10.60705177895283,1.985030644624604,5.7697845085753214e-5,0.011995139363636362,0.006194551134168019,1.51086457940087,0.9867108086669816,-2.909269379238365,-1.1523798714006714,-3.5104154884288965,1.089298768737161,-0.7563352958184046,-0.02105363997354715,0.02,0.993682138721794,2.7387290504619406e-4,0.001135364927013612,0.004894564247230084,1.4059198916142212e-5,0.004367799972068043,0.004165982370416169,0.5022689941630447,0.35897392525961747,4,10
13,0.13849046385824723,0.1399709971483963,2.0638560611117915,23.74218146525526,10.60705177895283,1.985030644624604,5.7697845085753214e-5,0.011995139363636362,0.006194551134168019,1.51086457940087,0.9867108086669816,-2.909269379238365,-1.1523798714006714,-3.5104154884288965,1.089298768737161,-0.7563352958184046,-0.02105363997354715,0.02,0.9983235426295183,6.88866786982802e-5,2.757243924073946e-4,0.0013303288329814986,1.517466394552655e-6,0.002992173424516504,0.0014634673018615817,0.5022689941630447,0.23650967664276418,4,10
1,0.13849046385824723,0.1399709971483963,2.0638560611117915,23.74218146525526,10.60705177895283,1.985030644624604,5.7697845085753214e-5,0.01199513936363636,0.00619455113416802,1.51086457940087,0.9867108086669816,-2.909269379238365,-1.1523798714006714,-3.5104154884288965,1.089298768737161,-0.7563352958184046,-0.02105363997354715,0.02,0.30182041888512834,6.207955855627253e-4,0.0049228083585139,0.6058352229018801,0.08680075426891494,0.04985305754926784,0.7153054644371083,0.5022689941630447,1,3,10
2,0.13849046385824723,0.1399709971483963,2.0638560611117915,23.74218146525526,10.60705177895283,1.985030644624604,5.7697845085753214e-5,0.011995139363636362,0.006194551134168019,1.51086457940087,0.9867108086669816,-2.909269379238365,-1.1523798714006714,-3.5104154884288965,1.089298768737161,-0.7563352958184046,-0.02105363997354715,0.02,0.9815405924835561,5.581551660536453e-4,0.002305331521342665,0.015416800636201811,1.7912019284584024e-4,0.02095896039105526,0.013339063402646848,0.5022689941630447,0.9515069744870811,3,10
3,0.13849046385824723,0.1399709971483963,2.0638560611117915,23.74218146525526,10.60705177895283,1.985030644624604,5.7697845085753214e-5,0.011995139363636362,0.006194551134168019,1.51086457940087,0.9867108086669816,-2.909269379238365,-1.1523798714006714,-3.5104154884288965,1.089298768737161,-0.7563352958184046,-0.02105363997354715,0.02,0.9580385183431168,0.0013978568784757568,0.006952544662224247,0.033056447510726096,5.546326054571447e-4,0.018691412419273957,0.017538815910102406,0.5022689941630447,0.8566161448261088,3,10
4,0.13849046385824723,0.1399709971483963,2.0638560611117915,23.74218146525526,10.60705177895283,1.985030644624604,5.7697845085753214e-5,0.011995139363636362,0.006194551134168019,1.51086457940087,0.9867108086669816,-2.909269379238365,-1.1523798714006714,-3.5104154884288965,1.089298768737161,-0.7563352958184046,-0.02105363997354715,0.02,0.9664908711922916,8.141568483440489e-4,0.0043714911100442375,0.027826069597047396,4.974112522728436e-4,0.01390515898053196,0.013011129036657413,0.5022689941630447,0.7145147208277884,3,10
5,0.13849046385824723,0.1399709971483963,2.0638560611117915,23.74218146525526,10.60705177895283,1.985030644624604,5.7697845085753214e-5,0.011995139363636362,0.006194551134168019,1.51086457940087,0.9867108086669816,-2.909269379238365,-1.1523798714006714,-3.5104154884288965,1.089298768737161,-0.7563352958184046,-0.02105363997354715,0.02,0.9866659982266651,2.0430693735651006e-4,0.0013259803255454856,0.011656250096606873,1.4746441382594292e-4,0.005700808501690268,0.006799852985288334,0.5022689941630447,0.727446861130102,3,10
6,0.13849046385824723,0.1399709971483963,2.0638560611117915,23.74218146525526,10.60705177895283,1.985030644624604,5.7697845085753214e-5,0.011995139363636362,0.006194551134168019,1.51086457940087,0.9867108086669816,-2.909269379238365,-1.1523798714006714,-3.5104154884288965,1.089298768737161,-0.7563352958184046,-0.02105363997354715,0.02,0.9929830479105872,4.5983955954866443e-4,0.001329221084817665,0.005193870223638144,3.402122140830342e-5,0.005561744807368624,0.005891304232324456,0.5022689941630447,0.795513516622106,3,10
7,0.13849046385824723,0.1399709971483963,2.0638560611117915,23.74218146525526,10.60705177895283,1.985030644624604,5.7697845085753214e-5,0.011995139363636362,0.006194551134168019,1.51086457940087,0.9867108086669816,-2.909269379238365,-1.1523798714006714,-3.5104154884288965,1.089298768737161,-0.7563352958184046,-0.02105363997354715,0.02,0.9867608188241923,6.425353358653806e-4,0.0023432335849392855,0.010192160046567367,6.125220843580163e-5,0.00973586314810236,0.00866252991317026,0.5022689941630447,0.7612321088626267,3,10
8,0.13849046385824723,0.1399709971483963,2.0638560611117915,23.74218146525526,10.60705177895283,1.985030644624604,5.7697845085753214e-5,0.011995139363636362,0.006194551134168019,1.51086457940087,0.9867108086669816,-2.909269379238365,-1.1523798714006714,-3.5104154884288965,1.089298768737161,-0.7563352958184046,-0.02105363997354715,0.02,0.9807009989314073,5.51268065551405e-4,0.003236276582341664,0.015384443322981027,1.2701309771861799e-4,0.012757721873003142,0.009434660107207449,0.5022689941630447,0.7311056480621878,3,10
9,0.13849046385824723,0.1399709971483963,2.0638560611117915,23.74218146525526,10.60705177895283,1.985030644624604,5.7697845085753214e-5,0.011995139363636362,0.006194551134168019,1.51086457940087,0.9867108086669816,-2.909269379238365,-1.1523798714006714,-3.5104154884288965,1.089298768737161,-0.7563352958184046,-0.02105363997354715,0.02,0.9863176629174036,3.604030879930734e-4,0.0017237785950375555,0.011506049835523184,9.21055640425779e-5,0.008521471864263304,0.009031686666825451,0.5022689941630447,0.6375372877896078,3,10
10,0.13849046385824723,0.1399709971483963,2.0638560611117915,23.74218146525526,10.60705177895283,1.985030644624604,5.7697845085753214e-5,0.011995139363636362,0.006194551134168019,1.51086457940087,0.9867108086669816,-2.909269379238365,-1.1523798714006714,-3.5104154884288965,1.089298768737161,-0.7563352958184046,-0.02105363997354715,0.02,0.9925887243903234,2.1154681567521214e-4,7.399572661662718e-4,0.0064230955242681135,3.6676003566983574e-5,0.004450961139000251,0.004357768596852082,0.5022689941630447,0.5612045824615279,3,10
11,0.13849046385824723,0.1399709971483963,2.0638560611117915,23.74218146525526,10.60705177895283,1.985030644624604,5.7697845085753214e-5,0.011995139363636362,0.006194551134168019,1.51086457940087,0.9867108086669816,-2.909269379238365,-1.1523798714006714,-3.5104154884288965,1.089298768737161,-0.7563352958184046,-0.02105363997354715,0.02,0.9970932755925784,1.3601458417718685e-4,4.2094922501647626e-4,0.0023415916139179985,8.168984309850592e-6,0.002641318082877253,0.0030427255170167333,0.5022689941630447,0.5252530506133412,3,10
12,0.13849046385824723,0.1399709971483963,2.0638560611117915,23.74218146525526,10.60705177895283,1.985030644624604,5.7697845085753214e-5,0.011995139363636362,0.006194551134168019,1.51086457940087,0.9867108086669816,-2.909269379238365,-1.1523798714006714,-3.5104154884288965,1.089298768737161,-0.7563352958184046,-0.02105363997354715,0.02,0.9924693491832862,3.333846828206469e-4,0.0013706713008435898,0.005807538734498158,1.905609855142128e-5,0.004173131909703532,0.005358100543636939,0.5022689941630447,0.2371299605505221,3,10
13,0.13849046385824723,0.1399709971483963,2.0638560611117915,23.74218146525526,10.60705177895283,1.985030644624604,5.7697845085753214e-5,0.011995139363636362,0.006194551134168019,1.51086457940087,0.9867108086669816,-2.909269379238365,-1.1523798714006714,-3.5104154884288965,1.089298768737161,-0.7563352958184046,-0.02105363997354715,0.02,0.9985145155016721,5.7477655516164426e-5,2.6099658875505165e-4,0.0011659966223924146,1.0136316644354804e-6,9.273145518771144e-4,0.0010957726003041376,0.5022689941630447,0.2115191011115182,3,10
1,0.13849046385824723,0.1399709971483963,2.0638560611117915,23.74218146525526,10.60705177895283,1.985030644624604,5.7697845085753214e-5,0.01199513936363636,0.00619455113416802,1.51086457940087,0.9867108086669816,-2.909269379238365,-1.1523798714006714,-3.5104154884288965,1.089298768737161,-0.7563352958184046,-0.02105363997354715,0.02,0.30182041888512834,6.207955855627253e-4,0.0049228083585139,0.6058352229018801,0.08680075426891494,0.04985305754926784,0.7153054644371083,0.5022689941630447,1,2,10
2,0.13849046385824723,0.1399709971483963,2.0638560611117915,23.74218146525526,10.60705177895283,1.985030644624604,5.7697845085753214e-5,0.011995139363636362,0.006194551134168019,1.51086457940087,0.9867108086669816,-2.909269379238365,-1.1523798714006714,-3.5104154884288965,1.089298768737161,-0.7563352958184046,-0.02105363997354715,0.02,0.9862103191889651,7.574769290006292e-4,0.0026762817659455995,0.010258406072033979,9.751604405478153e-5,0.011255388420938107,0.013326664203443308,0.5022689941630447,0.9564224495346594,2,10
3,0.13849046385824723,0.1399709971483963,2.0638560611117915,23.74218146525526,10.60705177895283,1.985030644624604,5.7697845085753214e-5,0.011995139363636362,0.006194551134168019,1.51086457940087,0.9867108086669816,-2.909269379238365,-1.1523798714006714,-3.5104154884288965,1.089298768737161,-0.7563352958184046,-0.02105363997354715,0.02,0.9581179180371237,0.0013988184983522206,0.006911337046750416,0.03301990940415341,5.520170136203669e-4,0.019583110039243342,0.02222421890838246,0.5022689941630447,0.9184906058931677,2,10
4,0.13849046385824723,0.1399709971483963,2.0638560611117915,23.74218146525526,10.60705177895283,1.985030644624604,5.7697845085753214e-5,0.011995139363636362,0.006194551134168019,1.51086457940087,0.9867108086669816,-2.909269379238365,-1.1523798714006714,-3.5104154884288965,1.089298768737161,-0.7563352958184046,-0.02105363997354715,0.02,0.9657982030530426,8.177625490251684e-4,0.004403136184352724,0.028443712249897495,5.371859636819887e-4,0.014212259539273082,0.018765586711160704,0.5022689941630447,0.8115095456443508,2,10
5,0.13849046385824723,0.1399709971483963,2.0638560611117915,23.74218146525526,10.60705177895283,1.985030644624604,5.7697845085753214e-5,0.011995139363636362,0.006194551134168019,1.51086457940087,0.9867108086669816,-2.909269379238365,-1.1523798714006714,-3.5104154884288965,1.089298768737161,-0.7563352958184046,-0.02105363997354715,0.02,0.9872854248532844,2.951885087926027e-4,0.001310136047694906,0.0109800218995706,1.2922869065745175e-4,0.00882904625130254,0.010872805635975192,0.5022689941630447,0.6372600705562674,2,10
6,0.13849046385824723,0.1399709971483963,2.0638560611117915,23.74218146525526,10.60705177895283,1.985030644624604,5.7697845085753214e-5,0.011995139363636362,0.006194551134168019,1.51086457940087,0.9867108086669816,-2.909269379238365,-1.1523798714006714,-3.5104154884288965,1.089298768737161,-0.7563352958184046,-0.02105363997354715,0.02,0.9932924123560096,4.36935979675021e-4,0.0013095354771640727,0.004935264490411868,2.5851696739539558e-5,0.005382219615579445,0.0065867047648569595,0.5022689941630447,0.7375068968996812,2,10
7,0.13849046385824723,0.1399709971483963,2.0638560611117915,23.74218146525526,10.60705177895283,1.985030644624604,5.7697845085753214e-5,0.011995139363636362,0.006194551134168019,1.51086457940087,0.9867108086669816,-2.909269379238365,-1.1523798714006714,-3.5104154884288965,1.089298768737161,-0.7563352958184046,-0.02105363997354715,0.02,0.9871133841692818,6.005379898906335e-4,0.002313013242789786,0.009916952621780864,5.6111976256868266e-5,0.009521992203699828,0.00900683170580224,0.5022689941630447,0.8064920764822296,2,10
8,0.13849046385824723,0.1399709971483963,2.0638560611117915,23.74218146525526,10.60705177895283,1.985030644624604,5.7697845085753214e-5,0.011995139363636362,0.006194551134168019,1.51086457940087,0.9867108086669816,-2.909269379238365,-1.1523798714006714,-3.5104154884288965,1.089298768737161,-0.7563352958184046,-0.02105363997354715,0.02,0.9809436582779028,5.501805203716587e-4,0.0032573882077201154,0.015123078950718809,1.2569404328665758e-4,0.011821720090070648,0.012722050784591911,0.5022689941630447,0.7001832526011755,2,10
9,0.13849046385824723,0.1399709971483963,2.0638560611117915,23.74218146525526,10.60705177895283,1.985030644624604,5.7697845085753214e-5,0.011995139363636362,0.006194551134168019,1.51086457940087,0.9867108086669816,-2.909269379238365,-1.1523798714006714,-3.5104154884288965,1.089298768737161,-0.7563352958184046,-0.02105363997354715,0.02,0.9860885344245532,3.564058190263629e-4,0.00173708704733717,0.01171946881859398,9.850389048919158e-5,0.009122656122101218,0.005358739571000144,0.5022689941630447,0.5778737064959987,2,10
10,0.13849046385824723,0.1399709971483963,2.0638560611117915,23.74218146525526,10.60705177895283,1.985030644624604,5.7697845085753214e-5,0.011995139363636362,0.006194551134168019,1.51086457940087,0.9867108086669816,-2.909269379238365,-1.1523798714006714,-3.5104154884288965,1.089298768737161,-0.7563352958184046,-0.02105363997354715,0.02,0.9929665548101023,1.9455715424692682e-4,7.157275900743857e-4,0.006091773062637381,3.138738293892493e-5,0.0036182816177540962,0.004476783660394386,0.5022689941630447,0.494350550592158,2,10
11,0.13849046385824723,0.1399709971483963,2.0638560611117915,23.74218146525526,10.60705177895283,1.985030644624604,5.7697845085753214e-5,0.011995139363636362,0.006194551134168019,1.51086457940087,0.9867108086669816,-2.909269379238365,-1.1523798714006714,-3.5104154884288965,1.089298768737161,-0.7563352958184046,-0.02105363997354715,0.02,0.9971847334438038,1.306319496884535e-4,4.1811315293134577e-4,0.002260018225620222,6.503227956189715e-6,0.0023084840539996246,0.0022668168609405676,0.5022689941630447,0.4189850366250704,2,10
12,0.13849046385824723,0.1399709971483963,2.0638560611117915,23.74218146525526,10.60705177895283,1.985030644624604,5.7697845085753214e-5,0.011995139363636362,0.006194551134168019,1.51086457940087,0.9867108086669816,-2.909269379238365,-1.1523798714006714,-3.5104154884288965,1.089298768737161,-0.7563352958184046,-0.02105363997354715,0.02,0.994946746411584,2.2273410914430277e-4,9.119120354295102e-4,0.003909729395728365,8.878048113880876e-6,0.0032785478750438296,0.0032720709254968183,0.5022689941630447,0.18933733186405347,2,10
13,0.13849046385824723,0.1399709971483963,2.0638560611117915,23.74218146525526,10.60705177895283,1.985030644624604,5.7697845085753214e-5,0.011995139363636362,0.006194551134168019,1.51086457940087,0.9867108086669816,-2.909269379238365,-1.1523798714006714,-3.5104154884288965,1.089298768737161,-0.7563352958184046,-0.02105363997354715,0.02,0.9985891973267886,5.0016372520144143e-5,2.4201552217929386e-4,0.001117738813337481,1.0319651745497243e-6,6.572581561093893e-4,9.910817706793311e-4,0.5022689941630447,0.2246052237469502,2,10
